Order_ID,Order_Date,Food_Item,Quantity,Category,Unit_Price,Total_Amount,Day,Meal_Time,Customer_Type,Preparation_Quantity,Wasted_Quantity,Month,Year,Month_Number,Day_Number,Day_of_Week_Number,Is_Weekend
1,2025-01-01 00:00:00.000000000,Veg Biryani,5,Vegetarian,130,650,Wednesday,Breakfast,New,8,3,January,2025,1,1,2,0
2,2025-01-01 01:44:51.178235647,Chicken 65,2,Chicken,140,280,Wednesday,Dinner,New,2,0,January,2025,1,1,2,0
3,2025-01-01 03:29:42.356471294,Paneer Butter Masala,4,Vegetarian,170,680,Wednesday,Dinner,New,5,1,January,2025,1,1,2,0
4,2025-01-01 05:14:33.534706941,Fried Rice,1,Vegetarian,120,120,Wednesday,Breakfast,Regular,3,2,January,2025,1,1,2,0
5,2025-01-01 06:59:24.712942588,Parotta,3,Vegetarian,60,180,Wednesday,Breakfast,Regular,4,1,January,2025,1,1,2,0
6,2025-01-01 08:44:15.891178235,Paneer Butter Masala,2,Vegetarian,170,340,Wednesday,Breakfast,Regular,2,0,January,2025,1,1,2,0
7,2025-01-01 10:29:07.069413882,Chicken Grill,3,Chicken,220,660,Wednesday,Dinner,Regular,6,3,January,2025,1,1,2,0
8,2025-01-01 12:13:58.247649529,Veg Biryani,1,Vegetarian,130,130,Wednesday,Breakfast,New,4,3,January,2025,1,1,2,0
9,2025-01-01 13:58:49.425885177,Idli,1,Vegetarian,40,40,Wednesday,Lunch,Regular,1,0,January,2025,1,1,2,0
10,2025-01-01 15:43:40.604120824,Chicken Noodles,5,Chicken,150,750,Wednesday,Lunch,Regular,6,1,January,2025,1,1,2,0
11,2025-01-01 17:28:31.782356471,Veg Biryani,1,Vegetarian,130,130,Wednesday,Lunch,New,4,3,January,2025,1,1,2,0
12,2025-01-01 19:13:22.960592118,Fried Rice,3,Vegetarian,120,360,Wednesday,Breakfast,Regular,5,2,January,2025,1,1,2,0
13,2025-01-01 20:58:14.138827765,Fried Rice,4,Vegetarian,120,480,Wednesday,Lunch,New,5,1,January,2025,1,1,2,0
14,2025-01-01 22:43:05.317063412,Parotta,4,Vegetarian,60,240,Wednesday,Dinner,Regular,5,1,January,2025,1,1,2,0
15,2025-01-02 00:27:56.495299059,Chicken Grill,5,Chicken,220,1100,Thursday,Dinner,Regular,7,2,January,2025,1,2,3,0
16,2025-01-02 02:12:47.673534706,Chicken 65,3,Chicken,140,420,Thursday,Dinner,Regular,3,0,January,2025,1,2,3,0
17,2025-01-02 03:57:38.851770354,Parotta,3,Vegetarian,60,180,Thursday,Breakfast,Regular,6,3,January,2025,1,2,3,0
18,2025-01-02 05:42:30.030006001,Parotta,1,Vegetarian,60,60,Thursday,Lunch,New,2,1,January,2025,1,2,3,0
19,2025-01-02 07:27:21.208241648,Chicken Noodles,3,Chicken,150,450,Thursday,Dinner,Regular,6,3,January,2025,1,2,3,0
20,2025-01-02 09:12:12.386477295,Mutton Biryani,2,Mutton,240,480,Thursday,Lunch,Regular,5,3,January,2025,1,2,3,0
21,2025-01-02 10:57:03.564712942,Chicken Grill,1,Chicken,220,220,Thursday,Dinner,Regular,2,1,January,2025,1,2,3,0
22,2025-01-02 12:41:54.742948589,Chicken Fried Rice,2,Chicken,160,320,Thursday,Dinner,Regular,2,0,January,2025,1,2,3,0
23,2025-01-02 14:26:45.921184236,Parotta,5,Vegetarian,60,300,Thursday,Breakfast,Regular,6,1,January,2025,1,2,3,0
24,2025-01-02 16:11:37.099419884,Noodles,4,Vegetarian,110,440,Thursday,Dinner,New,4,0,January,2025,1,2,3,0
25,2025-01-02 17:56:28.277655531,Veg Meals,5,Vegetarian,100,500,Thursday,Dinner,Regular,7,2,January,2025,1,2,3,0
26,2025-01-02 19:41:19.455891178,Mutton Biryani,4,Mutton,240,960,Thursday,Breakfast,Regular,4,0,January,2025,1,2,3,0
27,2025-01-02 21:26:10.634126825,Chicken Fried Rice,5,Chicken,160,800,Thursday,Lunch,Regular,5,0,January,2025,1,2,3,0
28,2025-01-02 23:11:01.812362472,Noodles,3,Vegetarian,110,330,Thursday,Lunch,New,4,1,January,2025,1,2,3,0
29,2025-01-03 00:55:52.990598119,Chicken Grill,2,Chicken,220,440,Friday,Lunch,New,5,3,January,2025,1,3,4,0
30,2025-01-03 02:40:44.168833766,Chicken Biryani,4,Chicken,180,720,Friday,Breakfast,New,7,3,January,2025,1,3,4,0
31,2025-01-03 04:25:35.347069413,Noodles,1,Vegetarian,110,110,Friday,Lunch,Regular,1,0,January,2025,1,3,4,0
32,2025-01-03 06:10:26.525305061,Idli,2,Vegetarian,40,80,Friday,Dinner,Regular,2,0,January,2025,1,3,4,0
33,2025-01-03 07:55:17.703540708,Mutton Biryani,1,Mutton,240,240,Friday,Lunch,Regular,2,1,January,2025,1,3,4,0
34,2025-01-03 09:40:08.881776355,Paneer Butter Masala,2,Vegetarian,170,340,Friday,Breakfast,Regular,2,0,January,2025,1,3,4,0
35,2025-01-03 11:25:00.060012002,Noodles,2,Vegetarian,110,220,Friday,Dinner,New,3,1,January,2025,1,3,4,0
36,2025-01-03 13:09:51.238247649,Dosa,5,Vegetarian,50,250,Friday,Lunch,Regular,7,2,January,2025,1,3,4,0
37,2025-01-03 14:54:42.416483296,Chicken Biryani,4,Chicken,180,720,Friday,Dinner,Regular,4,0,January,2025,1,3,4,0
38,2025-01-03 16:39:33.594718943,Fried Rice,4,Vegetarian,120,480,Friday,Lunch,Regular,6,2,January,2025,1,3,4,0
39,2025-01-03 18:24:24.772954590,Fried Rice,2,Vegetarian,120,240,Friday,Breakfast,Regular,2,0,January,2025,1,3,4,0
40,2025-01-03 20:09:15.951190238,Idli,3,Vegetarian,40,120,Friday,Breakfast,Regular,3,0,January,2025,1,3,4,0
41,2025-01-03 21:54:07.129425885,Noodles,3,Vegetarian,110,330,Friday,Dinner,Regular,5,2,January,2025,1,3,4,0
42,2025-01-03 23:38:58.307661532,Noodles,1,Vegetarian,110,110,Friday,Lunch,Regular,3,2,January,2025,1,3,4,0
43,2025-01-04 01:23:49.485897179,Veg Meals,1,Vegetarian,100,100,Saturday,Dinner,Regular,2,1,January,2025,1,4,5,1
44,2025-01-04 03:08:40.664132826,Veg Meals,5,Vegetarian,100,500,Saturday,Lunch,New,6,1,January,2025,1,4,5,1
45,2025-01-04 04:53:31.842368473,Veg Meals,2,Vegetarian,100,200,Saturday,Lunch,New,4,2,January,2025,1,4,5,1
46,2025-01-04 06:38:23.020604120,Chicken Noodles,1,Chicken,150,150,Saturday,Lunch,New,1,0,January,2025,1,4,5,1
47,2025-01-04 08:23:14.198839768,Noodles,1,Vegetarian,110,110,Saturday,Dinner,Regular,2,1,January,2025,1,4,5,1
48,2025-01-04 10:08:05.377075415,Veg Biryani,2,Vegetarian,130,260,Saturday,Dinner,New,2,0,January,2025,1,4,5,1
49,2025-01-04 11:52:56.555311062,Chicken 65,5,Chicken,140,700,Saturday,Lunch,New,8,3,January,2025,1,4,5,1
50,2025-01-04 13:37:47.733546709,Dosa,1,Vegetarian,50,50,Saturday,Lunch,New,2,1,January,2025,1,4,5,1
51,2025-01-04 15:22:38.911782356,Chicken Noodles,5,Chicken,150,750,Saturday,Breakfast,Regular,6,1,January,2025,1,4,5,1
52,2025-01-04 17:07:30.090018003,Chicken Grill,4,Chicken,220,880,Saturday,Lunch,Regular,5,1,January,2025,1,4,5,1
53,2025-01-04 18:52:21.268253650,Chicken Noodles,5,Chicken,150,750,Saturday,Lunch,Regular,8,3,January,2025,1,4,5,1
54,2025-01-04 20:37:12.446489297,Veg Biryani,3,Vegetarian,130,390,Saturday,Dinner,New,5,2,January,2025,1,4,5,1
55,2025-01-04 22:22:03.624724945,Chicken Grill,3,Chicken,220,660,Saturday,Dinner,New,3,0,January,2025,1,4,5,1
56,2025-01-05 00:06:54.802960592,Dosa,5,Vegetarian,50,250,Sunday,Lunch,Regular,8,3,January,2025,1,5,6,1
57,2025-01-05 01:51:45.981196239,Veg Biryani,3,Vegetarian,130,390,Sunday,Lunch,New,5,2,January,2025,1,5,6,1
58,2025-01-05 03:36:37.159431886,Chicken Fried Rice,4,Chicken,160,640,Sunday,Dinner,New,5,1,January,2025,1,5,6,1
59,2025-01-05 05:21:28.337667533,Chicken 65,2,Chicken,140,280,Sunday,Dinner,New,4,2,January,2025,1,5,6,1
60,2025-01-05 07:06:19.515903180,Dosa,3,Vegetarian,50,150,Sunday,Breakfast,Regular,5,2,January,2025,1,5,6,1
61,2025-01-05 08:51:10.694138827,Noodles,3,Vegetarian,110,330,Sunday,Lunch,Regular,5,2,January,2025,1,5,6,1
62,2025-01-05 10:36:01.872374474,Veg Meals,5,Vegetarian,100,500,Sunday,Lunch,New,5,0,January,2025,1,5,6,1
63,2025-01-05 12:20:53.050610122,Chicken Fried Rice,4,Chicken,160,640,Sunday,Lunch,New,6,2,January,2025,1,5,6,1
64,2025-01-05 14:05:44.228845769,Idli,2,Vegetarian,40,80,Sunday,Breakfast,Regular,4,2,January,2025,1,5,6,1
65,2025-01-05 15:50:35.407081416,Dosa,5,Vegetarian,50,250,Sunday,Breakfast,Regular,7,2,January,2025,1,5,6,1
66,2025-01-05 17:35:26.585317063,Idli,5,Vegetarian,40,200,Sunday,Dinner,Regular,7,2,January,2025,1,5,6,1
67,2025-01-05 19:20:17.763552710,Chicken Grill,4,Chicken,220,880,Sunday,Lunch,Regular,7,3,January,2025,1,5,6,1
68,2025-01-05 21:05:08.941788357,Chicken Fried Rice,2,Chicken,160,320,Sunday,Breakfast,Regular,5,3,January,2025,1,5,6,1
69,2025-01-05 22:50:00.120024004,Chicken 65,4,Chicken,140,560,Sunday,Lunch,Regular,6,2,January,2025,1,5,6,1
70,2025-01-06 00:34:51.298259651,Noodles,2,Vegetarian,110,220,Monday,Dinner,Regular,4,2,January,2025,1,6,0,0
71,2025-01-06 02:19:42.476495299,Noodles,4,Vegetarian,110,440,Monday,Dinner,Regular,6,2,January,2025,1,6,0,0
72,2025-01-06 04:04:33.654730946,Veg Biryani,5,Vegetarian,130,650,Monday,Lunch,New,6,1,January,2025,1,6,0,0
73,2025-01-06 05:49:24.832966593,Noodles,5,Vegetarian,110,550,Monday,Lunch,Regular,7,2,January,2025,1,6,0,0
74,2025-01-06 07:34:16.011202240,Paneer Butter Masala,1,Vegetarian,170,170,Monday,Dinner,Regular,3,2,January,2025,1,6,0,0
75,2025-01-06 09:19:07.189437887,Parotta,3,Vegetarian,60,180,Monday,Lunch,New,6,3,January,2025,1,6,0,0
76,2025-01-06 11:03:58.367673534,Chicken Noodles,4,Chicken,150,600,Monday,Lunch,Regular,7,3,January,2025,1,6,0,0
77,2025-01-06 12:48:49.545909181,Veg Meals,1,Vegetarian,100,100,Monday,Lunch,Regular,4,3,January,2025,1,6,0,0
78,2025-01-06 14:33:40.724144829,Chicken Biryani,3,Chicken,180,540,Monday,Breakfast,Regular,3,0,January,2025,1,6,0,0
79,2025-01-06 16:18:31.902380476,Chicken 65,4,Chicken,140,560,Monday,Lunch,Regular,5,1,January,2025,1,6,0,0
80,2025-01-06 18:03:23.080616123,Chicken Fried Rice,2,Chicken,160,320,Monday,Dinner,Regular,4,2,January,2025,1,6,0,0
81,2025-01-06 19:48:14.258851770,Parotta,3,Vegetarian,60,180,Monday,Dinner,New,6,3,January,2025,1,6,0,0
82,2025-01-06 21:33:05.437087417,Chicken 65,5,Chicken,140,700,Monday,Lunch,Regular,5,0,January,2025,1,6,0,0
83,2025-01-06 23:17:56.615323064,Chicken Fried Rice,1,Chicken,160,160,Monday,Dinner,Regular,3,2,January,2025,1,6,0,0
84,2025-01-07 01:02:47.793558711,Veg Meals,3,Vegetarian,100,300,Tuesday,Breakfast,New,5,2,January,2025,1,7,1,0
85,2025-01-07 02:47:38.971794358,Mutton Biryani,3,Mutton,240,720,Tuesday,Lunch,New,6,3,January,2025,1,7,1,0
86,2025-01-07 04:32:30.150030006,Mutton Biryani,5,Mutton,240,1200,Tuesday,Lunch,Regular,7,2,January,2025,1,7,1,0
87,2025-01-07 06:17:21.328265653,Idli,4,Vegetarian,40,160,Tuesday,Dinner,New,6,2,January,2025,1,7,1,0
88,2025-01-07 08:02:12.506501300,Chicken 65,2,Chicken,140,280,Tuesday,Breakfast,Regular,4,2,January,2025,1,7,1,0
89,2025-01-07 09:47:03.684736947,Mutton Biryani,5,Mutton,240,1200,Tuesday,Lunch,New,8,3,January,2025,1,7,1,0
90,2025-01-07 11:31:54.862972594,Paneer Butter Masala,2,Vegetarian,170,340,Tuesday,Dinner,New,2,0,January,2025,1,7,1,0
91,2025-01-07 13:16:46.041208241,Chicken Fried Rice,4,Chicken,160,640,Tuesday,Dinner,Regular,6,2,January,2025,1,7,1,0
92,2025-01-07 15:01:37.219443888,Idli,3,Vegetarian,40,120,Tuesday,Dinner,New,3,0,January,2025,1,7,1,0
93,2025-01-07 16:46:28.397679536,Noodles,2,Vegetarian,110,220,Tuesday,Lunch,Regular,4,2,January,2025,1,7,1,0
94,2025-01-07 18:31:19.575915183,Chicken Fried Rice,1,Chicken,160,160,Tuesday,Breakfast,Regular,4,3,January,2025,1,7,1,0
95,2025-01-07 20:16:10.754150830,Idli,1,Vegetarian,40,40,Tuesday,Lunch,New,1,0,January,2025,1,7,1,0
96,2025-01-07 22:01:01.932386477,Veg Meals,5,Vegetarian,100,500,Tuesday,Breakfast,New,8,3,January,2025,1,7,1,0
97,2025-01-07 23:45:53.110622124,Chicken 65,4,Chicken,140,560,Tuesday,Dinner,Regular,5,1,January,2025,1,7,1,0
98,2025-01-08 01:30:44.288857771,Veg Meals,5,Vegetarian,100,500,Wednesday,Lunch,New,7,2,January,2025,1,8,2,0
99,2025-01-08 03:15:35.467093418,Parotta,5,Vegetarian,60,300,Wednesday,Lunch,Regular,6,1,January,2025,1,8,2,0
100,2025-01-08 05:00:26.645329065,Veg Meals,5,Vegetarian,100,500,Wednesday,Dinner,Regular,6,1,January,2025,1,8,2,0
101,2025-01-08 06:45:17.823564713,Veg Biryani,1,Vegetarian,130,130,Wednesday,Lunch,New,2,1,January,2025,1,8,2,0
102,2025-01-08 08:30:09.001800360,Noodles,1,Vegetarian,110,110,Wednesday,Lunch,Regular,3,2,January,2025,1,8,2,0
103,2025-01-08 10:15:00.180036007,Dosa,5,Vegetarian,50,250,Wednesday,Dinner,New,8,3,January,2025,1,8,2,0
104,2025-01-08 11:59:51.358271654,Veg Meals,1,Vegetarian,100,100,Wednesday,Dinner,New,2,1,January,2025,1,8,2,0
105,2025-01-08 13:44:42.536507301,Parotta,4,Vegetarian,60,240,Wednesday,Dinner,New,4,0,January,2025,1,8,2,0
106,2025-01-08 15:29:33.714742948,Chicken Grill,5,Chicken,220,1100,Wednesday,Breakfast,Regular,7,2,January,2025,1,8,2,0
107,2025-01-08 17:14:24.892978595,Paneer Butter Masala,1,Vegetarian,170,170,Wednesday,Lunch,Regular,4,3,January,2025,1,8,2,0
108,2025-01-08 18:59:16.071214242,Chicken Fried Rice,2,Chicken,160,320,Wednesday,Dinner,Regular,5,3,January,2025,1,8,2,0
109,2025-01-08 20:44:07.249449890,Chicken Grill,5,Chicken,220,1100,Wednesday,Breakfast,New,6,1,January,2025,1,8,2,0
110,2025-01-08 22:28:58.427685537,Parotta,5,Vegetarian,60,300,Wednesday,Lunch,New,7,2,January,2025,1,8,2,0
111,2025-01-09 00:13:49.605921184,Idli,4,Vegetarian,40,160,Thursday,Dinner,Regular,5,1,January,2025,1,9,3,0
112,2025-01-09 01:58:40.784156831,Dosa,3,Vegetarian,50,150,Thursday,Breakfast,Regular,3,0,January,2025,1,9,3,0
113,2025-01-09 03:43:31.962392478,Noodles,3,Vegetarian,110,330,Thursday,Dinner,Regular,6,3,January,2025,1,9,3,0
114,2025-01-09 05:28:23.140628125,Noodles,4,Vegetarian,110,440,Thursday,Lunch,New,7,3,January,2025,1,9,3,0
115,2025-01-09 07:13:14.318863772,Noodles,4,Vegetarian,110,440,Thursday,Lunch,New,6,2,January,2025,1,9,3,0
116,2025-01-09 08:58:05.497099419,Paneer Butter Masala,4,Vegetarian,170,680,Thursday,Breakfast,Regular,7,3,January,2025,1,9,3,0
117,2025-01-09 10:42:56.675335067,Dosa,3,Vegetarian,50,150,Thursday,Dinner,Regular,5,2,January,2025,1,9,3,0
118,2025-01-09 12:27:47.853570714,Paneer Butter Masala,4,Vegetarian,170,680,Thursday,Lunch,Regular,5,1,January,2025,1,9,3,0
119,2025-01-09 14:12:39.031806361,Paneer Butter Masala,1,Vegetarian,170,170,Thursday,Lunch,Regular,1,0,January,2025,1,9,3,0
120,2025-01-09 15:57:30.210042008,Chicken Biryani,5,Chicken,180,900,Thursday,Dinner,Regular,7,2,January,2025,1,9,3,0
121,2025-01-09 17:42:21.388277655,Dosa,5,Vegetarian,50,250,Thursday,Dinner,Regular,6,1,January,2025,1,9,3,0
122,2025-01-09 19:27:12.566513302,Veg Biryani,2,Vegetarian,130,260,Thursday,Dinner,Regular,2,0,January,2025,1,9,3,0
123,2025-01-09 21:12:03.744748949,Dosa,2,Vegetarian,50,100,Thursday,Lunch,Regular,5,3,January,2025,1,9,3,0
124,2025-01-09 22:56:54.922984597,Parotta,5,Vegetarian,60,300,Thursday,Lunch,Regular,5,0,January,2025,1,9,3,0
125,2025-01-10 00:41:46.101220244,Chicken Biryani,1,Chicken,180,180,Friday,Dinner,New,1,0,January,2025,1,10,4,0
126,2025-01-10 02:26:37.279455891,Noodles,3,Vegetarian,110,330,Friday,Dinner,New,3,0,January,2025,1,10,4,0
127,2025-01-10 04:11:28.457691538,Parotta,3,Vegetarian,60,180,Friday,Lunch,Regular,6,3,January,2025,1,10,4,0
128,2025-01-10 05:56:19.635927185,Parotta,1,Vegetarian,60,60,Friday,Breakfast,Regular,3,2,January,2025,1,10,4,0
129,2025-01-10 07:41:10.814162832,Fried Rice,3,Vegetarian,120,360,Friday,Dinner,Regular,5,2,January,2025,1,10,4,0
130,2025-01-10 09:26:01.992398479,Chicken Noodles,4,Chicken,150,600,Friday,Lunch,New,4,0,January,2025,1,10,4,0
131,2025-01-10 11:10:53.170634126,Chicken Biryani,5,Chicken,180,900,Friday,Dinner,New,6,1,January,2025,1,10,4,0
132,2025-01-10 12:55:44.348869774,Parotta,5,Vegetarian,60,300,Friday,Lunch,Regular,6,1,January,2025,1,10,4,0
133,2025-01-10 14:40:35.527105421,Chicken Noodles,1,Chicken,150,150,Friday,Breakfast,New,1,0,January,2025,1,10,4,0
134,2025-01-10 16:25:26.705341068,Chicken Noodles,3,Chicken,150,450,Friday,Dinner,New,3,0,January,2025,1,10,4,0
135,2025-01-10 18:10:17.883576715,Chicken Biryani,2,Chicken,180,360,Friday,Breakfast,Regular,3,1,January,2025,1,10,4,0
136,2025-01-10 19:55:09.061812362,Fried Rice,2,Vegetarian,120,240,Friday,Lunch,Regular,2,0,January,2025,1,10,4,0
137,2025-01-10 21:40:00.240048009,Chicken Grill,3,Chicken,220,660,Friday,Lunch,New,3,0,January,2025,1,10,4,0
138,2025-01-10 23:24:51.418283656,Idli,2,Vegetarian,40,80,Friday,Lunch,Regular,4,2,January,2025,1,10,4,0
139,2025-01-11 01:09:42.596519303,Veg Biryani,1,Vegetarian,130,130,Saturday,Dinner,Regular,3,2,January,2025,1,11,5,1
140,2025-01-11 02:54:33.774754951,Idli,1,Vegetarian,40,40,Saturday,Dinner,Regular,1,0,January,2025,1,11,5,1
141,2025-01-11 04:39:24.952990598,Dosa,3,Vegetarian,50,150,Saturday,Dinner,Regular,3,0,January,2025,1,11,5,1
142,2025-01-11 06:24:16.131226245,Noodles,2,Vegetarian,110,220,Saturday,Breakfast,New,5,3,January,2025,1,11,5,1
143,2025-01-11 08:09:07.309461892,Veg Biryani,1,Vegetarian,130,130,Saturday,Breakfast,New,3,2,January,2025,1,11,5,1
144,2025-01-11 09:53:58.487697539,Dosa,1,Vegetarian,50,50,Saturday,Lunch,New,1,0,January,2025,1,11,5,1
145,2025-01-11 11:38:49.665933186,Parotta,4,Vegetarian,60,240,Saturday,Dinner,Regular,7,3,January,2025,1,11,5,1
146,2025-01-11 13:23:40.844168833,Noodles,4,Vegetarian,110,440,Saturday,Dinner,New,7,3,January,2025,1,11,5,1
147,2025-01-11 15:08:32.022404481,Chicken Fried Rice,1,Chicken,160,160,Saturday,Dinner,Regular,4,3,January,2025,1,11,5,1
148,2025-01-11 16:53:23.200640128,Chicken Biryani,3,Chicken,180,540,Saturday,Lunch,Regular,6,3,January,2025,1,11,5,1
149,2025-01-11 18:38:14.378875775,Veg Biryani,5,Vegetarian,130,650,Saturday,Lunch,New,7,2,January,2025,1,11,5,1
150,2025-01-11 20:23:05.557111422,Veg Biryani,5,Vegetarian,130,650,Saturday,Lunch,New,8,3,January,2025,1,11,5,1
151,2025-01-11 22:07:56.735347069,Veg Meals,1,Vegetarian,100,100,Saturday,Breakfast,Regular,3,2,January,2025,1,11,5,1
152,2025-01-11 23:52:47.913582716,Parotta,1,Vegetarian,60,60,Saturday,Breakfast,Regular,4,3,January,2025,1,11,5,1
153,2025-01-12 01:37:39.091818363,Chicken Grill,1,Chicken,220,220,Sunday,Dinner,New,4,3,January,2025,1,12,6,1
154,2025-01-12 03:22:30.270054010,Chicken Noodles,3,Chicken,150,450,Sunday,Lunch,New,4,1,January,2025,1,12,6,1
155,2025-01-12 05:07:21.448289658,Noodles,4,Vegetarian,110,440,Sunday,Lunch,Regular,6,2,January,2025,1,12,6,1
156,2025-01-12 06:52:12.626525305,Parotta,1,Vegetarian,60,60,Sunday,Breakfast,New,2,1,January,2025,1,12,6,1
157,2025-01-12 08:37:03.804760952,Mutton Biryani,1,Mutton,240,240,Sunday,Dinner,Regular,2,1,January,2025,1,12,6,1
158,2025-01-12 10:21:54.982996599,Fried Rice,2,Vegetarian,120,240,Sunday,Lunch,New,5,3,January,2025,1,12,6,1
159,2025-01-12 12:06:46.161232246,Chicken Noodles,3,Chicken,150,450,Sunday,Dinner,Regular,5,2,January,2025,1,12,6,1
160,2025-01-12 13:51:37.339467893,Chicken Biryani,1,Chicken,180,180,Sunday,Dinner,New,1,0,January,2025,1,12,6,1
161,2025-01-12 15:36:28.517703540,Chicken Noodles,2,Chicken,150,300,Sunday,Lunch,Regular,5,3,January,2025,1,12,6,1
162,2025-01-12 17:21:19.695939187,Chicken Grill,5,Chicken,220,1100,Sunday,Dinner,New,7,2,January,2025,1,12,6,1
163,2025-01-12 19:06:10.874174835,Veg Meals,1,Vegetarian,100,100,Sunday,Breakfast,Regular,2,1,January,2025,1,12,6,1
164,2025-01-12 20:51:02.052410482,Chicken Noodles,1,Chicken,150,150,Sunday,Breakfast,New,3,2,January,2025,1,12,6,1
165,2025-01-12 22:35:53.230646129,Chicken Biryani,2,Chicken,180,360,Sunday,Dinner,New,5,3,January,2025,1,12,6,1
166,2025-01-13 00:20:44.408881776,Chicken Grill,3,Chicken,220,660,Monday,Dinner,Regular,5,2,January,2025,1,13,0,0
167,2025-01-13 02:05:35.587117423,Idli,1,Vegetarian,40,40,Monday,Lunch,Regular,2,1,January,2025,1,13,0,0
168,2025-01-13 03:50:26.765353070,Veg Biryani,5,Vegetarian,130,650,Monday,Lunch,Regular,7,2,January,2025,1,13,0,0
169,2025-01-13 05:35:17.943588717,Veg Meals,1,Vegetarian,100,100,Monday,Lunch,Regular,3,2,January,2025,1,13,0,0
170,2025-01-13 07:20:09.121824365,Veg Biryani,5,Vegetarian,130,650,Monday,Breakfast,Regular,6,1,January,2025,1,13,0,0
171,2025-01-13 09:05:00.300060012,Fried Rice,4,Vegetarian,120,480,Monday,Lunch,Regular,7,3,January,2025,1,13,0,0
172,2025-01-13 10:49:51.478295659,Dosa,4,Vegetarian,50,200,Monday,Lunch,Regular,4,0,January,2025,1,13,0,0
173,2025-01-13 12:34:42.656531306,Idli,5,Vegetarian,40,200,Monday,Lunch,Regular,6,1,January,2025,1,13,0,0
174,2025-01-13 14:19:33.834766953,Idli,3,Vegetarian,40,120,Monday,Dinner,New,4,1,January,2025,1,13,0,0
175,2025-01-13 16:04:25.013002600,Noodles,1,Vegetarian,110,110,Monday,Lunch,Regular,4,3,January,2025,1,13,0,0
176,2025-01-13 17:49:16.191238247,Paneer Butter Masala,1,Vegetarian,170,170,Monday,Breakfast,Regular,4,3,January,2025,1,13,0,0
177,2025-01-13 19:34:07.369473894,Chicken Noodles,4,Chicken,150,600,Monday,Lunch,New,6,2,January,2025,1,13,0,0
178,2025-01-13 21:18:58.547709542,Veg Biryani,5,Vegetarian,130,650,Monday,Dinner,Regular,6,1,January,2025,1,13,0,0
179,2025-01-13 23:03:49.725945189,Chicken Biryani,1,Chicken,180,180,Monday,Lunch,New,3,2,January,2025,1,13,0,0
180,2025-01-14 00:48:40.904180836,Chicken 65,1,Chicken,140,140,Tuesday,Breakfast,Regular,3,2,January,2025,1,14,1,0
181,2025-01-14 02:33:32.082416483,Paneer Butter Masala,3,Vegetarian,170,510,Tuesday,Lunch,New,6,3,January,2025,1,14,1,0
182,2025-01-14 04:18:23.260652130,Chicken 65,2,Chicken,140,280,Tuesday,Dinner,New,5,3,January,2025,1,14,1,0
183,2025-01-14 06:03:14.438887777,Veg Meals,4,Vegetarian,100,400,Tuesday,Lunch,Regular,6,2,January,2025,1,14,1,0
184,2025-01-14 07:48:05.617123424,Chicken Grill,4,Chicken,220,880,Tuesday,Dinner,Regular,5,1,January,2025,1,14,1,0
185,2025-01-14 09:32:56.795359072,Veg Biryani,2,Vegetarian,130,260,Tuesday,Dinner,Regular,3,1,January,2025,1,14,1,0
186,2025-01-14 11:17:47.973594719,Veg Biryani,1,Vegetarian,130,130,Tuesday,Dinner,Regular,3,2,January,2025,1,14,1,0
187,2025-01-14 13:02:39.151830366,Paneer Butter Masala,3,Vegetarian,170,510,Tuesday,Dinner,Regular,3,0,January,2025,1,14,1,0
188,2025-01-14 14:47:30.330066013,Fried Rice,3,Vegetarian,120,360,Tuesday,Lunch,New,3,0,January,2025,1,14,1,0
189,2025-01-14 16:32:21.508301660,Paneer Butter Masala,4,Vegetarian,170,680,Tuesday,Breakfast,Regular,7,3,January,2025,1,14,1,0
190,2025-01-14 18:17:12.686537307,Chicken 65,3,Chicken,140,420,Tuesday,Dinner,Regular,4,1,January,2025,1,14,1,0
191,2025-01-14 20:02:03.864772954,Paneer Butter Masala,2,Vegetarian,170,340,Tuesday,Lunch,Regular,4,2,January,2025,1,14,1,0
192,2025-01-14 21:46:55.043008601,Veg Biryani,1,Vegetarian,130,130,Tuesday,Breakfast,New,3,2,January,2025,1,14,1,0
193,2025-01-14 23:31:46.221244249,Fried Rice,2,Vegetarian,120,240,Tuesday,Dinner,Regular,3,1,January,2025,1,14,1,0
194,2025-01-15 01:16:37.399479896,Chicken Noodles,5,Chicken,150,750,Wednesday,Lunch,New,8,3,January,2025,1,15,2,0
195,2025-01-15 03:01:28.577715543,Mutton Biryani,4,Mutton,240,960,Wednesday,Lunch,Regular,7,3,January,2025,1,15,2,0
196,2025-01-15 04:46:19.755951190,Noodles,3,Vegetarian,110,330,Wednesday,Lunch,Regular,3,0,January,2025,1,15,2,0
197,2025-01-15 06:31:10.934186837,Chicken Fried Rice,5,Chicken,160,800,Wednesday,Lunch,Regular,6,1,January,2025,1,15,2,0
198,2025-01-15 08:16:02.112422484,Idli,3,Vegetarian,40,120,Wednesday,Dinner,Regular,4,1,January,2025,1,15,2,0
199,2025-01-15 10:00:53.290658131,Paneer Butter Masala,1,Vegetarian,170,170,Wednesday,Lunch,New,3,2,January,2025,1,15,2,0
200,2025-01-15 11:45:44.468893778,Veg Meals,1,Vegetarian,100,100,Wednesday,Lunch,Regular,2,1,January,2025,1,15,2,0
201,2025-01-15 13:30:35.647129426,Dosa,1,Vegetarian,50,50,Wednesday,Lunch,Regular,1,0,January,2025,1,15,2,0
202,2025-01-15 15:15:26.825365073,Chicken Grill,3,Chicken,220,660,Wednesday,Dinner,New,4,1,January,2025,1,15,2,0
203,2025-01-15 17:00:18.003600720,Mutton Biryani,5,Mutton,240,1200,Wednesday,Dinner,Regular,7,2,January,2025,1,15,2,0
204,2025-01-15 18:45:09.181836367,Noodles,1,Vegetarian,110,110,Wednesday,Lunch,Regular,1,0,January,2025,1,15,2,0
205,2025-01-15 20:30:00.360072014,Noodles,5,Vegetarian,110,550,Wednesday,Dinner,Regular,7,2,January,2025,1,15,2,0
206,2025-01-15 22:14:51.538307661,Noodles,3,Vegetarian,110,330,Wednesday,Breakfast,Regular,4,1,January,2025,1,15,2,0
207,2025-01-15 23:59:42.716543308,Noodles,5,Vegetarian,110,550,Wednesday,Dinner,Regular,8,3,January,2025,1,15,2,0
208,2025-01-16 01:44:33.894778956,Chicken 65,3,Chicken,140,420,Thursday,Lunch,New,4,1,January,2025,1,16,3,0
209,2025-01-16 03:29:25.073014603,Veg Meals,3,Vegetarian,100,300,Thursday,Dinner,Regular,4,1,January,2025,1,16,3,0
210,2025-01-16 05:14:16.251250250,Veg Meals,4,Vegetarian,100,400,Thursday,Breakfast,Regular,6,2,January,2025,1,16,3,0
211,2025-01-16 06:59:07.429485897,Fried Rice,3,Vegetarian,120,360,Thursday,Lunch,Regular,6,3,January,2025,1,16,3,0
212,2025-01-16 08:43:58.607721544,Idli,3,Vegetarian,40,120,Thursday,Lunch,New,4,1,January,2025,1,16,3,0
213,2025-01-16 10:28:49.785957191,Veg Biryani,2,Vegetarian,130,260,Thursday,Dinner,New,2,0,January,2025,1,16,3,0
214,2025-01-16 12:13:40.964192838,Noodles,1,Vegetarian,110,110,Thursday,Lunch,New,1,0,January,2025,1,16,3,0
215,2025-01-16 13:58:32.142428485,Dosa,4,Vegetarian,50,200,Thursday,Dinner,Regular,6,2,January,2025,1,16,3,0
216,2025-01-16 15:43:23.320664133,Veg Biryani,4,Vegetarian,130,520,Thursday,Lunch,Regular,6,2,January,2025,1,16,3,0
217,2025-01-16 17:28:14.498899780,Veg Meals,4,Vegetarian,100,400,Thursday,Lunch,Regular,7,3,January,2025,1,16,3,0
218,2025-01-16 19:13:05.677135427,Chicken Biryani,2,Chicken,180,360,Thursday,Breakfast,Regular,4,2,January,2025,1,16,3,0
219,2025-01-16 20:57:56.855371074,Chicken Biryani,3,Chicken,180,540,Thursday,Dinner,Regular,6,3,January,2025,1,16,3,0
220,2025-01-16 22:42:48.033606721,Dosa,1,Vegetarian,50,50,Thursday,Lunch,Regular,2,1,January,2025,1,16,3,0
221,2025-01-17 00:27:39.211842368,Fried Rice,5,Vegetarian,120,600,Friday,Dinner,New,5,0,January,2025,1,17,4,0
222,2025-01-17 02:12:30.390078015,Veg Meals,3,Vegetarian,100,300,Friday,Dinner,Regular,3,0,January,2025,1,17,4,0
223,2025-01-17 03:57:21.568313662,Dosa,2,Vegetarian,50,100,Friday,Dinner,Regular,2,0,January,2025,1,17,4,0
224,2025-01-17 05:42:12.746549310,Chicken 65,3,Chicken,140,420,Friday,Lunch,Regular,5,2,January,2025,1,17,4,0
225,2025-01-17 07:27:03.924784957,Paneer Butter Masala,3,Vegetarian,170,510,Friday,Dinner,Regular,5,2,January,2025,1,17,4,0
226,2025-01-17 09:11:55.103020604,Dosa,2,Vegetarian,50,100,Friday,Dinner,Regular,3,1,January,2025,1,17,4,0
227,2025-01-17 10:56:46.281256251,Chicken Noodles,4,Chicken,150,600,Friday,Breakfast,Regular,6,2,January,2025,1,17,4,0
228,2025-01-17 12:41:37.459491898,Veg Biryani,4,Vegetarian,130,520,Friday,Dinner,Regular,7,3,January,2025,1,17,4,0
229,2025-01-17 14:26:28.637727545,Mutton Biryani,1,Mutton,240,240,Friday,Breakfast,New,1,0,January,2025,1,17,4,0
230,2025-01-17 16:11:19.815963192,Parotta,1,Vegetarian,60,60,Friday,Lunch,Regular,2,1,January,2025,1,17,4,0
231,2025-01-17 17:56:10.994198839,Fried Rice,4,Vegetarian,120,480,Friday,Breakfast,Regular,7,3,January,2025,1,17,4,0
232,2025-01-17 19:41:02.172434487,Dosa,5,Vegetarian,50,250,Friday,Breakfast,New,8,3,January,2025,1,17,4,0
233,2025-01-17 21:25:53.350670134,Veg Meals,3,Vegetarian,100,300,Friday,Lunch,Regular,5,2,January,2025,1,17,4,0
234,2025-01-17 23:10:44.528905781,Chicken Grill,5,Chicken,220,1100,Friday,Lunch,Regular,7,2,January,2025,1,17,4,0
235,2025-01-18 00:55:35.707141428,Chicken Biryani,3,Chicken,180,540,Saturday,Dinner,New,3,0,January,2025,1,18,5,1
236,2025-01-18 02:40:26.885377075,Chicken Noodles,4,Chicken,150,600,Saturday,Breakfast,Regular,5,1,January,2025,1,18,5,1
237,2025-01-18 04:25:18.063612722,Idli,1,Vegetarian,40,40,Saturday,Lunch,Regular,4,3,January,2025,1,18,5,1
238,2025-01-18 06:10:09.241848369,Noodles,1,Vegetarian,110,110,Saturday,Breakfast,Regular,3,2,January,2025,1,18,5,1
239,2025-01-18 07:55:00.420084017,Parotta,5,Vegetarian,60,300,Saturday,Lunch,New,7,2,January,2025,1,18,5,1
240,2025-01-18 09:39:51.598319664,Fried Rice,1,Vegetarian,120,120,Saturday,Dinner,Regular,2,1,January,2025,1,18,5,1
241,2025-01-18 11:24:42.776555311,Mutton Biryani,4,Mutton,240,960,Saturday,Lunch,New,5,1,January,2025,1,18,5,1
242,2025-01-18 13:09:33.954790958,Parotta,5,Vegetarian,60,300,Saturday,Dinner,Regular,7,2,January,2025,1,18,5,1
243,2025-01-18 14:54:25.133026605,Dosa,3,Vegetarian,50,150,Saturday,Lunch,Regular,5,2,January,2025,1,18,5,1
244,2025-01-18 16:39:16.311262252,Chicken 65,1,Chicken,140,140,Saturday,Dinner,Regular,1,0,January,2025,1,18,5,1
245,2025-01-18 18:24:07.489497899,Chicken Biryani,2,Chicken,180,360,Saturday,Lunch,New,3,1,January,2025,1,18,5,1
246,2025-01-18 20:08:58.667733546,Veg Meals,1,Vegetarian,100,100,Saturday,Lunch,New,4,3,January,2025,1,18,5,1
247,2025-01-18 21:53:49.845969194,Chicken Biryani,3,Chicken,180,540,Saturday,Dinner,New,5,2,January,2025,1,18,5,1
248,2025-01-18 23:38:41.024204841,Idli,5,Vegetarian,40,200,Saturday,Breakfast,New,7,2,January,2025,1,18,5,1
249,2025-01-19 01:23:32.202440488,Chicken 65,3,Chicken,140,420,Sunday,Dinner,Regular,5,2,January,2025,1,19,6,1
250,2025-01-19 03:08:23.380676135,Noodles,2,Vegetarian,110,220,Sunday,Dinner,Regular,4,2,January,2025,1,19,6,1
251,2025-01-19 04:53:14.558911782,Veg Meals,4,Vegetarian,100,400,Sunday,Lunch,Regular,4,0,January,2025,1,19,6,1
252,2025-01-19 06:38:05.737147429,Veg Biryani,1,Vegetarian,130,130,Sunday,Breakfast,Regular,2,1,January,2025,1,19,6,1
253,2025-01-19 08:22:56.915383076,Chicken Fried Rice,5,Chicken,160,800,Sunday,Breakfast,New,7,2,January,2025,1,19,6,1
254,2025-01-19 10:07:48.093618723,Chicken Noodles,4,Chicken,150,600,Sunday,Dinner,New,5,1,January,2025,1,19,6,1
255,2025-01-19 11:52:39.271854371,Chicken Biryani,3,Chicken,180,540,Sunday,Dinner,New,6,3,January,2025,1,19,6,1
256,2025-01-19 13:37:30.450090018,Chicken Grill,5,Chicken,220,1100,Sunday,Breakfast,Regular,8,3,January,2025,1,19,6,1
257,2025-01-19 15:22:21.628325665,Chicken Biryani,4,Chicken,180,720,Sunday,Lunch,Regular,7,3,January,2025,1,19,6,1
258,2025-01-19 17:07:12.806561312,Parotta,5,Vegetarian,60,300,Sunday,Lunch,New,8,3,January,2025,1,19,6,1
259,2025-01-19 18:52:03.984796959,Chicken Biryani,2,Chicken,180,360,Sunday,Dinner,New,3,1,January,2025,1,19,6,1
260,2025-01-19 20:36:55.163032606,Fried Rice,2,Vegetarian,120,240,Sunday,Breakfast,Regular,5,3,January,2025,1,19,6,1
261,2025-01-19 22:21:46.341268253,Chicken Biryani,1,Chicken,180,180,Sunday,Lunch,Regular,4,3,January,2025,1,19,6,1
262,2025-01-20 00:06:37.519503901,Chicken Fried Rice,1,Chicken,160,160,Monday,Dinner,Regular,3,2,January,2025,1,20,0,0
263,2025-01-20 01:51:28.697739548,Chicken Fried Rice,2,Chicken,160,320,Monday,Breakfast,Regular,4,2,January,2025,1,20,0,0
264,2025-01-20 03:36:19.875975195,Noodles,5,Vegetarian,110,550,Monday,Lunch,New,7,2,January,2025,1,20,0,0
265,2025-01-20 05:21:11.054210842,Mutton Biryani,2,Mutton,240,480,Monday,Dinner,Regular,2,0,January,2025,1,20,0,0
266,2025-01-20 07:06:02.232446489,Veg Biryani,1,Vegetarian,130,130,Monday,Dinner,Regular,3,2,January,2025,1,20,0,0
267,2025-01-20 08:50:53.410682136,Chicken Grill,2,Chicken,220,440,Monday,Lunch,New,5,3,January,2025,1,20,0,0
268,2025-01-20 10:35:44.588917783,Chicken Biryani,2,Chicken,180,360,Monday,Breakfast,Regular,3,1,January,2025,1,20,0,0
269,2025-01-20 12:20:35.767153430,Chicken Biryani,5,Chicken,180,900,Monday,Breakfast,Regular,8,3,January,2025,1,20,0,0
270,2025-01-20 14:05:26.945389078,Chicken Noodles,4,Chicken,150,600,Monday,Lunch,New,5,1,January,2025,1,20,0,0
271,2025-01-20 15:50:18.123624725,Veg Meals,1,Vegetarian,100,100,Monday,Dinner,Regular,4,3,January,2025,1,20,0,0
272,2025-01-20 17:35:09.301860372,Chicken Fried Rice,5,Chicken,160,800,Monday,Lunch,New,5,0,January,2025,1,20,0,0
273,2025-01-20 19:20:00.480096019,Chicken Grill,2,Chicken,220,440,Monday,Dinner,New,4,2,January,2025,1,20,0,0
274,2025-01-20 21:04:51.658331666,Noodles,2,Vegetarian,110,220,Monday,Dinner,Regular,5,3,January,2025,1,20,0,0
275,2025-01-20 22:49:42.836567313,Idli,4,Vegetarian,40,160,Monday,Lunch,New,6,2,January,2025,1,20,0,0
276,2025-01-21 00:34:34.014802960,Mutton Biryani,1,Mutton,240,240,Tuesday,Breakfast,Regular,1,0,January,2025,1,21,1,0
277,2025-01-21 02:19:25.193038607,Veg Biryani,1,Vegetarian,130,130,Tuesday,Lunch,Regular,1,0,January,2025,1,21,1,0
278,2025-01-21 04:04:16.371274255,Chicken 65,3,Chicken,140,420,Tuesday,Dinner,New,5,2,January,2025,1,21,1,0
279,2025-01-21 05:49:07.549509902,Veg Biryani,1,Vegetarian,130,130,Tuesday,Dinner,Regular,3,2,January,2025,1,21,1,0
280,2025-01-21 07:33:58.727745549,Fried Rice,4,Vegetarian,120,480,Tuesday,Breakfast,Regular,5,1,January,2025,1,21,1,0
281,2025-01-21 09:18:49.905981196,Parotta,3,Vegetarian,60,180,Tuesday,Dinner,Regular,5,2,January,2025,1,21,1,0
282,2025-01-21 11:03:41.084216843,Fried Rice,3,Vegetarian,120,360,Tuesday,Lunch,Regular,5,2,January,2025,1,21,1,0
283,2025-01-21 12:48:32.262452490,Chicken Biryani,2,Chicken,180,360,Tuesday,Dinner,New,3,1,January,2025,1,21,1,0
284,2025-01-21 14:33:23.440688137,Mutton Biryani,2,Mutton,240,480,Tuesday,Breakfast,Regular,5,3,January,2025,1,21,1,0
285,2025-01-21 16:18:14.618923785,Parotta,1,Vegetarian,60,60,Tuesday,Lunch,Regular,2,1,January,2025,1,21,1,0
286,2025-01-21 18:03:05.797159432,Chicken Grill,3,Chicken,220,660,Tuesday,Dinner,Regular,6,3,January,2025,1,21,1,0
287,2025-01-21 19:47:56.975395079,Chicken 65,2,Chicken,140,280,Tuesday,Lunch,New,5,3,January,2025,1,21,1,0
288,2025-01-21 21:32:48.153630726,Chicken Fried Rice,4,Chicken,160,640,Tuesday,Lunch,Regular,7,3,January,2025,1,21,1,0
289,2025-01-21 23:17:39.331866373,Mutton Biryani,2,Mutton,240,480,Tuesday,Breakfast,New,3,1,January,2025,1,21,1,0
290,2025-01-22 01:02:30.510102020,Mutton Biryani,2,Mutton,240,480,Wednesday,Lunch,Regular,3,1,January,2025,1,22,2,0
291,2025-01-22 02:47:21.688337667,Fried Rice,3,Vegetarian,120,360,Wednesday,Lunch,Regular,3,0,January,2025,1,22,2,0
292,2025-01-22 04:32:12.866573314,Chicken Biryani,3,Chicken,180,540,Wednesday,Dinner,Regular,6,3,January,2025,1,22,2,0
293,2025-01-22 06:17:04.044808962,Dosa,5,Vegetarian,50,250,Wednesday,Lunch,Regular,6,1,January,2025,1,22,2,0
294,2025-01-22 08:01:55.223044609,Noodles,4,Vegetarian,110,440,Wednesday,Lunch,New,4,0,January,2025,1,22,2,0
295,2025-01-22 09:46:46.401280256,Fried Rice,3,Vegetarian,120,360,Wednesday,Dinner,New,6,3,January,2025,1,22,2,0
296,2025-01-22 11:31:37.579515903,Mutton Biryani,1,Mutton,240,240,Wednesday,Breakfast,New,2,1,January,2025,1,22,2,0
297,2025-01-22 13:16:28.757751550,Paneer Butter Masala,4,Vegetarian,170,680,Wednesday,Lunch,New,5,1,January,2025,1,22,2,0
298,2025-01-22 15:01:19.935987197,Chicken Noodles,4,Chicken,150,600,Wednesday,Dinner,New,5,1,January,2025,1,22,2,0
299,2025-01-22 16:46:11.114222844,Chicken 65,3,Chicken,140,420,Wednesday,Dinner,Regular,5,2,January,2025,1,22,2,0
300,2025-01-22 18:31:02.292458491,Noodles,4,Vegetarian,110,440,Wednesday,Dinner,Regular,4,0,January,2025,1,22,2,0
301,2025-01-22 20:15:53.470694139,Fried Rice,3,Vegetarian,120,360,Wednesday,Dinner,New,4,1,January,2025,1,22,2,0
302,2025-01-22 22:00:44.648929786,Chicken 65,2,Chicken,140,280,Wednesday,Breakfast,Regular,4,2,January,2025,1,22,2,0
303,2025-01-22 23:45:35.827165433,Chicken Noodles,5,Chicken,150,750,Wednesday,Dinner,Regular,5,0,January,2025,1,22,2,0
304,2025-01-23 01:30:27.005401080,Idli,2,Vegetarian,40,80,Thursday,Breakfast,Regular,2,0,January,2025,1,23,3,0
305,2025-01-23 03:15:18.183636727,Chicken Noodles,3,Chicken,150,450,Thursday,Dinner,Regular,5,2,January,2025,1,23,3,0
306,2025-01-23 05:00:09.361872374,Chicken Noodles,3,Chicken,150,450,Thursday,Lunch,New,3,0,January,2025,1,23,3,0
307,2025-01-23 06:45:00.540108021,Chicken 65,2,Chicken,140,280,Thursday,Dinner,Regular,4,2,January,2025,1,23,3,0
308,2025-01-23 08:29:51.718343668,Veg Biryani,1,Vegetarian,130,130,Thursday,Dinner,Regular,4,3,January,2025,1,23,3,0
309,2025-01-23 10:14:42.896579316,Chicken 65,1,Chicken,140,140,Thursday,Dinner,New,2,1,January,2025,1,23,3,0
310,2025-01-23 11:59:34.074814963,Dosa,1,Vegetarian,50,50,Thursday,Lunch,New,3,2,January,2025,1,23,3,0
311,2025-01-23 13:44:25.253050610,Chicken Biryani,3,Chicken,180,540,Thursday,Lunch,New,3,0,January,2025,1,23,3,0
312,2025-01-23 15:29:16.431286257,Parotta,4,Vegetarian,60,240,Thursday,Dinner,New,4,0,January,2025,1,23,3,0
313,2025-01-23 17:14:07.609521904,Veg Biryani,3,Vegetarian,130,390,Thursday,Dinner,Regular,6,3,January,2025,1,23,3,0
314,2025-01-23 18:58:58.787757551,Chicken Fried Rice,4,Chicken,160,640,Thursday,Breakfast,Regular,7,3,January,2025,1,23,3,0
315,2025-01-23 20:43:49.965993198,Parotta,2,Vegetarian,60,120,Thursday,Dinner,New,5,3,January,2025,1,23,3,0
316,2025-01-23 22:28:41.144228846,Chicken Biryani,5,Chicken,180,900,Thursday,Dinner,Regular,8,3,January,2025,1,23,3,0
317,2025-01-24 00:13:32.322464493,Fried Rice,4,Vegetarian,120,480,Friday,Lunch,Regular,7,3,January,2025,1,24,4,0
318,2025-01-24 01:58:23.500700140,Noodles,1,Vegetarian,110,110,Friday,Dinner,New,2,1,January,2025,1,24,4,0
319,2025-01-24 03:43:14.678935787,Dosa,3,Vegetarian,50,150,Friday,Lunch,New,5,2,January,2025,1,24,4,0
320,2025-01-24 05:28:05.857171434,Dosa,2,Vegetarian,50,100,Friday,Lunch,New,5,3,January,2025,1,24,4,0
321,2025-01-24 07:12:57.035407081,Chicken Fried Rice,1,Chicken,160,160,Friday,Lunch,Regular,4,3,January,2025,1,24,4,0
322,2025-01-24 08:57:48.213642728,Veg Biryani,2,Vegetarian,130,260,Friday,Lunch,New,3,1,January,2025,1,24,4,0
323,2025-01-24 10:42:39.391878375,Veg Meals,5,Vegetarian,100,500,Friday,Dinner,Regular,7,2,January,2025,1,24,4,0
324,2025-01-24 12:27:30.570114023,Idli,3,Vegetarian,40,120,Friday,Lunch,Regular,6,3,January,2025,1,24,4,0
325,2025-01-24 14:12:21.748349670,Chicken Noodles,3,Chicken,150,450,Friday,Dinner,Regular,5,2,January,2025,1,24,4,0
326,2025-01-24 15:57:12.926585317,Veg Biryani,5,Vegetarian,130,650,Friday,Dinner,New,7,2,January,2025,1,24,4,0
327,2025-01-24 17:42:04.104820964,Noodles,3,Vegetarian,110,330,Friday,Dinner,New,4,1,January,2025,1,24,4,0
328,2025-01-24 19:26:55.283056611,Idli,4,Vegetarian,40,160,Friday,Breakfast,Regular,5,1,January,2025,1,24,4,0
329,2025-01-24 21:11:46.461292258,Dosa,2,Vegetarian,50,100,Friday,Dinner,Regular,5,3,January,2025,1,24,4,0
330,2025-01-24 22:56:37.639527905,Chicken 65,1,Chicken,140,140,Friday,Lunch,Regular,1,0,January,2025,1,24,4,0
331,2025-01-25 00:41:28.817763552,Noodles,5,Vegetarian,110,550,Saturday,Lunch,Regular,6,1,January,2025,1,25,5,1
332,2025-01-25 02:26:19.995999200,Chicken Biryani,4,Chicken,180,720,Saturday,Lunch,Regular,6,2,January,2025,1,25,5,1
333,2025-01-25 04:11:11.174234847,Chicken Fried Rice,1,Chicken,160,160,Saturday,Lunch,Regular,3,2,January,2025,1,25,5,1
334,2025-01-25 05:56:02.352470494,Chicken Biryani,1,Chicken,180,180,Saturday,Dinner,Regular,4,3,January,2025,1,25,5,1
335,2025-01-25 07:40:53.530706141,Veg Meals,5,Vegetarian,100,500,Saturday,Lunch,New,8,3,January,2025,1,25,5,1
336,2025-01-25 09:25:44.708941788,Noodles,4,Vegetarian,110,440,Saturday,Dinner,Regular,7,3,January,2025,1,25,5,1
337,2025-01-25 11:10:35.887177435,Chicken Grill,1,Chicken,220,220,Saturday,Breakfast,Regular,3,2,January,2025,1,25,5,1
338,2025-01-25 12:55:27.065413082,Chicken Grill,1,Chicken,220,220,Saturday,Lunch,Regular,2,1,January,2025,1,25,5,1
339,2025-01-25 14:40:18.243648730,Fried Rice,4,Vegetarian,120,480,Saturday,Dinner,New,4,0,January,2025,1,25,5,1
340,2025-01-25 16:25:09.421884377,Veg Biryani,3,Vegetarian,130,390,Saturday,Dinner,Regular,4,1,January,2025,1,25,5,1
341,2025-01-25 18:10:00.600120024,Dosa,1,Vegetarian,50,50,Saturday,Lunch,Regular,1,0,January,2025,1,25,5,1
342,2025-01-25 19:54:51.778355671,Dosa,2,Vegetarian,50,100,Saturday,Lunch,New,3,1,January,2025,1,25,5,1
343,2025-01-25 21:39:42.956591318,Chicken Noodles,4,Chicken,150,600,Saturday,Lunch,New,7,3,January,2025,1,25,5,1
344,2025-01-25 23:24:34.134826965,Chicken Noodles,1,Chicken,150,150,Saturday,Lunch,Regular,3,2,January,2025,1,25,5,1
345,2025-01-26 01:09:25.313062612,Chicken Noodles,5,Chicken,150,750,Sunday,Dinner,Regular,5,0,January,2025,1,26,6,1
346,2025-01-26 02:54:16.491298259,Chicken 65,2,Chicken,140,280,Sunday,Dinner,Regular,3,1,January,2025,1,26,6,1
347,2025-01-26 04:39:07.669533907,Parotta,1,Vegetarian,60,60,Sunday,Lunch,New,3,2,January,2025,1,26,6,1
348,2025-01-26 06:23:58.847769554,Mutton Biryani,2,Mutton,240,480,Sunday,Dinner,Regular,2,0,January,2025,1,26,6,1
349,2025-01-26 08:08:50.026005201,Parotta,2,Vegetarian,60,120,Sunday,Lunch,Regular,2,0,January,2025,1,26,6,1
350,2025-01-26 09:53:41.204240848,Chicken Biryani,3,Chicken,180,540,Sunday,Lunch,Regular,5,2,January,2025,1,26,6,1
351,2025-01-26 11:38:32.382476495,Parotta,2,Vegetarian,60,120,Sunday,Lunch,Regular,5,3,January,2025,1,26,6,1
352,2025-01-26 13:23:23.560712142,Chicken 65,3,Chicken,140,420,Sunday,Dinner,Regular,5,2,January,2025,1,26,6,1
353,2025-01-26 15:08:14.738947789,Fried Rice,4,Vegetarian,120,480,Sunday,Lunch,Regular,7,3,January,2025,1,26,6,1
354,2025-01-26 16:53:05.917183436,Chicken Biryani,3,Chicken,180,540,Sunday,Lunch,New,4,1,January,2025,1,26,6,1
355,2025-01-26 18:37:57.095419084,Parotta,5,Vegetarian,60,300,Sunday,Lunch,Regular,6,1,January,2025,1,26,6,1
356,2025-01-26 20:22:48.273654731,Chicken 65,1,Chicken,140,140,Sunday,Breakfast,Regular,3,2,January,2025,1,26,6,1
357,2025-01-26 22:07:39.451890378,Mutton Biryani,4,Mutton,240,960,Sunday,Dinner,New,7,3,January,2025,1,26,6,1
358,2025-01-26 23:52:30.630126025,Parotta,4,Vegetarian,60,240,Sunday,Lunch,Regular,5,1,January,2025,1,26,6,1
359,2025-01-27 01:37:21.808361672,Chicken 65,5,Chicken,140,700,Monday,Breakfast,Regular,8,3,January,2025,1,27,0,0
360,2025-01-27 03:22:12.986597319,Veg Meals,3,Vegetarian,100,300,Monday,Dinner,New,6,3,January,2025,1,27,0,0
361,2025-01-27 05:07:04.164832967,Chicken Noodles,1,Chicken,150,150,Monday,Dinner,New,4,3,January,2025,1,27,0,0
362,2025-01-27 06:51:55.343068614,Veg Meals,3,Vegetarian,100,300,Monday,Dinner,Regular,5,2,January,2025,1,27,0,0
363,2025-01-27 08:36:46.521304261,Dosa,2,Vegetarian,50,100,Monday,Lunch,New,5,3,January,2025,1,27,0,0
364,2025-01-27 10:21:37.699539908,Chicken Noodles,3,Chicken,150,450,Monday,Breakfast,Regular,5,2,January,2025,1,27,0,0
365,2025-01-27 12:06:28.877775555,Dosa,4,Vegetarian,50,200,Monday,Lunch,New,5,1,January,2025,1,27,0,0
366,2025-01-27 13:51:20.056011202,Paneer Butter Masala,1,Vegetarian,170,170,Monday,Breakfast,Regular,2,1,January,2025,1,27,0,0
367,2025-01-27 15:36:11.234246849,Chicken Fried Rice,3,Chicken,160,480,Monday,Dinner,New,3,0,January,2025,1,27,0,0
368,2025-01-27 17:21:02.412482496,Veg Meals,1,Vegetarian,100,100,Monday,Breakfast,New,1,0,January,2025,1,27,0,0
369,2025-01-27 19:05:53.590718144,Chicken Fried Rice,1,Chicken,160,160,Monday,Lunch,Regular,2,1,January,2025,1,27,0,0
370,2025-01-27 20:50:44.768953791,Chicken Fried Rice,2,Chicken,160,320,Monday,Lunch,Regular,5,3,January,2025,1,27,0,0
371,2025-01-27 22:35:35.947189438,Mutton Biryani,2,Mutton,240,480,Monday,Lunch,Regular,5,3,January,2025,1,27,0,0
372,2025-01-28 00:20:27.125425085,Chicken Noodles,4,Chicken,150,600,Tuesday,Dinner,New,5,1,January,2025,1,28,1,0
373,2025-01-28 02:05:18.303660732,Paneer Butter Masala,5,Vegetarian,170,850,Tuesday,Lunch,Regular,6,1,January,2025,1,28,1,0
374,2025-01-28 03:50:09.481896379,Dosa,1,Vegetarian,50,50,Tuesday,Breakfast,Regular,1,0,January,2025,1,28,1,0
375,2025-01-28 05:35:00.660132026,Chicken 65,5,Chicken,140,700,Tuesday,Lunch,Regular,8,3,January,2025,1,28,1,0
376,2025-01-28 07:19:51.838367673,Chicken Biryani,4,Chicken,180,720,Tuesday,Lunch,Regular,5,1,January,2025,1,28,1,0
377,2025-01-28 09:04:43.016603321,Chicken 65,1,Chicken,140,140,Tuesday,Breakfast,Regular,1,0,January,2025,1,28,1,0
378,2025-01-28 10:49:34.194838968,Chicken Biryani,1,Chicken,180,180,Tuesday,Dinner,Regular,1,0,January,2025,1,28,1,0
379,2025-01-28 12:34:25.373074615,Veg Meals,5,Vegetarian,100,500,Tuesday,Lunch,Regular,8,3,January,2025,1,28,1,0
380,2025-01-28 14:19:16.551310262,Chicken Grill,3,Chicken,220,660,Tuesday,Dinner,Regular,3,0,January,2025,1,28,1,0
381,2025-01-28 16:04:07.729545909,Chicken 65,2,Chicken,140,280,Tuesday,Dinner,New,2,0,January,2025,1,28,1,0
382,2025-01-28 17:48:58.907781556,Parotta,3,Vegetarian,60,180,Tuesday,Dinner,New,5,2,January,2025,1,28,1,0
383,2025-01-28 19:33:50.086017203,Parotta,5,Vegetarian,60,300,Tuesday,Dinner,New,6,1,January,2025,1,28,1,0
384,2025-01-28 21:18:41.264252850,Veg Biryani,2,Vegetarian,130,260,Tuesday,Lunch,New,5,3,January,2025,1,28,1,0
385,2025-01-28 23:03:32.442488498,Chicken Noodles,3,Chicken,150,450,Tuesday,Breakfast,New,4,1,January,2025,1,28,1,0
386,2025-01-29 00:48:23.620724145,Chicken Biryani,2,Chicken,180,360,Wednesday,Lunch,Regular,4,2,January,2025,1,29,2,0
387,2025-01-29 02:33:14.798959792,Chicken Biryani,1,Chicken,180,180,Wednesday,Dinner,Regular,4,3,January,2025,1,29,2,0
388,2025-01-29 04:18:05.977195439,Noodles,3,Vegetarian,110,330,Wednesday,Dinner,Regular,4,1,January,2025,1,29,2,0
389,2025-01-29 06:02:57.155431086,Fried Rice,2,Vegetarian,120,240,Wednesday,Dinner,New,2,0,January,2025,1,29,2,0
390,2025-01-29 07:47:48.333666733,Chicken Noodles,2,Chicken,150,300,Wednesday,Breakfast,New,5,3,January,2025,1,29,2,0
391,2025-01-29 09:32:39.511902380,Mutton Biryani,2,Mutton,240,480,Wednesday,Dinner,Regular,4,2,January,2025,1,29,2,0
392,2025-01-29 11:17:30.690138028,Veg Biryani,3,Vegetarian,130,390,Wednesday,Lunch,New,3,0,January,2025,1,29,2,0
393,2025-01-29 13:02:21.868373675,Mutton Biryani,4,Mutton,240,960,Wednesday,Breakfast,Regular,6,2,January,2025,1,29,2,0
394,2025-01-29 14:47:13.046609322,Veg Meals,3,Vegetarian,100,300,Wednesday,Lunch,Regular,3,0,January,2025,1,29,2,0
395,2025-01-29 16:32:04.224844969,Veg Meals,5,Vegetarian,100,500,Wednesday,Breakfast,New,6,1,January,2025,1,29,2,0
396,2025-01-29 18:16:55.403080616,Mutton Biryani,3,Mutton,240,720,Wednesday,Lunch,New,4,1,January,2025,1,29,2,0
397,2025-01-29 20:01:46.581316263,Mutton Biryani,2,Mutton,240,480,Wednesday,Lunch,Regular,3,1,January,2025,1,29,2,0
398,2025-01-29 21:46:37.759551910,Paneer Butter Masala,1,Vegetarian,170,170,Wednesday,Lunch,Regular,3,2,January,2025,1,29,2,0
399,2025-01-29 23:31:28.937787557,Chicken Noodles,3,Chicken,150,450,Wednesday,Dinner,Regular,6,3,January,2025,1,29,2,0
400,2025-01-30 01:16:20.116023205,Mutton Biryani,3,Mutton,240,720,Thursday,Dinner,Regular,4,1,January,2025,1,30,3,0
401,2025-01-30 03:01:11.294258852,Parotta,2,Vegetarian,60,120,Thursday,Dinner,New,4,2,January,2025,1,30,3,0
402,2025-01-30 04:46:02.472494499,Fried Rice,1,Vegetarian,120,120,Thursday,Lunch,Regular,1,0,January,2025,1,30,3,0
403,2025-01-30 06:30:53.650730146,Fried Rice,1,Vegetarian,120,120,Thursday,Dinner,New,2,1,January,2025,1,30,3,0
404,2025-01-30 08:15:44.828965793,Chicken Fried Rice,5,Chicken,160,800,Thursday,Dinner,New,5,0,January,2025,1,30,3,0
405,2025-01-30 10:00:36.007201440,Chicken Grill,3,Chicken,220,660,Thursday,Breakfast,Regular,4,1,January,2025,1,30,3,0
406,2025-01-30 11:45:27.185437087,Veg Meals,1,Vegetarian,100,100,Thursday,Lunch,Regular,1,0,January,2025,1,30,3,0
407,2025-01-30 13:30:18.363672734,Chicken Biryani,1,Chicken,180,180,Thursday,Lunch,New,3,2,January,2025,1,30,3,0
408,2025-01-30 15:15:09.541908382,Noodles,4,Vegetarian,110,440,Thursday,Breakfast,New,5,1,January,2025,1,30,3,0
409,2025-01-30 17:00:00.720144029,Chicken Biryani,4,Chicken,180,720,Thursday,Dinner,New,6,2,January,2025,1,30,3,0
410,2025-01-30 18:44:51.898379676,Chicken Grill,1,Chicken,220,220,Thursday,Dinner,New,3,2,January,2025,1,30,3,0
411,2025-01-30 20:29:43.076615323,Noodles,5,Vegetarian,110,550,Thursday,Breakfast,New,5,0,January,2025,1,30,3,0
412,2025-01-30 22:14:34.254850970,Paneer Butter Masala,1,Vegetarian,170,170,Thursday,Dinner,Regular,2,1,January,2025,1,30,3,0
413,2025-01-30 23:59:25.433086617,Chicken Noodles,2,Chicken,150,300,Thursday,Dinner,Regular,5,3,January,2025,1,30,3,0
414,2025-01-31 01:44:16.611322264,Chicken 65,3,Chicken,140,420,Friday,Dinner,Regular,6,3,January,2025,1,31,4,0
415,2025-01-31 03:29:07.789557912,Chicken Noodles,5,Chicken,150,750,Friday,Lunch,Regular,7,2,January,2025,1,31,4,0
416,2025-01-31 05:13:58.967793559,Chicken Biryani,2,Chicken,180,360,Friday,Dinner,Regular,2,0,January,2025,1,31,4,0
417,2025-01-31 06:58:50.146029206,Chicken Biryani,5,Chicken,180,900,Friday,Lunch,Regular,5,0,January,2025,1,31,4,0
418,2025-01-31 08:43:41.324264853,Noodles,2,Vegetarian,110,220,Friday,Lunch,Regular,2,0,January,2025,1,31,4,0
419,2025-01-31 10:28:32.502500500,Noodles,3,Vegetarian,110,330,Friday,Breakfast,New,4,1,January,2025,1,31,4,0
420,2025-01-31 12:13:23.680736147,Veg Meals,3,Vegetarian,100,300,Friday,Breakfast,Regular,4,1,January,2025,1,31,4,0
421,2025-01-31 13:58:14.858971794,Paneer Butter Masala,4,Vegetarian,170,680,Friday,Dinner,Regular,4,0,January,2025,1,31,4,0
422,2025-01-31 15:43:06.037207441,Veg Meals,2,Vegetarian,100,200,Friday,Lunch,Regular,5,3,January,2025,1,31,4,0
423,2025-01-31 17:27:57.215443089,Chicken Grill,4,Chicken,220,880,Friday,Lunch,Regular,7,3,January,2025,1,31,4,0
424,2025-01-31 19:12:48.393678736,Mutton Biryani,2,Mutton,240,480,Friday,Breakfast,Regular,3,1,January,2025,1,31,4,0
425,2025-01-31 20:57:39.571914383,Chicken Noodles,4,Chicken,150,600,Friday,Dinner,Regular,4,0,January,2025,1,31,4,0
426,2025-01-31 22:42:30.750150030,Noodles,3,Vegetarian,110,330,Friday,Breakfast,New,6,3,January,2025,1,31,4,0
427,2025-02-01 00:27:21.928385677,Dosa,5,Vegetarian,50,250,Saturday,Dinner,Regular,8,3,February,2025,2,1,5,1
428,2025-02-01 02:12:13.106621324,Chicken Grill,4,Chicken,220,880,Saturday,Breakfast,Regular,5,1,February,2025,2,1,5,1
429,2025-02-01 03:57:04.284856971,Parotta,2,Vegetarian,60,120,Saturday,Breakfast,New,3,1,February,2025,2,1,5,1
430,2025-02-01 05:41:55.463092618,Paneer Butter Masala,2,Vegetarian,170,340,Saturday,Lunch,Regular,5,3,February,2025,2,1,5,1
431,2025-02-01 07:26:46.641328266,Chicken Biryani,3,Chicken,180,540,Saturday,Lunch,Regular,3,0,February,2025,2,1,5,1
432,2025-02-01 09:11:37.819563913,Veg Meals,2,Vegetarian,100,200,Saturday,Lunch,New,5,3,February,2025,2,1,5,1
433,2025-02-01 10:56:28.997799560,Chicken Grill,1,Chicken,220,220,Saturday,Lunch,Regular,4,3,February,2025,2,1,5,1
434,2025-02-01 12:41:20.176035207,Chicken Noodles,5,Chicken,150,750,Saturday,Dinner,New,5,0,February,2025,2,1,5,1
435,2025-02-01 14:26:11.354270854,Noodles,4,Vegetarian,110,440,Saturday,Dinner,Regular,5,1,February,2025,2,1,5,1
436,2025-02-01 16:11:02.532506501,Chicken Biryani,5,Chicken,180,900,Saturday,Breakfast,Regular,5,0,February,2025,2,1,5,1
437,2025-02-01 17:55:53.710742148,Chicken 65,3,Chicken,140,420,Saturday,Lunch,New,3,0,February,2025,2,1,5,1
438,2025-02-01 19:40:44.888977796,Paneer Butter Masala,4,Vegetarian,170,680,Saturday,Dinner,Regular,4,0,February,2025,2,1,5,1
439,2025-02-01 21:25:36.067213443,Chicken Grill,4,Chicken,220,880,Saturday,Lunch,Regular,4,0,February,2025,2,1,5,1
440,2025-02-01 23:10:27.245449090,Veg Biryani,1,Vegetarian,130,130,Saturday,Breakfast,Regular,2,1,February,2025,2,1,5,1
441,2025-02-02 00:55:18.423684737,Chicken Biryani,3,Chicken,180,540,Sunday,Dinner,Regular,6,3,February,2025,2,2,6,1
442,2025-02-02 02:40:09.601920384,Chicken Noodles,2,Chicken,150,300,Sunday,Dinner,Regular,4,2,February,2025,2,2,6,1
443,2025-02-02 04:25:00.780156031,Chicken Fried Rice,1,Chicken,160,160,Sunday,Lunch,Regular,2,1,February,2025,2,2,6,1
444,2025-02-02 06:09:51.958391678,Dosa,1,Vegetarian,50,50,Sunday,Breakfast,Regular,1,0,February,2025,2,2,6,1
445,2025-02-02 07:54:43.136627325,Idli,5,Vegetarian,40,200,Sunday,Breakfast,New,8,3,February,2025,2,2,6,1
446,2025-02-02 09:39:34.314862973,Mutton Biryani,5,Mutton,240,1200,Sunday,Dinner,Regular,8,3,February,2025,2,2,6,1
447,2025-02-02 11:24:25.493098620,Idli,5,Vegetarian,40,200,Sunday,Lunch,New,5,0,February,2025,2,2,6,1
448,2025-02-02 13:09:16.671334267,Chicken Noodles,1,Chicken,150,150,Sunday,Lunch,Regular,2,1,February,2025,2,2,6,1
449,2025-02-02 14:54:07.849569914,Parotta,2,Vegetarian,60,120,Sunday,Lunch,Regular,2,0,February,2025,2,2,6,1
450,2025-02-02 16:38:59.027805561,Veg Meals,4,Vegetarian,100,400,Sunday,Lunch,New,7,3,February,2025,2,2,6,1
451,2025-02-02 18:23:50.206041208,Parotta,5,Vegetarian,60,300,Sunday,Dinner,New,8,3,February,2025,2,2,6,1
452,2025-02-02 20:08:41.384276855,Chicken Fried Rice,2,Chicken,160,320,Sunday,Dinner,New,3,1,February,2025,2,2,6,1
453,2025-02-02 21:53:32.562512502,Mutton Biryani,3,Mutton,240,720,Sunday,Dinner,Regular,5,2,February,2025,2,2,6,1
454,2025-02-02 23:38:23.740748150,Veg Biryani,5,Vegetarian,130,650,Sunday,Breakfast,Regular,5,0,February,2025,2,2,6,1
455,2025-02-03 01:23:14.918983797,Chicken Fried Rice,4,Chicken,160,640,Monday,Breakfast,Regular,6,2,February,2025,2,3,0,0
456,2025-02-03 03:08:06.097219444,Fried Rice,3,Vegetarian,120,360,Monday,Lunch,Regular,6,3,February,2025,2,3,0,0
457,2025-02-03 04:52:57.275455091,Idli,3,Vegetarian,40,120,Monday,Breakfast,New,5,2,February,2025,2,3,0,0
458,2025-02-03 06:37:48.453690738,Chicken Fried Rice,4,Chicken,160,640,Monday,Dinner,Regular,4,0,February,2025,2,3,0,0
459,2025-02-03 08:22:39.631926385,Idli,5,Vegetarian,40,200,Monday,Breakfast,Regular,5,0,February,2025,2,3,0,0
460,2025-02-03 10:07:30.810162032,Chicken Biryani,1,Chicken,180,180,Monday,Lunch,Regular,4,3,February,2025,2,3,0,0
461,2025-02-03 11:52:21.988397679,Parotta,4,Vegetarian,60,240,Monday,Lunch,New,5,1,February,2025,2,3,0,0
462,2025-02-03 13:37:13.166633327,Chicken Biryani,4,Chicken,180,720,Monday,Dinner,Regular,5,1,February,2025,2,3,0,0
463,2025-02-03 15:22:04.344868974,Dosa,4,Vegetarian,50,200,Monday,Breakfast,Regular,7,3,February,2025,2,3,0,0
464,2025-02-03 17:06:55.523104621,Fried Rice,3,Vegetarian,120,360,Monday,Lunch,Regular,3,0,February,2025,2,3,0,0
465,2025-02-03 18:51:46.701340268,Mutton Biryani,2,Mutton,240,480,Monday,Lunch,New,3,1,February,2025,2,3,0,0
466,2025-02-03 20:36:37.879575915,Veg Biryani,1,Vegetarian,130,130,Monday,Dinner,Regular,3,2,February,2025,2,3,0,0
467,2025-02-03 22:21:29.057811562,Paneer Butter Masala,5,Vegetarian,170,850,Monday,Breakfast,Regular,8,3,February,2025,2,3,0,0
468,2025-02-04 00:06:20.236047209,Idli,5,Vegetarian,40,200,Tuesday,Dinner,New,7,2,February,2025,2,4,1,0
469,2025-02-04 01:51:11.414282857,Veg Biryani,2,Vegetarian,130,260,Tuesday,Dinner,Regular,2,0,February,2025,2,4,1,0
470,2025-02-04 03:36:02.592518504,Idli,4,Vegetarian,40,160,Tuesday,Lunch,Regular,5,1,February,2025,2,4,1,0
471,2025-02-04 05:20:53.770754151,Chicken Noodles,1,Chicken,150,150,Tuesday,Dinner,New,1,0,February,2025,2,4,1,0
472,2025-02-04 07:05:44.948989798,Chicken Fried Rice,5,Chicken,160,800,Tuesday,Breakfast,Regular,7,2,February,2025,2,4,1,0
473,2025-02-04 08:50:36.127225445,Dosa,5,Vegetarian,50,250,Tuesday,Dinner,Regular,5,0,February,2025,2,4,1,0
474,2025-02-04 10:35:27.305461092,Parotta,4,Vegetarian,60,240,Tuesday,Lunch,Regular,4,0,February,2025,2,4,1,0
475,2025-02-04 12:20:18.483696739,Paneer Butter Masala,2,Vegetarian,170,340,Tuesday,Lunch,Regular,5,3,February,2025,2,4,1,0
476,2025-02-04 14:05:09.661932386,Noodles,1,Vegetarian,110,110,Tuesday,Lunch,New,4,3,February,2025,2,4,1,0
477,2025-02-04 15:50:00.840168034,Idli,2,Vegetarian,40,80,Tuesday,Breakfast,Regular,2,0,February,2025,2,4,1,0
478,2025-02-04 17:34:52.018403681,Veg Biryani,2,Vegetarian,130,260,Tuesday,Dinner,New,5,3,February,2025,2,4,1,0
479,2025-02-04 19:19:43.196639328,Dosa,1,Vegetarian,50,50,Tuesday,Breakfast,Regular,1,0,February,2025,2,4,1,0
480,2025-02-04 21:04:34.374874975,Chicken 65,1,Chicken,140,140,Tuesday,Dinner,New,3,2,February,2025,2,4,1,0
481,2025-02-04 22:49:25.553110622,Paneer Butter Masala,5,Vegetarian,170,850,Tuesday,Lunch,New,8,3,February,2025,2,4,1,0
482,2025-02-05 00:34:16.731346269,Chicken 65,5,Chicken,140,700,Wednesday,Dinner,Regular,5,0,February,2025,2,5,2,0
483,2025-02-05 02:19:07.909581916,Chicken Biryani,1,Chicken,180,180,Wednesday,Lunch,Regular,4,3,February,2025,2,5,2,0
484,2025-02-05 04:03:59.087817563,Parotta,3,Vegetarian,60,180,Wednesday,Lunch,Regular,3,0,February,2025,2,5,2,0
485,2025-02-05 05:48:50.266053211,Veg Meals,5,Vegetarian,100,500,Wednesday,Lunch,New,8,3,February,2025,2,5,2,0
486,2025-02-05 07:33:41.444288858,Veg Meals,3,Vegetarian,100,300,Wednesday,Dinner,Regular,4,1,February,2025,2,5,2,0
487,2025-02-05 09:18:32.622524505,Noodles,1,Vegetarian,110,110,Wednesday,Breakfast,New,1,0,February,2025,2,5,2,0
488,2025-02-05 11:03:23.800760152,Chicken Noodles,5,Chicken,150,750,Wednesday,Breakfast,Regular,6,1,February,2025,2,5,2,0
489,2025-02-05 12:48:14.978995799,Veg Biryani,2,Vegetarian,130,260,Wednesday,Lunch,Regular,2,0,February,2025,2,5,2,0
490,2025-02-05 14:33:06.157231446,Noodles,1,Vegetarian,110,110,Wednesday,Dinner,New,2,1,February,2025,2,5,2,0
491,2025-02-05 16:17:57.335467093,Chicken Fried Rice,4,Chicken,160,640,Wednesday,Breakfast,Regular,4,0,February,2025,2,5,2,0
492,2025-02-05 18:02:48.513702741,Chicken Fried Rice,3,Chicken,160,480,Wednesday,Lunch,New,6,3,February,2025,2,5,2,0
493,2025-02-05 19:47:39.691938388,Veg Biryani,1,Vegetarian,130,130,Wednesday,Lunch,Regular,2,1,February,2025,2,5,2,0
494,2025-02-05 21:32:30.870174035,Mutton Biryani,1,Mutton,240,240,Wednesday,Dinner,Regular,4,3,February,2025,2,5,2,0
495,2025-02-05 23:17:22.048409682,Chicken Noodles,5,Chicken,150,750,Wednesday,Dinner,Regular,5,0,February,2025,2,5,2,0
496,2025-02-06 01:02:13.226645329,Dosa,5,Vegetarian,50,250,Thursday,Lunch,Regular,8,3,February,2025,2,6,3,0
497,2025-02-06 02:47:04.404880976,Idli,5,Vegetarian,40,200,Thursday,Lunch,New,5,0,February,2025,2,6,3,0
498,2025-02-06 04:31:55.583116623,Veg Meals,4,Vegetarian,100,400,Thursday,Lunch,New,7,3,February,2025,2,6,3,0
499,2025-02-06 06:16:46.761352270,Paneer Butter Masala,5,Vegetarian,170,850,Thursday,Breakfast,New,6,1,February,2025,2,6,3,0
500,2025-02-06 08:01:37.939587918,Mutton Biryani,1,Mutton,240,240,Thursday,Lunch,Regular,1,0,February,2025,2,6,3,0
501,2025-02-06 09:46:29.117823565,Idli,5,Vegetarian,40,200,Thursday,Dinner,Regular,8,3,February,2025,2,6,3,0
502,2025-02-06 11:31:20.296059212,Idli,2,Vegetarian,40,80,Thursday,Lunch,New,2,0,February,2025,2,6,3,0
503,2025-02-06 13:16:11.474294859,Mutton Biryani,5,Mutton,240,1200,Thursday,Dinner,Regular,5,0,February,2025,2,6,3,0
504,2025-02-06 15:01:02.652530506,Chicken Biryani,4,Chicken,180,720,Thursday,Lunch,New,4,0,February,2025,2,6,3,0
505,2025-02-06 16:45:53.830766153,Chicken 65,2,Chicken,140,280,Thursday,Dinner,New,4,2,February,2025,2,6,3,0
506,2025-02-06 18:30:45.009001800,Idli,1,Vegetarian,40,40,Thursday,Lunch,Regular,1,0,February,2025,2,6,3,0
507,2025-02-06 20:15:36.187237447,Mutton Biryani,1,Mutton,240,240,Thursday,Lunch,Regular,4,3,February,2025,2,6,3,0
508,2025-02-06 22:00:27.365473095,Mutton Biryani,3,Mutton,240,720,Thursday,Lunch,Regular,5,2,February,2025,2,6,3,0
509,2025-02-06 23:45:18.543708742,Fried Rice,2,Vegetarian,120,240,Thursday,Lunch,New,5,3,February,2025,2,6,3,0
510,2025-02-07 01:30:09.721944389,Noodles,3,Vegetarian,110,330,Friday,Lunch,Regular,5,2,February,2025,2,7,4,0
511,2025-02-07 03:15:00.900180036,Chicken Grill,2,Chicken,220,440,Friday,Dinner,New,2,0,February,2025,2,7,4,0
512,2025-02-07 04:59:52.078415683,Chicken Biryani,2,Chicken,180,360,Friday,Dinner,New,3,1,February,2025,2,7,4,0
513,2025-02-07 06:44:43.256651330,Parotta,4,Vegetarian,60,240,Friday,Lunch,Regular,5,1,February,2025,2,7,4,0
514,2025-02-07 08:29:34.434886977,Chicken Grill,3,Chicken,220,660,Friday,Breakfast,Regular,3,0,February,2025,2,7,4,0
515,2025-02-07 10:14:25.613122625,Noodles,4,Vegetarian,110,440,Friday,Lunch,New,6,2,February,2025,2,7,4,0
516,2025-02-07 11:59:16.791358272,Noodles,2,Vegetarian,110,220,Friday,Lunch,New,5,3,February,2025,2,7,4,0
517,2025-02-07 13:44:07.969593919,Noodles,1,Vegetarian,110,110,Friday,Breakfast,Regular,2,1,February,2025,2,7,4,0
518,2025-02-07 15:28:59.147829566,Chicken Grill,2,Chicken,220,440,Friday,Dinner,New,2,0,February,2025,2,7,4,0
519,2025-02-07 17:13:50.326065213,Veg Biryani,4,Vegetarian,130,520,Friday,Dinner,Regular,4,0,February,2025,2,7,4,0
520,2025-02-07 18:58:41.504300860,Chicken 65,3,Chicken,140,420,Friday,Dinner,Regular,5,2,February,2025,2,7,4,0
521,2025-02-07 20:43:32.682536507,Mutton Biryani,3,Mutton,240,720,Friday,Breakfast,New,4,1,February,2025,2,7,4,0
522,2025-02-07 22:28:23.860772154,Paneer Butter Masala,4,Vegetarian,170,680,Friday,Dinner,Regular,4,0,February,2025,2,7,4,0
523,2025-02-08 00:13:15.039007802,Chicken 65,3,Chicken,140,420,Saturday,Dinner,Regular,4,1,February,2025,2,8,5,1
524,2025-02-08 01:58:06.217243449,Veg Meals,5,Vegetarian,100,500,Saturday,Lunch,New,8,3,February,2025,2,8,5,1
525,2025-02-08 03:42:57.395479096,Chicken Noodles,1,Chicken,150,150,Saturday,Lunch,Regular,1,0,February,2025,2,8,5,1
526,2025-02-08 05:27:48.573714743,Veg Biryani,1,Vegetarian,130,130,Saturday,Dinner,New,1,0,February,2025,2,8,5,1
527,2025-02-08 07:12:39.751950390,Parotta,1,Vegetarian,60,60,Saturday,Lunch,Regular,4,3,February,2025,2,8,5,1
528,2025-02-08 08:57:30.930186037,Chicken 65,3,Chicken,140,420,Saturday,Lunch,New,3,0,February,2025,2,8,5,1
529,2025-02-08 10:42:22.108421684,Paneer Butter Masala,3,Vegetarian,170,510,Saturday,Lunch,Regular,5,2,February,2025,2,8,5,1
530,2025-02-08 12:27:13.286657331,Chicken Fried Rice,2,Chicken,160,320,Saturday,Lunch,Regular,5,3,February,2025,2,8,5,1
531,2025-02-08 14:12:04.464892979,Noodles,2,Vegetarian,110,220,Saturday,Breakfast,New,4,2,February,2025,2,8,5,1
532,2025-02-08 15:56:55.643128626,Idli,1,Vegetarian,40,40,Saturday,Dinner,Regular,4,3,February,2025,2,8,5,1
533,2025-02-08 17:41:46.821364273,Veg Meals,5,Vegetarian,100,500,Saturday,Dinner,New,8,3,February,2025,2,8,5,1
534,2025-02-08 19:26:37.999599920,Chicken Noodles,2,Chicken,150,300,Saturday,Dinner,Regular,4,2,February,2025,2,8,5,1
535,2025-02-08 21:11:29.177835567,Chicken Biryani,2,Chicken,180,360,Saturday,Breakfast,Regular,5,3,February,2025,2,8,5,1
536,2025-02-08 22:56:20.356071214,Parotta,3,Vegetarian,60,180,Saturday,Dinner,New,4,1,February,2025,2,8,5,1
537,2025-02-09 00:41:11.534306861,Chicken Noodles,5,Chicken,150,750,Sunday,Breakfast,Regular,7,2,February,2025,2,9,6,1
538,2025-02-09 02:26:02.712542508,Noodles,1,Vegetarian,110,110,Sunday,Breakfast,Regular,4,3,February,2025,2,9,6,1
539,2025-02-09 04:10:53.890778156,Idli,2,Vegetarian,40,80,Sunday,Lunch,New,4,2,February,2025,2,9,6,1
540,2025-02-09 05:55:45.069013803,Veg Biryani,5,Vegetarian,130,650,Sunday,Lunch,Regular,8,3,February,2025,2,9,6,1
541,2025-02-09 07:40:36.247249450,Idli,5,Vegetarian,40,200,Sunday,Lunch,Regular,8,3,February,2025,2,9,6,1
542,2025-02-09 09:25:27.425485097,Chicken Grill,1,Chicken,220,220,Sunday,Breakfast,Regular,2,1,February,2025,2,9,6,1
543,2025-02-09 11:10:18.603720744,Idli,5,Vegetarian,40,200,Sunday,Lunch,New,6,1,February,2025,2,9,6,1
544,2025-02-09 12:55:09.781956391,Chicken Grill,5,Chicken,220,1100,Sunday,Breakfast,Regular,6,1,February,2025,2,9,6,1
545,2025-02-09 14:40:00.960192038,Veg Meals,5,Vegetarian,100,500,Sunday,Dinner,Regular,8,3,February,2025,2,9,6,1
546,2025-02-09 16:24:52.138427686,Veg Biryani,2,Vegetarian,130,260,Sunday,Lunch,Regular,3,1,February,2025,2,9,6,1
547,2025-02-09 18:09:43.316663333,Dosa,1,Vegetarian,50,50,Sunday,Dinner,Regular,3,2,February,2025,2,9,6,1
548,2025-02-09 19:54:34.494898980,Noodles,5,Vegetarian,110,550,Sunday,Lunch,New,8,3,February,2025,2,9,6,1
549,2025-02-09 21:39:25.673134627,Chicken Grill,5,Chicken,220,1100,Sunday,Breakfast,Regular,7,2,February,2025,2,9,6,1
550,2025-02-09 23:24:16.851370274,Chicken Biryani,2,Chicken,180,360,Sunday,Dinner,Regular,3,1,February,2025,2,9,6,1
551,2025-02-10 01:09:08.029605921,Idli,1,Vegetarian,40,40,Monday,Lunch,Regular,4,3,February,2025,2,10,0,0
552,2025-02-10 02:53:59.207841568,Idli,3,Vegetarian,40,120,Monday,Lunch,New,5,2,February,2025,2,10,0,0
553,2025-02-10 04:38:50.386077215,Chicken Biryani,2,Chicken,180,360,Monday,Dinner,Regular,2,0,February,2025,2,10,0,0
554,2025-02-10 06:23:41.564312863,Chicken Fried Rice,1,Chicken,160,160,Monday,Breakfast,Regular,3,2,February,2025,2,10,0,0
555,2025-02-10 08:08:32.742548510,Veg Meals,5,Vegetarian,100,500,Monday,Dinner,Regular,8,3,February,2025,2,10,0,0
556,2025-02-10 09:53:23.920784157,Mutton Biryani,1,Mutton,240,240,Monday,Lunch,Regular,1,0,February,2025,2,10,0,0
557,2025-02-10 11:38:15.099019804,Dosa,1,Vegetarian,50,50,Monday,Lunch,Regular,2,1,February,2025,2,10,0,0
558,2025-02-10 13:23:06.277255451,Parotta,1,Vegetarian,60,60,Monday,Breakfast,Regular,2,1,February,2025,2,10,0,0
559,2025-02-10 15:07:57.455491098,Paneer Butter Masala,3,Vegetarian,170,510,Monday,Breakfast,Regular,5,2,February,2025,2,10,0,0
560,2025-02-10 16:52:48.633726745,Chicken Grill,1,Chicken,220,220,Monday,Dinner,New,2,1,February,2025,2,10,0,0
561,2025-02-10 18:37:39.811962392,Chicken Biryani,3,Chicken,180,540,Monday,Dinner,Regular,5,2,February,2025,2,10,0,0
562,2025-02-10 20:22:30.990198040,Paneer Butter Masala,5,Vegetarian,170,850,Monday,Lunch,New,7,2,February,2025,2,10,0,0
563,2025-02-10 22:07:22.168433687,Veg Biryani,3,Vegetarian,130,390,Monday,Breakfast,Regular,5,2,February,2025,2,10,0,0
564,2025-02-10 23:52:13.346669334,Chicken Grill,5,Chicken,220,1100,Monday,Dinner,Regular,7,2,February,2025,2,10,0,0
565,2025-02-11 01:37:04.524904981,Mutton Biryani,5,Mutton,240,1200,Tuesday,Lunch,Regular,8,3,February,2025,2,11,1,0
566,2025-02-11 03:21:55.703140628,Paneer Butter Masala,3,Vegetarian,170,510,Tuesday,Lunch,New,6,3,February,2025,2,11,1,0
567,2025-02-11 05:06:46.881376275,Veg Biryani,2,Vegetarian,130,260,Tuesday,Lunch,Regular,2,0,February,2025,2,11,1,0
568,2025-02-11 06:51:38.059611922,Chicken Noodles,4,Chicken,150,600,Tuesday,Lunch,New,4,0,February,2025,2,11,1,0
569,2025-02-11 08:36:29.237847570,Noodles,1,Vegetarian,110,110,Tuesday,Dinner,New,2,1,February,2025,2,11,1,0
570,2025-02-11 10:21:20.416083217,Idli,4,Vegetarian,40,160,Tuesday,Dinner,New,7,3,February,2025,2,11,1,0
571,2025-02-11 12:06:11.594318864,Chicken Noodles,1,Chicken,150,150,Tuesday,Breakfast,Regular,1,0,February,2025,2,11,1,0
572,2025-02-11 13:51:02.772554511,Chicken Grill,1,Chicken,220,220,Tuesday,Lunch,Regular,4,3,February,2025,2,11,1,0
573,2025-02-11 15:35:53.950790158,Mutton Biryani,5,Mutton,240,1200,Tuesday,Lunch,Regular,8,3,February,2025,2,11,1,0
574,2025-02-11 17:20:45.129025805,Dosa,1,Vegetarian,50,50,Tuesday,Lunch,Regular,2,1,February,2025,2,11,1,0
575,2025-02-11 19:05:36.307261452,Paneer Butter Masala,1,Vegetarian,170,170,Tuesday,Lunch,New,2,1,February,2025,2,11,1,0
576,2025-02-11 20:50:27.485497099,Veg Meals,3,Vegetarian,100,300,Tuesday,Dinner,Regular,5,2,February,2025,2,11,1,0
577,2025-02-11 22:35:18.663732747,Noodles,4,Vegetarian,110,440,Tuesday,Lunch,New,7,3,February,2025,2,11,1,0
578,2025-02-12 00:20:09.841968394,Chicken Grill,3,Chicken,220,660,Wednesday,Lunch,New,5,2,February,2025,2,12,2,0
579,2025-02-12 02:05:01.020204041,Chicken Biryani,1,Chicken,180,180,Wednesday,Lunch,New,3,2,February,2025,2,12,2,0
580,2025-02-12 03:49:52.198439688,Veg Meals,5,Vegetarian,100,500,Wednesday,Breakfast,Regular,7,2,February,2025,2,12,2,0
581,2025-02-12 05:34:43.376675335,Veg Meals,3,Vegetarian,100,300,Wednesday,Breakfast,Regular,6,3,February,2025,2,12,2,0
582,2025-02-12 07:19:34.554910982,Veg Meals,3,Vegetarian,100,300,Wednesday,Dinner,Regular,6,3,February,2025,2,12,2,0
583,2025-02-12 09:04:25.733146629,Chicken 65,2,Chicken,140,280,Wednesday,Breakfast,Regular,4,2,February,2025,2,12,2,0
584,2025-02-12 10:49:16.911382276,Chicken Grill,1,Chicken,220,220,Wednesday,Dinner,Regular,4,3,February,2025,2,12,2,0
585,2025-02-12 12:34:08.089617924,Noodles,5,Vegetarian,110,550,Wednesday,Lunch,New,7,2,February,2025,2,12,2,0
586,2025-02-12 14:18:59.267853571,Idli,3,Vegetarian,40,120,Wednesday,Lunch,Regular,3,0,February,2025,2,12,2,0
587,2025-02-12 16:03:50.446089218,Idli,3,Vegetarian,40,120,Wednesday,Lunch,Regular,6,3,February,2025,2,12,2,0
588,2025-02-12 17:48:41.624324865,Chicken Grill,5,Chicken,220,1100,Wednesday,Lunch,Regular,6,1,February,2025,2,12,2,0
589,2025-02-12 19:33:32.802560512,Veg Biryani,1,Vegetarian,130,130,Wednesday,Breakfast,Regular,2,1,February,2025,2,12,2,0
590,2025-02-12 21:18:23.980796159,Chicken 65,2,Chicken,140,280,Wednesday,Lunch,Regular,4,2,February,2025,2,12,2,0
591,2025-02-12 23:03:15.159031806,Chicken Biryani,3,Chicken,180,540,Wednesday,Dinner,New,3,0,February,2025,2,12,2,0
592,2025-02-13 00:48:06.337267454,Veg Meals,2,Vegetarian,100,200,Thursday,Dinner,Regular,5,3,February,2025,2,13,3,0
593,2025-02-13 02:32:57.515503101,Veg Meals,4,Vegetarian,100,400,Thursday,Lunch,Regular,6,2,February,2025,2,13,3,0
594,2025-02-13 04:17:48.693738748,Chicken Grill,1,Chicken,220,220,Thursday,Lunch,New,1,0,February,2025,2,13,3,0
595,2025-02-13 06:02:39.871974395,Veg Biryani,4,Vegetarian,130,520,Thursday,Breakfast,Regular,4,0,February,2025,2,13,3,0
596,2025-02-13 07:47:31.050210042,Idli,4,Vegetarian,40,160,Thursday,Lunch,Regular,7,3,February,2025,2,13,3,0
597,2025-02-13 09:32:22.228445689,Idli,4,Vegetarian,40,160,Thursday,Breakfast,New,5,1,February,2025,2,13,3,0
598,2025-02-13 11:17:13.406681336,Mutton Biryani,1,Mutton,240,240,Thursday,Dinner,Regular,2,1,February,2025,2,13,3,0
599,2025-02-13 13:02:04.584916983,Chicken Grill,1,Chicken,220,220,Thursday,Lunch,Regular,1,0,February,2025,2,13,3,0
600,2025-02-13 14:46:55.763152631,Chicken 65,5,Chicken,140,700,Thursday,Lunch,New,6,1,February,2025,2,13,3,0
601,2025-02-13 16:31:46.941388278,Chicken Fried Rice,2,Chicken,160,320,Thursday,Lunch,New,2,0,February,2025,2,13,3,0
602,2025-02-13 18:16:38.119623925,Chicken 65,2,Chicken,140,280,Thursday,Breakfast,New,2,0,February,2025,2,13,3,0
603,2025-02-13 20:01:29.297859572,Idli,5,Vegetarian,40,200,Thursday,Dinner,Regular,5,0,February,2025,2,13,3,0
604,2025-02-13 21:46:20.476095219,Idli,5,Vegetarian,40,200,Thursday,Breakfast,Regular,6,1,February,2025,2,13,3,0
605,2025-02-13 23:31:11.654330866,Chicken Noodles,4,Chicken,150,600,Thursday,Breakfast,Regular,6,2,February,2025,2,13,3,0
606,2025-02-14 01:16:02.832566513,Idli,5,Vegetarian,40,200,Friday,Dinner,New,6,1,February,2025,2,14,4,0
607,2025-02-14 03:00:54.010802160,Chicken Biryani,3,Chicken,180,540,Friday,Lunch,New,5,2,February,2025,2,14,4,0
608,2025-02-14 04:45:45.189037808,Parotta,2,Vegetarian,60,120,Friday,Dinner,New,3,1,February,2025,2,14,4,0
609,2025-02-14 06:30:36.367273455,Chicken Grill,5,Chicken,220,1100,Friday,Lunch,Regular,8,3,February,2025,2,14,4,0
610,2025-02-14 08:15:27.545509102,Paneer Butter Masala,3,Vegetarian,170,510,Friday,Lunch,Regular,6,3,February,2025,2,14,4,0
611,2025-02-14 10:00:18.723744749,Chicken 65,3,Chicken,140,420,Friday,Dinner,Regular,4,1,February,2025,2,14,4,0
612,2025-02-14 11:45:09.901980396,Parotta,3,Vegetarian,60,180,Friday,Breakfast,New,6,3,February,2025,2,14,4,0
613,2025-02-14 13:30:01.080216043,Veg Biryani,3,Vegetarian,130,390,Friday,Lunch,Regular,6,3,February,2025,2,14,4,0
614,2025-02-14 15:14:52.258451690,Chicken Fried Rice,4,Chicken,160,640,Friday,Lunch,Regular,7,3,February,2025,2,14,4,0
615,2025-02-14 16:59:43.436687337,Chicken Biryani,3,Chicken,180,540,Friday,Lunch,New,6,3,February,2025,2,14,4,0
616,2025-02-14 18:44:34.614922985,Noodles,4,Vegetarian,110,440,Friday,Dinner,Regular,6,2,February,2025,2,14,4,0
617,2025-02-14 20:29:25.793158632,Fried Rice,4,Vegetarian,120,480,Friday,Dinner,New,4,0,February,2025,2,14,4,0
618,2025-02-14 22:14:16.971394279,Chicken 65,3,Chicken,140,420,Friday,Dinner,New,5,2,February,2025,2,14,4,0
619,2025-02-14 23:59:08.149629926,Parotta,2,Vegetarian,60,120,Friday,Dinner,New,2,0,February,2025,2,14,4,0
620,2025-02-15 01:43:59.327865573,Noodles,3,Vegetarian,110,330,Saturday,Lunch,Regular,3,0,February,2025,2,15,5,1
621,2025-02-15 03:28:50.506101220,Chicken Fried Rice,3,Chicken,160,480,Saturday,Lunch,Regular,4,1,February,2025,2,15,5,1
622,2025-02-15 05:13:41.684336867,Chicken Noodles,3,Chicken,150,450,Saturday,Lunch,New,4,1,February,2025,2,15,5,1
623,2025-02-15 06:58:32.862572515,Noodles,2,Vegetarian,110,220,Saturday,Lunch,New,3,1,February,2025,2,15,5,1
624,2025-02-15 08:43:24.040808162,Chicken Biryani,1,Chicken,180,180,Saturday,Lunch,Regular,2,1,February,2025,2,15,5,1
625,2025-02-15 10:28:15.219043809,Chicken Biryani,1,Chicken,180,180,Saturday,Dinner,Regular,2,1,February,2025,2,15,5,1
626,2025-02-15 12:13:06.397279456,Paneer Butter Masala,4,Vegetarian,170,680,Saturday,Lunch,Regular,6,2,February,2025,2,15,5,1
627,2025-02-15 13:57:57.575515103,Chicken Noodles,4,Chicken,150,600,Saturday,Lunch,New,6,2,February,2025,2,15,5,1
628,2025-02-15 15:42:48.753750750,Fried Rice,2,Vegetarian,120,240,Saturday,Lunch,New,5,3,February,2025,2,15,5,1
629,2025-02-15 17:27:39.931986397,Chicken Grill,5,Chicken,220,1100,Saturday,Dinner,New,7,2,February,2025,2,15,5,1
630,2025-02-15 19:12:31.110222044,Noodles,1,Vegetarian,110,110,Saturday,Dinner,New,3,2,February,2025,2,15,5,1
631,2025-02-15 20:57:22.288457692,Chicken Noodles,4,Chicken,150,600,Saturday,Dinner,Regular,5,1,February,2025,2,15,5,1
632,2025-02-15 22:42:13.466693339,Chicken Biryani,1,Chicken,180,180,Saturday,Lunch,Regular,4,3,February,2025,2,15,5,1
633,2025-02-16 00:27:04.644928986,Chicken Biryani,2,Chicken,180,360,Sunday,Dinner,Regular,4,2,February,2025,2,16,6,1
634,2025-02-16 02:11:55.823164633,Parotta,2,Vegetarian,60,120,Sunday,Breakfast,Regular,4,2,February,2025,2,16,6,1
635,2025-02-16 03:56:47.001400280,Idli,5,Vegetarian,40,200,Sunday,Dinner,New,8,3,February,2025,2,16,6,1
636,2025-02-16 05:41:38.179635927,Fried Rice,5,Vegetarian,120,600,Sunday,Lunch,New,5,0,February,2025,2,16,6,1
637,2025-02-16 07:26:29.357871574,Noodles,2,Vegetarian,110,220,Sunday,Lunch,Regular,3,1,February,2025,2,16,6,1
638,2025-02-16 09:11:20.536107221,Paneer Butter Masala,4,Vegetarian,170,680,Sunday,Lunch,New,6,2,February,2025,2,16,6,1
639,2025-02-16 10:56:11.714342869,Paneer Butter Masala,1,Vegetarian,170,170,Sunday,Dinner,New,3,2,February,2025,2,16,6,1
640,2025-02-16 12:41:02.892578516,Noodles,3,Vegetarian,110,330,Sunday,Breakfast,Regular,6,3,February,2025,2,16,6,1
641,2025-02-16 14:25:54.070814163,Veg Meals,5,Vegetarian,100,500,Sunday,Dinner,New,7,2,February,2025,2,16,6,1
642,2025-02-16 16:10:45.249049810,Chicken Fried Rice,3,Chicken,160,480,Sunday,Lunch,New,4,1,February,2025,2,16,6,1
643,2025-02-16 17:55:36.427285457,Paneer Butter Masala,4,Vegetarian,170,680,Sunday,Lunch,Regular,6,2,February,2025,2,16,6,1
644,2025-02-16 19:40:27.605521104,Chicken Noodles,5,Chicken,150,750,Sunday,Breakfast,Regular,5,0,February,2025,2,16,6,1
645,2025-02-16 21:25:18.783756751,Chicken Fried Rice,3,Chicken,160,480,Sunday,Lunch,New,4,1,February,2025,2,16,6,1
646,2025-02-16 23:10:09.961992399,Chicken Noodles,4,Chicken,150,600,Sunday,Lunch,New,4,0,February,2025,2,16,6,1
647,2025-02-17 00:55:01.140228046,Veg Biryani,1,Vegetarian,130,130,Monday,Lunch,Regular,4,3,February,2025,2,17,0,0
648,2025-02-17 02:39:52.318463693,Chicken Biryani,4,Chicken,180,720,Monday,Dinner,New,5,1,February,2025,2,17,0,0
649,2025-02-17 04:24:43.496699340,Idli,5,Vegetarian,40,200,Monday,Lunch,Regular,7,2,February,2025,2,17,0,0
650,2025-02-17 06:09:34.674934987,Parotta,2,Vegetarian,60,120,Monday,Dinner,New,3,1,February,2025,2,17,0,0
651,2025-02-17 07:54:25.853170634,Paneer Butter Masala,1,Vegetarian,170,170,Monday,Lunch,New,2,1,February,2025,2,17,0,0
652,2025-02-17 09:39:17.031406281,Idli,3,Vegetarian,40,120,Monday,Dinner,Regular,4,1,February,2025,2,17,0,0
653,2025-02-17 11:24:08.209641928,Idli,5,Vegetarian,40,200,Monday,Breakfast,Regular,5,0,February,2025,2,17,0,0
654,2025-02-17 13:08:59.387877576,Idli,2,Vegetarian,40,80,Monday,Lunch,New,5,3,February,2025,2,17,0,0
655,2025-02-17 14:53:50.566113223,Veg Meals,4,Vegetarian,100,400,Monday,Lunch,New,5,1,February,2025,2,17,0,0
656,2025-02-17 16:38:41.744348870,Chicken Fried Rice,2,Chicken,160,320,Monday,Lunch,New,4,2,February,2025,2,17,0,0
657,2025-02-17 18:23:32.922584517,Chicken Noodles,5,Chicken,150,750,Monday,Dinner,New,6,1,February,2025,2,17,0,0
658,2025-02-17 20:08:24.100820164,Dosa,5,Vegetarian,50,250,Monday,Breakfast,Regular,6,1,February,2025,2,17,0,0
659,2025-02-17 21:53:15.279055811,Veg Biryani,2,Vegetarian,130,260,Monday,Breakfast,Regular,5,3,February,2025,2,17,0,0
660,2025-02-17 23:38:06.457291458,Chicken 65,4,Chicken,140,560,Monday,Dinner,Regular,6,2,February,2025,2,17,0,0
661,2025-02-18 01:22:57.635527105,Idli,2,Vegetarian,40,80,Tuesday,Lunch,Regular,4,2,February,2025,2,18,1,0
662,2025-02-18 03:07:48.813762753,Chicken Grill,5,Chicken,220,1100,Tuesday,Dinner,Regular,5,0,February,2025,2,18,1,0
663,2025-02-18 04:52:39.991998400,Chicken Fried Rice,5,Chicken,160,800,Tuesday,Lunch,Regular,7,2,February,2025,2,18,1,0
664,2025-02-18 06:37:31.170234047,Paneer Butter Masala,3,Vegetarian,170,510,Tuesday,Dinner,New,5,2,February,2025,2,18,1,0
665,2025-02-18 08:22:22.348469694,Fried Rice,3,Vegetarian,120,360,Tuesday,Breakfast,New,5,2,February,2025,2,18,1,0
666,2025-02-18 10:07:13.526705341,Paneer Butter Masala,1,Vegetarian,170,170,Tuesday,Breakfast,Regular,2,1,February,2025,2,18,1,0
667,2025-02-18 11:52:04.704940988,Parotta,5,Vegetarian,60,300,Tuesday,Lunch,Regular,5,0,February,2025,2,18,1,0
668,2025-02-18 13:36:55.883176635,Chicken 65,3,Chicken,140,420,Tuesday,Dinner,Regular,5,2,February,2025,2,18,1,0
669,2025-02-18 15:21:47.061412283,Dosa,2,Vegetarian,50,100,Tuesday,Lunch,Regular,4,2,February,2025,2,18,1,0
670,2025-02-18 17:06:38.239647930,Chicken Grill,4,Chicken,220,880,Tuesday,Lunch,Regular,6,2,February,2025,2,18,1,0
671,2025-02-18 18:51:29.417883577,Paneer Butter Masala,2,Vegetarian,170,340,Tuesday,Dinner,New,3,1,February,2025,2,18,1,0
672,2025-02-18 20:36:20.596119224,Dosa,4,Vegetarian,50,200,Tuesday,Dinner,Regular,5,1,February,2025,2,18,1,0
673,2025-02-18 22:21:11.774354871,Chicken 65,3,Chicken,140,420,Tuesday,Dinner,New,3,0,February,2025,2,18,1,0
674,2025-02-19 00:06:02.952590518,Idli,1,Vegetarian,40,40,Wednesday,Dinner,Regular,4,3,February,2025,2,19,2,0
675,2025-02-19 01:50:54.130826165,Chicken Grill,2,Chicken,220,440,Wednesday,Breakfast,New,2,0,February,2025,2,19,2,0
676,2025-02-19 03:35:45.309061812,Dosa,2,Vegetarian,50,100,Wednesday,Breakfast,Regular,3,1,February,2025,2,19,2,0
677,2025-02-19 05:20:36.487297460,Parotta,2,Vegetarian,60,120,Wednesday,Dinner,Regular,4,2,February,2025,2,19,2,0
678,2025-02-19 07:05:27.665533107,Chicken Noodles,4,Chicken,150,600,Wednesday,Dinner,Regular,6,2,February,2025,2,19,2,0
679,2025-02-19 08:50:18.843768754,Chicken Biryani,3,Chicken,180,540,Wednesday,Lunch,Regular,3,0,February,2025,2,19,2,0
680,2025-02-19 10:35:10.022004401,Chicken Noodles,2,Chicken,150,300,Wednesday,Lunch,Regular,4,2,February,2025,2,19,2,0
681,2025-02-19 12:20:01.200240048,Chicken 65,2,Chicken,140,280,Wednesday,Dinner,Regular,3,1,February,2025,2,19,2,0
682,2025-02-19 14:04:52.378475695,Chicken Fried Rice,1,Chicken,160,160,Wednesday,Breakfast,Regular,1,0,February,2025,2,19,2,0
683,2025-02-19 15:49:43.556711342,Chicken Biryani,1,Chicken,180,180,Wednesday,Lunch,New,4,3,February,2025,2,19,2,0
684,2025-02-19 17:34:34.734946989,Veg Biryani,3,Vegetarian,130,390,Wednesday,Lunch,Regular,4,1,February,2025,2,19,2,0
685,2025-02-19 19:19:25.913182637,Parotta,3,Vegetarian,60,180,Wednesday,Lunch,Regular,4,1,February,2025,2,19,2,0
686,2025-02-19 21:04:17.091418284,Veg Biryani,5,Vegetarian,130,650,Wednesday,Dinner,Regular,7,2,February,2025,2,19,2,0
687,2025-02-19 22:49:08.269653931,Veg Meals,1,Vegetarian,100,100,Wednesday,Lunch,New,2,1,February,2025,2,19,2,0
688,2025-02-20 00:33:59.447889578,Chicken Grill,5,Chicken,220,1100,Thursday,Dinner,Regular,6,1,February,2025,2,20,3,0
689,2025-02-20 02:18:50.626125225,Noodles,4,Vegetarian,110,440,Thursday,Lunch,New,7,3,February,2025,2,20,3,0
690,2025-02-20 04:03:41.804360872,Chicken Biryani,5,Chicken,180,900,Thursday,Lunch,New,7,2,February,2025,2,20,3,0
691,2025-02-20 05:48:32.982596519,Veg Biryani,2,Vegetarian,130,260,Thursday,Dinner,Regular,3,1,February,2025,2,20,3,0
692,2025-02-20 07:33:24.160832166,Paneer Butter Masala,5,Vegetarian,170,850,Thursday,Lunch,New,7,2,February,2025,2,20,3,0
693,2025-02-20 09:18:15.339067814,Veg Biryani,3,Vegetarian,130,390,Thursday,Breakfast,New,4,1,February,2025,2,20,3,0
694,2025-02-20 11:03:06.517303461,Dosa,4,Vegetarian,50,200,Thursday,Breakfast,Regular,7,3,February,2025,2,20,3,0
695,2025-02-20 12:47:57.695539108,Chicken Noodles,2,Chicken,150,300,Thursday,Lunch,New,4,2,February,2025,2,20,3,0
696,2025-02-20 14:32:48.873774755,Dosa,5,Vegetarian,50,250,Thursday,Lunch,New,7,2,February,2025,2,20,3,0
697,2025-02-20 16:17:40.052010402,Veg Meals,4,Vegetarian,100,400,Thursday,Dinner,New,7,3,February,2025,2,20,3,0
698,2025-02-20 18:02:31.230246049,Chicken Biryani,4,Chicken,180,720,Thursday,Dinner,Regular,4,0,February,2025,2,20,3,0
699,2025-02-20 19:47:22.408481696,Chicken Biryani,2,Chicken,180,360,Thursday,Dinner,Regular,3,1,February,2025,2,20,3,0
700,2025-02-20 21:32:13.586717344,Veg Meals,5,Vegetarian,100,500,Thursday,Lunch,Regular,6,1,February,2025,2,20,3,0
701,2025-02-20 23:17:04.764952991,Chicken 65,4,Chicken,140,560,Thursday,Lunch,New,4,0,February,2025,2,20,3,0
702,2025-02-21 01:01:55.943188638,Dosa,4,Vegetarian,50,200,Friday,Lunch,New,6,2,February,2025,2,21,4,0
703,2025-02-21 02:46:47.121424285,Mutton Biryani,1,Mutton,240,240,Friday,Breakfast,New,3,2,February,2025,2,21,4,0
704,2025-02-21 04:31:38.299659932,Paneer Butter Masala,4,Vegetarian,170,680,Friday,Breakfast,Regular,7,3,February,2025,2,21,4,0
705,2025-02-21 06:16:29.477895579,Fried Rice,1,Vegetarian,120,120,Friday,Lunch,Regular,4,3,February,2025,2,21,4,0
706,2025-02-21 08:01:20.656131226,Chicken Noodles,5,Chicken,150,750,Friday,Dinner,New,8,3,February,2025,2,21,4,0
707,2025-02-21 09:46:11.834366873,Chicken Biryani,5,Chicken,180,900,Friday,Breakfast,New,5,0,February,2025,2,21,4,0
708,2025-02-21 11:31:03.012602521,Chicken 65,5,Chicken,140,700,Friday,Breakfast,New,5,0,February,2025,2,21,4,0
709,2025-02-21 13:15:54.190838168,Noodles,3,Vegetarian,110,330,Friday,Dinner,Regular,5,2,February,2025,2,21,4,0
710,2025-02-21 15:00:45.369073815,Paneer Butter Masala,5,Vegetarian,170,850,Friday,Lunch,Regular,8,3,February,2025,2,21,4,0
711,2025-02-21 16:45:36.547309462,Dosa,4,Vegetarian,50,200,Friday,Dinner,Regular,6,2,February,2025,2,21,4,0
712,2025-02-21 18:30:27.725545109,Chicken Noodles,2,Chicken,150,300,Friday,Dinner,Regular,2,0,February,2025,2,21,4,0
713,2025-02-21 20:15:18.903780756,Noodles,1,Vegetarian,110,110,Friday,Dinner,Regular,2,1,February,2025,2,21,4,0
714,2025-02-21 22:00:10.082016403,Dosa,3,Vegetarian,50,150,Friday,Lunch,New,5,2,February,2025,2,21,4,0
715,2025-02-21 23:45:01.260252050,Veg Biryani,5,Vegetarian,130,650,Friday,Dinner,New,5,0,February,2025,2,21,4,0
716,2025-02-22 01:29:52.438487698,Noodles,5,Vegetarian,110,550,Saturday,Lunch,Regular,8,3,February,2025,2,22,5,1
717,2025-02-22 03:14:43.616723345,Veg Meals,2,Vegetarian,100,200,Saturday,Dinner,Regular,3,1,February,2025,2,22,5,1
718,2025-02-22 04:59:34.794958992,Chicken 65,2,Chicken,140,280,Saturday,Lunch,Regular,3,1,February,2025,2,22,5,1
719,2025-02-22 06:44:25.973194639,Chicken Noodles,3,Chicken,150,450,Saturday,Breakfast,Regular,4,1,February,2025,2,22,5,1
720,2025-02-22 08:29:17.151430286,Idli,1,Vegetarian,40,40,Saturday,Lunch,Regular,4,3,February,2025,2,22,5,1
721,2025-02-22 10:14:08.329665934,Chicken Grill,5,Chicken,220,1100,Saturday,Lunch,Regular,6,1,February,2025,2,22,5,1
722,2025-02-22 11:58:59.507901581,Chicken Grill,3,Chicken,220,660,Saturday,Dinner,Regular,3,0,February,2025,2,22,5,1
723,2025-02-22 13:43:50.686137228,Chicken Noodles,4,Chicken,150,600,Saturday,Dinner,Regular,6,2,February,2025,2,22,5,1
724,2025-02-22 15:28:41.864372875,Noodles,4,Vegetarian,110,440,Saturday,Dinner,New,5,1,February,2025,2,22,5,1
725,2025-02-22 17:13:33.042608522,Dosa,3,Vegetarian,50,150,Saturday,Breakfast,Regular,4,1,February,2025,2,22,5,1
726,2025-02-22 18:58:24.220844169,Chicken 65,5,Chicken,140,700,Saturday,Dinner,Regular,5,0,February,2025,2,22,5,1
727,2025-02-22 20:43:15.399079816,Fried Rice,3,Vegetarian,120,360,Saturday,Lunch,Regular,6,3,February,2025,2,22,5,1
728,2025-02-22 22:28:06.577315463,Chicken Grill,5,Chicken,220,1100,Saturday,Dinner,Regular,6,1,February,2025,2,22,5,1
729,2025-02-23 00:12:57.755551111,Chicken 65,2,Chicken,140,280,Sunday,Dinner,Regular,2,0,February,2025,2,23,6,1
730,2025-02-23 01:57:48.933786758,Chicken Grill,3,Chicken,220,660,Sunday,Breakfast,New,3,0,February,2025,2,23,6,1
731,2025-02-23 03:42:40.112022405,Veg Biryani,5,Vegetarian,130,650,Sunday,Dinner,Regular,8,3,February,2025,2,23,6,1
732,2025-02-23 05:27:31.290258052,Dosa,3,Vegetarian,50,150,Sunday,Breakfast,New,6,3,February,2025,2,23,6,1
733,2025-02-23 07:12:22.468493699,Veg Biryani,3,Vegetarian,130,390,Sunday,Lunch,Regular,5,2,February,2025,2,23,6,1
734,2025-02-23 08:57:13.646729346,Paneer Butter Masala,5,Vegetarian,170,850,Sunday,Lunch,Regular,6,1,February,2025,2,23,6,1
735,2025-02-23 10:42:04.824964993,Chicken Grill,5,Chicken,220,1100,Sunday,Breakfast,New,7,2,February,2025,2,23,6,1
736,2025-02-23 12:26:56.003200640,Idli,1,Vegetarian,40,40,Sunday,Dinner,New,1,0,February,2025,2,23,6,1
737,2025-02-23 14:11:47.181436288,Idli,3,Vegetarian,40,120,Sunday,Breakfast,Regular,4,1,February,2025,2,23,6,1
738,2025-02-23 15:56:38.359671935,Veg Biryani,4,Vegetarian,130,520,Sunday,Breakfast,New,4,0,February,2025,2,23,6,1
739,2025-02-23 17:41:29.537907582,Veg Meals,3,Vegetarian,100,300,Sunday,Lunch,New,3,0,February,2025,2,23,6,1
740,2025-02-23 19:26:20.716143229,Idli,3,Vegetarian,40,120,Sunday,Dinner,Regular,3,0,February,2025,2,23,6,1
741,2025-02-23 21:11:11.894378876,Chicken Grill,5,Chicken,220,1100,Sunday,Dinner,Regular,8,3,February,2025,2,23,6,1
742,2025-02-23 22:56:03.072614523,Chicken Noodles,3,Chicken,150,450,Sunday,Dinner,New,6,3,February,2025,2,23,6,1
743,2025-02-24 00:40:54.250850170,Veg Biryani,3,Vegetarian,130,390,Monday,Dinner,Regular,4,1,February,2025,2,24,0,0
744,2025-02-24 02:25:45.429085818,Paneer Butter Masala,4,Vegetarian,170,680,Monday,Lunch,Regular,4,0,February,2025,2,24,0,0
745,2025-02-24 04:10:36.607321465,Fried Rice,5,Vegetarian,120,600,Monday,Breakfast,Regular,5,0,February,2025,2,24,0,0
746,2025-02-24 05:55:27.785557112,Fried Rice,3,Vegetarian,120,360,Monday,Breakfast,Regular,4,1,February,2025,2,24,0,0
747,2025-02-24 07:40:18.963792759,Chicken Fried Rice,2,Chicken,160,320,Monday,Lunch,New,4,2,February,2025,2,24,0,0
748,2025-02-24 09:25:10.142028406,Noodles,1,Vegetarian,110,110,Monday,Dinner,New,1,0,February,2025,2,24,0,0
749,2025-02-24 11:10:01.320264053,Dosa,4,Vegetarian,50,200,Monday,Lunch,New,7,3,February,2025,2,24,0,0
750,2025-02-24 12:54:52.498499700,Idli,3,Vegetarian,40,120,Monday,Dinner,Regular,5,2,February,2025,2,24,0,0
751,2025-02-24 14:39:43.676735347,Idli,2,Vegetarian,40,80,Monday,Lunch,Regular,4,2,February,2025,2,24,0,0
752,2025-02-24 16:24:34.854970995,Noodles,3,Vegetarian,110,330,Monday,Breakfast,Regular,5,2,February,2025,2,24,0,0
753,2025-02-24 18:09:26.033206642,Chicken Biryani,3,Chicken,180,540,Monday,Breakfast,Regular,5,2,February,2025,2,24,0,0
754,2025-02-24 19:54:17.211442289,Paneer Butter Masala,5,Vegetarian,170,850,Monday,Dinner,Regular,7,2,February,2025,2,24,0,0
755,2025-02-24 21:39:08.389677936,Mutton Biryani,5,Mutton,240,1200,Monday,Dinner,Regular,7,2,February,2025,2,24,0,0
756,2025-02-24 23:23:59.567913583,Veg Biryani,5,Vegetarian,130,650,Monday,Dinner,Regular,6,1,February,2025,2,24,0,0
757,2025-02-25 01:08:50.746149230,Veg Meals,2,Vegetarian,100,200,Tuesday,Breakfast,New,3,1,February,2025,2,25,1,0
758,2025-02-25 02:53:41.924384877,Paneer Butter Masala,3,Vegetarian,170,510,Tuesday,Dinner,New,5,2,February,2025,2,25,1,0
759,2025-02-25 04:38:33.102620524,Parotta,1,Vegetarian,60,60,Tuesday,Lunch,Regular,4,3,February,2025,2,25,1,0
760,2025-02-25 06:23:24.280856172,Idli,4,Vegetarian,40,160,Tuesday,Breakfast,Regular,5,1,February,2025,2,25,1,0
761,2025-02-25 08:08:15.459091819,Dosa,5,Vegetarian,50,250,Tuesday,Dinner,Regular,6,1,February,2025,2,25,1,0
762,2025-02-25 09:53:06.637327466,Chicken Fried Rice,5,Chicken,160,800,Tuesday,Lunch,Regular,7,2,February,2025,2,25,1,0
763,2025-02-25 11:37:57.815563113,Fried Rice,3,Vegetarian,120,360,Tuesday,Dinner,New,6,3,February,2025,2,25,1,0
764,2025-02-25 13:22:48.993798760,Idli,3,Vegetarian,40,120,Tuesday,Breakfast,Regular,5,2,February,2025,2,25,1,0
765,2025-02-25 15:07:40.172034407,Chicken Fried Rice,2,Chicken,160,320,Tuesday,Lunch,Regular,5,3,February,2025,2,25,1,0
766,2025-02-25 16:52:31.350270054,Chicken Grill,2,Chicken,220,440,Tuesday,Dinner,Regular,5,3,February,2025,2,25,1,0
767,2025-02-25 18:37:22.528505701,Paneer Butter Masala,5,Vegetarian,170,850,Tuesday,Lunch,Regular,5,0,February,2025,2,25,1,0
768,2025-02-25 20:22:13.706741349,Chicken Grill,3,Chicken,220,660,Tuesday,Dinner,Regular,4,1,February,2025,2,25,1,0
769,2025-02-25 22:07:04.884976996,Mutton Biryani,1,Mutton,240,240,Tuesday,Breakfast,Regular,3,2,February,2025,2,25,1,0
770,2025-02-25 23:51:56.063212643,Chicken Noodles,4,Chicken,150,600,Tuesday,Dinner,Regular,5,1,February,2025,2,25,1,0
771,2025-02-26 01:36:47.241448290,Parotta,3,Vegetarian,60,180,Wednesday,Lunch,Regular,4,1,February,2025,2,26,2,0
772,2025-02-26 03:21:38.419683937,Paneer Butter Masala,3,Vegetarian,170,510,Wednesday,Lunch,Regular,6,3,February,2025,2,26,2,0
773,2025-02-26 05:06:29.597919584,Chicken Biryani,2,Chicken,180,360,Wednesday,Lunch,New,3,1,February,2025,2,26,2,0
774,2025-02-26 06:51:20.776155231,Mutton Biryani,4,Mutton,240,960,Wednesday,Breakfast,New,4,0,February,2025,2,26,2,0
775,2025-02-26 08:36:11.954390879,Chicken 65,5,Chicken,140,700,Wednesday,Dinner,New,7,2,February,2025,2,26,2,0
776,2025-02-26 10:21:03.132626526,Chicken Biryani,3,Chicken,180,540,Wednesday,Lunch,New,4,1,February,2025,2,26,2,0
777,2025-02-26 12:05:54.310862173,Veg Biryani,5,Vegetarian,130,650,Wednesday,Lunch,Regular,7,2,February,2025,2,26,2,0
778,2025-02-26 13:50:45.489097820,Dosa,3,Vegetarian,50,150,Wednesday,Lunch,Regular,4,1,February,2025,2,26,2,0
779,2025-02-26 15:35:36.667333467,Paneer Butter Masala,5,Vegetarian,170,850,Wednesday,Lunch,New,7,2,February,2025,2,26,2,0
780,2025-02-26 17:20:27.845569114,Chicken 65,4,Chicken,140,560,Wednesday,Dinner,New,6,2,February,2025,2,26,2,0
781,2025-02-26 19:05:19.023804761,Chicken 65,2,Chicken,140,280,Wednesday,Dinner,New,4,2,February,2025,2,26,2,0
782,2025-02-26 20:50:10.202040408,Mutton Biryani,4,Mutton,240,960,Wednesday,Lunch,Regular,5,1,February,2025,2,26,2,0
783,2025-02-26 22:35:01.380276056,Noodles,1,Vegetarian,110,110,Wednesday,Dinner,Regular,1,0,February,2025,2,26,2,0
784,2025-02-27 00:19:52.558511703,Chicken Noodles,2,Chicken,150,300,Thursday,Lunch,Regular,4,2,February,2025,2,27,3,0
785,2025-02-27 02:04:43.736747350,Paneer Butter Masala,4,Vegetarian,170,680,Thursday,Breakfast,Regular,7,3,February,2025,2,27,3,0
786,2025-02-27 03:49:34.914982997,Noodles,1,Vegetarian,110,110,Thursday,Dinner,New,4,3,February,2025,2,27,3,0
787,2025-02-27 05:34:26.093218644,Mutton Biryani,3,Mutton,240,720,Thursday,Lunch,New,6,3,February,2025,2,27,3,0
788,2025-02-27 07:19:17.271454291,Veg Biryani,3,Vegetarian,130,390,Thursday,Dinner,New,3,0,February,2025,2,27,3,0
789,2025-02-27 09:04:08.449689938,Fried Rice,5,Vegetarian,120,600,Thursday,Dinner,Regular,7,2,February,2025,2,27,3,0
790,2025-02-27 10:48:59.627925585,Idli,2,Vegetarian,40,80,Thursday,Lunch,Regular,2,0,February,2025,2,27,3,0
791,2025-02-27 12:33:50.806161233,Idli,3,Vegetarian,40,120,Thursday,Dinner,Regular,5,2,February,2025,2,27,3,0
792,2025-02-27 14:18:41.984396880,Chicken Noodles,2,Chicken,150,300,Thursday,Dinner,Regular,2,0,February,2025,2,27,3,0
793,2025-02-27 16:03:33.162632527,Veg Biryani,3,Vegetarian,130,390,Thursday,Lunch,Regular,5,2,February,2025,2,27,3,0
794,2025-02-27 17:48:24.340868174,Veg Meals,5,Vegetarian,100,500,Thursday,Dinner,New,8,3,February,2025,2,27,3,0
795,2025-02-27 19:33:15.519103821,Chicken Noodles,4,Chicken,150,600,Thursday,Lunch,New,6,2,February,2025,2,27,3,0
796,2025-02-27 21:18:06.697339468,Paneer Butter Masala,5,Vegetarian,170,850,Thursday,Dinner,Regular,5,0,February,2025,2,27,3,0
797,2025-02-27 23:02:57.875575115,Paneer Butter Masala,1,Vegetarian,170,170,Thursday,Dinner,Regular,3,2,February,2025,2,27,3,0
798,2025-02-28 00:47:49.053810763,Chicken Fried Rice,3,Chicken,160,480,Friday,Breakfast,New,4,1,February,2025,2,28,4,0
799,2025-02-28 02:32:40.232046410,Noodles,1,Vegetarian,110,110,Friday,Lunch,Regular,3,2,February,2025,2,28,4,0
800,2025-02-28 04:17:31.410282057,Veg Meals,1,Vegetarian,100,100,Friday,Dinner,Regular,4,3,February,2025,2,28,4,0
801,2025-02-28 06:02:22.588517704,Idli,2,Vegetarian,40,80,Friday,Breakfast,Regular,4,2,February,2025,2,28,4,0
802,2025-02-28 07:47:13.766753351,Chicken 65,3,Chicken,140,420,Friday,Breakfast,Regular,4,1,February,2025,2,28,4,0
803,2025-02-28 09:32:04.944988998,Noodles,1,Vegetarian,110,110,Friday,Lunch,Regular,2,1,February,2025,2,28,4,0
804,2025-02-28 11:16:56.123224645,Parotta,4,Vegetarian,60,240,Friday,Lunch,Regular,5,1,February,2025,2,28,4,0
805,2025-02-28 13:01:47.301460292,Paneer Butter Masala,1,Vegetarian,170,170,Friday,Lunch,Regular,1,0,February,2025,2,28,4,0
806,2025-02-28 14:46:38.479695940,Dosa,4,Vegetarian,50,200,Friday,Lunch,Regular,5,1,February,2025,2,28,4,0
807,2025-02-28 16:31:29.657931587,Veg Biryani,2,Vegetarian,130,260,Friday,Breakfast,New,2,0,February,2025,2,28,4,0
808,2025-02-28 18:16:20.836167234,Chicken Biryani,1,Chicken,180,180,Friday,Dinner,Regular,2,1,February,2025,2,28,4,0
809,2025-02-28 20:01:12.014402881,Chicken Noodles,5,Chicken,150,750,Friday,Lunch,New,5,0,February,2025,2,28,4,0
810,2025-02-28 21:46:03.192638528,Paneer Butter Masala,2,Vegetarian,170,340,Friday,Lunch,New,3,1,February,2025,2,28,4,0
811,2025-02-28 23:30:54.370874175,Noodles,4,Vegetarian,110,440,Friday,Lunch,Regular,5,1,February,2025,2,28,4,0
812,2025-03-01 01:15:45.549109822,Veg Meals,2,Vegetarian,100,200,Saturday,Lunch,Regular,4,2,March,2025,3,1,5,1
813,2025-03-01 03:00:36.727345469,Dosa,1,Vegetarian,50,50,Saturday,Breakfast,Regular,2,1,March,2025,3,1,5,1
814,2025-03-01 04:45:27.905581117,Noodles,3,Vegetarian,110,330,Saturday,Breakfast,New,5,2,March,2025,3,1,5,1
815,2025-03-01 06:30:19.083816764,Chicken Biryani,3,Chicken,180,540,Saturday,Breakfast,New,4,1,March,2025,3,1,5,1
816,2025-03-01 08:15:10.262052411,Dosa,4,Vegetarian,50,200,Saturday,Dinner,Regular,5,1,March,2025,3,1,5,1
817,2025-03-01 10:00:01.440288058,Parotta,4,Vegetarian,60,240,Saturday,Dinner,New,6,2,March,2025,3,1,5,1
818,2025-03-01 11:44:52.618523705,Chicken Biryani,3,Chicken,180,540,Saturday,Dinner,New,5,2,March,2025,3,1,5,1
819,2025-03-01 13:29:43.796759352,Mutton Biryani,4,Mutton,240,960,Saturday,Dinner,Regular,4,0,March,2025,3,1,5,1
820,2025-03-01 15:14:34.974994999,Chicken Grill,2,Chicken,220,440,Saturday,Dinner,New,5,3,March,2025,3,1,5,1
821,2025-03-01 16:59:26.153230647,Mutton Biryani,5,Mutton,240,1200,Saturday,Lunch,Regular,7,2,March,2025,3,1,5,1
822,2025-03-01 18:44:17.331466294,Idli,5,Vegetarian,40,200,Saturday,Dinner,Regular,5,0,March,2025,3,1,5,1
823,2025-03-01 20:29:08.509701941,Noodles,2,Vegetarian,110,220,Saturday,Breakfast,New,3,1,March,2025,3,1,5,1
824,2025-03-01 22:13:59.687937588,Paneer Butter Masala,5,Vegetarian,170,850,Saturday,Dinner,Regular,7,2,March,2025,3,1,5,1
825,2025-03-01 23:58:50.866173235,Paneer Butter Masala,1,Vegetarian,170,170,Saturday,Dinner,Regular,3,2,March,2025,3,1,5,1
826,2025-03-02 01:43:42.044408882,Paneer Butter Masala,2,Vegetarian,170,340,Sunday,Lunch,Regular,3,1,March,2025,3,2,6,1
827,2025-03-02 03:28:33.222644529,Chicken Grill,4,Chicken,220,880,Sunday,Lunch,Regular,5,1,March,2025,3,2,6,1
828,2025-03-02 05:13:24.400880176,Mutton Biryani,2,Mutton,240,480,Sunday,Lunch,New,3,1,March,2025,3,2,6,1
829,2025-03-02 06:58:15.579115824,Chicken Grill,3,Chicken,220,660,Sunday,Dinner,Regular,4,1,March,2025,3,2,6,1
830,2025-03-02 08:43:06.757351471,Fried Rice,4,Vegetarian,120,480,Sunday,Dinner,Regular,7,3,March,2025,3,2,6,1
831,2025-03-02 10:27:57.935587118,Noodles,3,Vegetarian,110,330,Sunday,Dinner,New,5,2,March,2025,3,2,6,1
832,2025-03-02 12:12:49.113822765,Chicken Grill,4,Chicken,220,880,Sunday,Lunch,New,5,1,March,2025,3,2,6,1
833,2025-03-02 13:57:40.292058412,Chicken 65,5,Chicken,140,700,Sunday,Dinner,New,6,1,March,2025,3,2,6,1
834,2025-03-02 15:42:31.470294059,Chicken Noodles,2,Chicken,150,300,Sunday,Lunch,New,5,3,March,2025,3,2,6,1
835,2025-03-02 17:27:22.648529706,Chicken Noodles,1,Chicken,150,150,Sunday,Dinner,Regular,3,2,March,2025,3,2,6,1
836,2025-03-02 19:12:13.826765353,Chicken 65,4,Chicken,140,560,Sunday,Lunch,New,4,0,March,2025,3,2,6,1
837,2025-03-02 20:57:05.005001001,Dosa,4,Vegetarian,50,200,Sunday,Lunch,New,6,2,March,2025,3,2,6,1
838,2025-03-02 22:41:56.183236648,Chicken Fried Rice,3,Chicken,160,480,Sunday,Lunch,Regular,3,0,March,2025,3,2,6,1
839,2025-03-03 00:26:47.361472295,Dosa,5,Vegetarian,50,250,Monday,Dinner,New,8,3,March,2025,3,3,0,0
840,2025-03-03 02:11:38.539707942,Chicken Biryani,3,Chicken,180,540,Monday,Dinner,Regular,4,1,March,2025,3,3,0,0
841,2025-03-03 03:56:29.717943589,Veg Meals,3,Vegetarian,100,300,Monday,Breakfast,Regular,6,3,March,2025,3,3,0,0
842,2025-03-03 05:41:20.896179236,Chicken Biryani,5,Chicken,180,900,Monday,Breakfast,New,7,2,March,2025,3,3,0,0
843,2025-03-03 07:26:12.074414883,Chicken Grill,1,Chicken,220,220,Monday,Dinner,Regular,2,1,March,2025,3,3,0,0
844,2025-03-03 09:11:03.252650530,Mutton Biryani,3,Mutton,240,720,Monday,Lunch,Regular,5,2,March,2025,3,3,0,0
845,2025-03-03 10:55:54.430886178,Mutton Biryani,3,Mutton,240,720,Monday,Dinner,Regular,3,0,March,2025,3,3,0,0
846,2025-03-03 12:40:45.609121825,Chicken Noodles,4,Chicken,150,600,Monday,Lunch,New,6,2,March,2025,3,3,0,0
847,2025-03-03 14:25:36.787357472,Veg Biryani,5,Vegetarian,130,650,Monday,Breakfast,Regular,8,3,March,2025,3,3,0,0
848,2025-03-03 16:10:27.965593119,Dosa,2,Vegetarian,50,100,Monday,Dinner,Regular,5,3,March,2025,3,3,0,0
849,2025-03-03 17:55:19.143828766,Fried Rice,1,Vegetarian,120,120,Monday,Dinner,Regular,4,3,March,2025,3,3,0,0
850,2025-03-03 19:40:10.322064413,Noodles,1,Vegetarian,110,110,Monday,Lunch,New,2,1,March,2025,3,3,0,0
851,2025-03-03 21:25:01.500300060,Idli,5,Vegetarian,40,200,Monday,Lunch,Regular,7,2,March,2025,3,3,0,0
852,2025-03-03 23:09:52.678535708,Parotta,4,Vegetarian,60,240,Monday,Dinner,Regular,5,1,March,2025,3,3,0,0
853,2025-03-04 00:54:43.856771355,Mutton Biryani,4,Mutton,240,960,Tuesday,Breakfast,Regular,6,2,March,2025,3,4,1,0
854,2025-03-04 02:39:35.035007002,Noodles,5,Vegetarian,110,550,Tuesday,Dinner,Regular,5,0,March,2025,3,4,1,0
855,2025-03-04 04:24:26.213242649,Parotta,4,Vegetarian,60,240,Tuesday,Lunch,Regular,6,2,March,2025,3,4,1,0
856,2025-03-04 06:09:17.391478296,Noodles,1,Vegetarian,110,110,Tuesday,Lunch,Regular,3,2,March,2025,3,4,1,0
857,2025-03-04 07:54:08.569713943,Chicken Grill,1,Chicken,220,220,Tuesday,Dinner,Regular,3,2,March,2025,3,4,1,0
858,2025-03-04 09:38:59.747949590,Parotta,2,Vegetarian,60,120,Tuesday,Dinner,Regular,4,2,March,2025,3,4,1,0
859,2025-03-04 11:23:50.926185237,Idli,5,Vegetarian,40,200,Tuesday,Lunch,New,5,0,March,2025,3,4,1,0
860,2025-03-04 13:08:42.104420885,Noodles,3,Vegetarian,110,330,Tuesday,Dinner,Regular,4,1,March,2025,3,4,1,0
861,2025-03-04 14:53:33.282656532,Chicken 65,3,Chicken,140,420,Tuesday,Lunch,Regular,6,3,March,2025,3,4,1,0
862,2025-03-04 16:38:24.460892179,Idli,2,Vegetarian,40,80,Tuesday,Lunch,New,4,2,March,2025,3,4,1,0
863,2025-03-04 18:23:15.639127826,Parotta,2,Vegetarian,60,120,Tuesday,Dinner,Regular,5,3,March,2025,3,4,1,0
864,2025-03-04 20:08:06.817363473,Idli,4,Vegetarian,40,160,Tuesday,Dinner,New,7,3,March,2025,3,4,1,0
865,2025-03-04 21:52:57.995599120,Noodles,2,Vegetarian,110,220,Tuesday,Dinner,Regular,5,3,March,2025,3,4,1,0
866,2025-03-04 23:37:49.173834767,Chicken Fried Rice,2,Chicken,160,320,Tuesday,Lunch,Regular,5,3,March,2025,3,4,1,0
867,2025-03-05 01:22:40.352070414,Noodles,3,Vegetarian,110,330,Wednesday,Breakfast,New,5,2,March,2025,3,5,2,0
868,2025-03-05 03:07:31.530306062,Noodles,4,Vegetarian,110,440,Wednesday,Breakfast,Regular,7,3,March,2025,3,5,2,0
869,2025-03-05 04:52:22.708541709,Chicken Grill,2,Chicken,220,440,Wednesday,Lunch,New,4,2,March,2025,3,5,2,0
870,2025-03-05 06:37:13.886777356,Dosa,2,Vegetarian,50,100,Wednesday,Dinner,Regular,2,0,March,2025,3,5,2,0
871,2025-03-05 08:22:05.065013003,Chicken 65,4,Chicken,140,560,Wednesday,Lunch,Regular,5,1,March,2025,3,5,2,0
872,2025-03-05 10:06:56.243248650,Fried Rice,5,Vegetarian,120,600,Wednesday,Dinner,New,6,1,March,2025,3,5,2,0
873,2025-03-05 11:51:47.421484297,Mutton Biryani,4,Mutton,240,960,Wednesday,Breakfast,New,6,2,March,2025,3,5,2,0
874,2025-03-05 13:36:38.599719944,Chicken Biryani,3,Chicken,180,540,Wednesday,Lunch,New,5,2,March,2025,3,5,2,0
875,2025-03-05 15:21:29.777955592,Dosa,5,Vegetarian,50,250,Wednesday,Lunch,Regular,6,1,March,2025,3,5,2,0
876,2025-03-05 17:06:20.956191239,Chicken Biryani,1,Chicken,180,180,Wednesday,Lunch,Regular,4,3,March,2025,3,5,2,0
877,2025-03-05 18:51:12.134426886,Chicken Grill,4,Chicken,220,880,Wednesday,Breakfast,New,6,2,March,2025,3,5,2,0
878,2025-03-05 20:36:03.312662533,Chicken 65,3,Chicken,140,420,Wednesday,Dinner,New,6,3,March,2025,3,5,2,0
879,2025-03-05 22:20:54.490898180,Paneer Butter Masala,5,Vegetarian,170,850,Wednesday,Lunch,New,7,2,March,2025,3,5,2,0
880,2025-03-06 00:05:45.669133827,Noodles,4,Vegetarian,110,440,Thursday,Dinner,Regular,6,2,March,2025,3,6,3,0
881,2025-03-06 01:50:36.847369474,Paneer Butter Masala,2,Vegetarian,170,340,Thursday,Lunch,Regular,2,0,March,2025,3,6,3,0
882,2025-03-06 03:35:28.025605121,Paneer Butter Masala,4,Vegetarian,170,680,Thursday,Dinner,New,4,0,March,2025,3,6,3,0
883,2025-03-06 05:20:19.203840769,Veg Meals,1,Vegetarian,100,100,Thursday,Lunch,Regular,2,1,March,2025,3,6,3,0
884,2025-03-06 07:05:10.382076416,Chicken Noodles,4,Chicken,150,600,Thursday,Dinner,New,4,0,March,2025,3,6,3,0
885,2025-03-06 08:50:01.560312063,Paneer Butter Masala,5,Vegetarian,170,850,Thursday,Breakfast,Regular,5,0,March,2025,3,6,3,0
886,2025-03-06 10:34:52.738547710,Mutton Biryani,5,Mutton,240,1200,Thursday,Dinner,Regular,6,1,March,2025,3,6,3,0
887,2025-03-06 12:19:43.916783357,Chicken Fried Rice,4,Chicken,160,640,Thursday,Dinner,Regular,7,3,March,2025,3,6,3,0
888,2025-03-06 14:04:35.095019004,Chicken Noodles,5,Chicken,150,750,Thursday,Breakfast,Regular,5,0,March,2025,3,6,3,0
889,2025-03-06 15:49:26.273254651,Chicken Grill,2,Chicken,220,440,Thursday,Breakfast,Regular,5,3,March,2025,3,6,3,0
890,2025-03-06 17:34:17.451490298,Dosa,4,Vegetarian,50,200,Thursday,Lunch,Regular,5,1,March,2025,3,6,3,0
891,2025-03-06 19:19:08.629725946,Chicken Fried Rice,2,Chicken,160,320,Thursday,Dinner,Regular,4,2,March,2025,3,6,3,0
892,2025-03-06 21:03:59.807961593,Idli,2,Vegetarian,40,80,Thursday,Lunch,New,5,3,March,2025,3,6,3,0
893,2025-03-06 22:48:50.986197240,Parotta,3,Vegetarian,60,180,Thursday,Lunch,New,4,1,March,2025,3,6,3,0
894,2025-03-07 00:33:42.164432887,Veg Meals,4,Vegetarian,100,400,Friday,Breakfast,New,7,3,March,2025,3,7,4,0
895,2025-03-07 02:18:33.342668534,Chicken Fried Rice,5,Chicken,160,800,Friday,Breakfast,Regular,6,1,March,2025,3,7,4,0
896,2025-03-07 04:03:24.520904181,Fried Rice,2,Vegetarian,120,240,Friday,Dinner,New,3,1,March,2025,3,7,4,0
897,2025-03-07 05:48:15.699139828,Paneer Butter Masala,3,Vegetarian,170,510,Friday,Breakfast,New,5,2,March,2025,3,7,4,0
898,2025-03-07 07:33:06.877375476,Chicken Grill,4,Chicken,220,880,Friday,Dinner,Regular,7,3,March,2025,3,7,4,0
899,2025-03-07 09:17:58.055611123,Veg Biryani,4,Vegetarian,130,520,Friday,Dinner,New,6,2,March,2025,3,7,4,0
900,2025-03-07 11:02:49.233846770,Parotta,1,Vegetarian,60,60,Friday,Lunch,Regular,3,2,March,2025,3,7,4,0
901,2025-03-07 12:47:40.412082417,Chicken Biryani,1,Chicken,180,180,Friday,Dinner,Regular,4,3,March,2025,3,7,4,0
902,2025-03-07 14:32:31.590318064,Mutton Biryani,2,Mutton,240,480,Friday,Breakfast,Regular,5,3,March,2025,3,7,4,0
903,2025-03-07 16:17:22.768553711,Chicken Biryani,1,Chicken,180,180,Friday,Dinner,Regular,2,1,March,2025,3,7,4,0
904,2025-03-07 18:02:13.946789358,Chicken Fried Rice,2,Chicken,160,320,Friday,Breakfast,Regular,5,3,March,2025,3,7,4,0
905,2025-03-07 19:47:05.125025005,Chicken Biryani,5,Chicken,180,900,Friday,Dinner,Regular,6,1,March,2025,3,7,4,0
906,2025-03-07 21:31:56.303260653,Fried Rice,2,Vegetarian,120,240,Friday,Lunch,New,3,1,March,2025,3,7,4,0
907,2025-03-07 23:16:47.481496300,Chicken Grill,1,Chicken,220,220,Friday,Lunch,Regular,2,1,March,2025,3,7,4,0
908,2025-03-08 01:01:38.659731947,Idli,5,Vegetarian,40,200,Saturday,Lunch,New,6,1,March,2025,3,8,5,1
909,2025-03-08 02:46:29.837967594,Dosa,1,Vegetarian,50,50,Saturday,Breakfast,New,2,1,March,2025,3,8,5,1
910,2025-03-08 04:31:21.016203241,Mutton Biryani,2,Mutton,240,480,Saturday,Dinner,Regular,3,1,March,2025,3,8,5,1
911,2025-03-08 06:16:12.194438888,Fried Rice,3,Vegetarian,120,360,Saturday,Lunch,New,6,3,March,2025,3,8,5,1
912,2025-03-08 08:01:03.372674535,Fried Rice,4,Vegetarian,120,480,Saturday,Dinner,Regular,7,3,March,2025,3,8,5,1
913,2025-03-08 09:45:54.550910182,Chicken Biryani,1,Chicken,180,180,Saturday,Breakfast,New,1,0,March,2025,3,8,5,1
914,2025-03-08 11:30:45.729145830,Paneer Butter Masala,2,Vegetarian,170,340,Saturday,Dinner,New,5,3,March,2025,3,8,5,1
915,2025-03-08 13:15:36.907381477,Chicken Biryani,5,Chicken,180,900,Saturday,Breakfast,New,7,2,March,2025,3,8,5,1
916,2025-03-08 15:00:28.085617124,Chicken Fried Rice,1,Chicken,160,160,Saturday,Lunch,New,1,0,March,2025,3,8,5,1
917,2025-03-08 16:45:19.263852771,Dosa,1,Vegetarian,50,50,Saturday,Lunch,Regular,4,3,March,2025,3,8,5,1
918,2025-03-08 18:30:10.442088418,Chicken Noodles,4,Chicken,150,600,Saturday,Dinner,Regular,6,2,March,2025,3,8,5,1
919,2025-03-08 20:15:01.620324065,Chicken Biryani,2,Chicken,180,360,Saturday,Lunch,Regular,5,3,March,2025,3,8,5,1
920,2025-03-08 21:59:52.798559712,Chicken Grill,3,Chicken,220,660,Saturday,Dinner,Regular,4,1,March,2025,3,8,5,1
921,2025-03-08 23:44:43.976795359,Veg Biryani,5,Vegetarian,130,650,Saturday,Dinner,New,5,0,March,2025,3,8,5,1
922,2025-03-09 01:29:35.155031007,Mutton Biryani,2,Mutton,240,480,Sunday,Breakfast,New,3,1,March,2025,3,9,6,1
923,2025-03-09 03:14:26.333266654,Noodles,5,Vegetarian,110,550,Sunday,Dinner,New,5,0,March,2025,3,9,6,1
924,2025-03-09 04:59:17.511502301,Chicken Biryani,1,Chicken,180,180,Sunday,Breakfast,Regular,1,0,March,2025,3,9,6,1
925,2025-03-09 06:44:08.689737948,Chicken Grill,4,Chicken,220,880,Sunday,Lunch,Regular,5,1,March,2025,3,9,6,1
926,2025-03-09 08:28:59.867973595,Chicken Grill,4,Chicken,220,880,Sunday,Dinner,Regular,4,0,March,2025,3,9,6,1
927,2025-03-09 10:13:51.046209242,Mutton Biryani,3,Mutton,240,720,Sunday,Dinner,Regular,3,0,March,2025,3,9,6,1
928,2025-03-09 11:58:42.224444889,Chicken Noodles,4,Chicken,150,600,Sunday,Dinner,Regular,7,3,March,2025,3,9,6,1
929,2025-03-09 13:43:33.402680537,Chicken Grill,1,Chicken,220,220,Sunday,Lunch,Regular,3,2,March,2025,3,9,6,1
930,2025-03-09 15:28:24.580916184,Veg Biryani,3,Vegetarian,130,390,Sunday,Lunch,Regular,4,1,March,2025,3,9,6,1
931,2025-03-09 17:13:15.759151831,Chicken Grill,2,Chicken,220,440,Sunday,Breakfast,New,5,3,March,2025,3,9,6,1
932,2025-03-09 18:58:06.937387478,Chicken Grill,4,Chicken,220,880,Sunday,Dinner,Regular,7,3,March,2025,3,9,6,1
933,2025-03-09 20:42:58.115623125,Chicken Grill,3,Chicken,220,660,Sunday,Lunch,Regular,4,1,March,2025,3,9,6,1
934,2025-03-09 22:27:49.293858772,Idli,1,Vegetarian,40,40,Sunday,Dinner,Regular,1,0,March,2025,3,9,6,1
935,2025-03-10 00:12:40.472094419,Idli,5,Vegetarian,40,200,Monday,Lunch,New,6,1,March,2025,3,10,0,0
936,2025-03-10 01:57:31.650330066,Chicken Noodles,5,Chicken,150,750,Monday,Lunch,Regular,7,2,March,2025,3,10,0,0
937,2025-03-10 03:42:22.828565714,Chicken Biryani,1,Chicken,180,180,Monday,Lunch,Regular,3,2,March,2025,3,10,0,0
938,2025-03-10 05:27:14.006801361,Chicken Grill,1,Chicken,220,220,Monday,Breakfast,Regular,2,1,March,2025,3,10,0,0
939,2025-03-10 07:12:05.185037008,Veg Meals,5,Vegetarian,100,500,Monday,Lunch,New,8,3,March,2025,3,10,0,0
940,2025-03-10 08:56:56.363272655,Dosa,3,Vegetarian,50,150,Monday,Dinner,Regular,4,1,March,2025,3,10,0,0
941,2025-03-10 10:41:47.541508302,Veg Meals,5,Vegetarian,100,500,Monday,Dinner,Regular,7,2,March,2025,3,10,0,0
942,2025-03-10 12:26:38.719743949,Chicken Biryani,1,Chicken,180,180,Monday,Lunch,Regular,2,1,March,2025,3,10,0,0
943,2025-03-10 14:11:29.897979596,Chicken Noodles,4,Chicken,150,600,Monday,Lunch,Regular,4,0,March,2025,3,10,0,0
944,2025-03-10 15:56:21.076215243,Paneer Butter Masala,2,Vegetarian,170,340,Monday,Breakfast,Regular,3,1,March,2025,3,10,0,0
945,2025-03-10 17:41:12.254450891,Paneer Butter Masala,4,Vegetarian,170,680,Monday,Dinner,New,7,3,March,2025,3,10,0,0
946,2025-03-10 19:26:03.432686538,Chicken 65,4,Chicken,140,560,Monday,Breakfast,New,4,0,March,2025,3,10,0,0
947,2025-03-10 21:10:54.610922185,Veg Meals,1,Vegetarian,100,100,Monday,Dinner,Regular,3,2,March,2025,3,10,0,0
948,2025-03-10 22:55:45.789157832,Chicken Biryani,5,Chicken,180,900,Monday,Lunch,Regular,6,1,March,2025,3,10,0,0
949,2025-03-11 00:40:36.967393479,Chicken Biryani,3,Chicken,180,540,Tuesday,Lunch,New,6,3,March,2025,3,11,1,0
950,2025-03-11 02:25:28.145629126,Parotta,4,Vegetarian,60,240,Tuesday,Dinner,Regular,7,3,March,2025,3,11,1,0
951,2025-03-11 04:10:19.323864773,Chicken Fried Rice,5,Chicken,160,800,Tuesday,Breakfast,Regular,7,2,March,2025,3,11,1,0
952,2025-03-11 05:55:10.502100421,Noodles,3,Vegetarian,110,330,Tuesday,Lunch,Regular,4,1,March,2025,3,11,1,0
953,2025-03-11 07:40:01.680336068,Parotta,4,Vegetarian,60,240,Tuesday,Lunch,New,7,3,March,2025,3,11,1,0
954,2025-03-11 09:24:52.858571715,Veg Biryani,3,Vegetarian,130,390,Tuesday,Lunch,New,3,0,March,2025,3,11,1,0
955,2025-03-11 11:09:44.036807362,Idli,5,Vegetarian,40,200,Tuesday,Lunch,Regular,6,1,March,2025,3,11,1,0
956,2025-03-11 12:54:35.215043009,Idli,2,Vegetarian,40,80,Tuesday,Dinner,Regular,4,2,March,2025,3,11,1,0
957,2025-03-11 14:39:26.393278656,Chicken Fried Rice,5,Chicken,160,800,Tuesday,Dinner,Regular,5,0,March,2025,3,11,1,0
958,2025-03-11 16:24:17.571514303,Mutton Biryani,1,Mutton,240,240,Tuesday,Breakfast,Regular,2,1,March,2025,3,11,1,0
959,2025-03-11 18:09:08.749749950,Mutton Biryani,3,Mutton,240,720,Tuesday,Dinner,Regular,6,3,March,2025,3,11,1,0
960,2025-03-11 19:53:59.927985598,Chicken Noodles,2,Chicken,150,300,Tuesday,Breakfast,Regular,4,2,March,2025,3,11,1,0
961,2025-03-11 21:38:51.106221245,Fried Rice,3,Vegetarian,120,360,Tuesday,Lunch,Regular,5,2,March,2025,3,11,1,0
962,2025-03-11 23:23:42.284456892,Chicken Fried Rice,3,Chicken,160,480,Tuesday,Lunch,Regular,4,1,March,2025,3,11,1,0
963,2025-03-12 01:08:33.462692539,Noodles,4,Vegetarian,110,440,Wednesday,Breakfast,Regular,6,2,March,2025,3,12,2,0
964,2025-03-12 02:53:24.640928186,Chicken Biryani,1,Chicken,180,180,Wednesday,Breakfast,New,1,0,March,2025,3,12,2,0
965,2025-03-12 04:38:15.819163833,Mutton Biryani,3,Mutton,240,720,Wednesday,Dinner,Regular,4,1,March,2025,3,12,2,0
966,2025-03-12 06:23:06.997399480,Noodles,5,Vegetarian,110,550,Wednesday,Lunch,New,5,0,March,2025,3,12,2,0
967,2025-03-12 08:07:58.175635127,Chicken Grill,5,Chicken,220,1100,Wednesday,Breakfast,Regular,7,2,March,2025,3,12,2,0
968,2025-03-12 09:52:49.353870775,Veg Meals,4,Vegetarian,100,400,Wednesday,Breakfast,Regular,6,2,March,2025,3,12,2,0
969,2025-03-12 11:37:40.532106422,Veg Meals,1,Vegetarian,100,100,Wednesday,Dinner,New,3,2,March,2025,3,12,2,0
970,2025-03-12 13:22:31.710342069,Fried Rice,1,Vegetarian,120,120,Wednesday,Dinner,New,1,0,March,2025,3,12,2,0
971,2025-03-12 15:07:22.888577716,Dosa,5,Vegetarian,50,250,Wednesday,Lunch,Regular,7,2,March,2025,3,12,2,0
972,2025-03-12 16:52:14.066813363,Chicken Biryani,2,Chicken,180,360,Wednesday,Breakfast,Regular,3,1,March,2025,3,12,2,0
973,2025-03-12 18:37:05.245049010,Veg Biryani,4,Vegetarian,130,520,Wednesday,Lunch,New,7,3,March,2025,3,12,2,0
974,2025-03-12 20:21:56.423284657,Chicken Grill,4,Chicken,220,880,Wednesday,Breakfast,Regular,5,1,March,2025,3,12,2,0
975,2025-03-12 22:06:47.601520305,Chicken Grill,5,Chicken,220,1100,Wednesday,Breakfast,New,8,3,March,2025,3,12,2,0
976,2025-03-12 23:51:38.779755952,Veg Meals,5,Vegetarian,100,500,Wednesday,Lunch,New,7,2,March,2025,3,12,2,0
977,2025-03-13 01:36:29.957991599,Chicken Fried Rice,2,Chicken,160,320,Thursday,Lunch,New,3,1,March,2025,3,13,3,0
978,2025-03-13 03:21:21.136227246,Fried Rice,2,Vegetarian,120,240,Thursday,Lunch,New,2,0,March,2025,3,13,3,0
979,2025-03-13 05:06:12.314462893,Chicken Noodles,1,Chicken,150,150,Thursday,Lunch,Regular,4,3,March,2025,3,13,3,0
980,2025-03-13 06:51:03.492698540,Veg Biryani,4,Vegetarian,130,520,Thursday,Dinner,Regular,4,0,March,2025,3,13,3,0
981,2025-03-13 08:35:54.670934187,Mutton Biryani,4,Mutton,240,960,Thursday,Dinner,Regular,7,3,March,2025,3,13,3,0
982,2025-03-13 10:20:45.849169834,Noodles,5,Vegetarian,110,550,Thursday,Lunch,Regular,7,2,March,2025,3,13,3,0
983,2025-03-13 12:05:37.027405482,Chicken Fried Rice,1,Chicken,160,160,Thursday,Lunch,New,2,1,March,2025,3,13,3,0
984,2025-03-13 13:50:28.205641129,Mutton Biryani,4,Mutton,240,960,Thursday,Lunch,Regular,7,3,March,2025,3,13,3,0
985,2025-03-13 15:35:19.383876776,Chicken Fried Rice,1,Chicken,160,160,Thursday,Lunch,New,2,1,March,2025,3,13,3,0
986,2025-03-13 17:20:10.562112423,Chicken Fried Rice,1,Chicken,160,160,Thursday,Dinner,Regular,4,3,March,2025,3,13,3,0
987,2025-03-13 19:05:01.740348070,Chicken Fried Rice,5,Chicken,160,800,Thursday,Lunch,Regular,8,3,March,2025,3,13,3,0
988,2025-03-13 20:49:52.918583717,Veg Meals,1,Vegetarian,100,100,Thursday,Dinner,New,3,2,March,2025,3,13,3,0
989,2025-03-13 22:34:44.096819364,Fried Rice,2,Vegetarian,120,240,Thursday,Dinner,Regular,5,3,March,2025,3,13,3,0
990,2025-03-14 00:19:35.275055011,Chicken Noodles,2,Chicken,150,300,Friday,Lunch,New,2,0,March,2025,3,14,4,0
991,2025-03-14 02:04:26.453290659,Chicken Fried Rice,3,Chicken,160,480,Friday,Lunch,Regular,6,3,March,2025,3,14,4,0
992,2025-03-14 03:49:17.631526306,Chicken 65,5,Chicken,140,700,Friday,Breakfast,New,8,3,March,2025,3,14,4,0
993,2025-03-14 05:34:08.809761953,Dosa,3,Vegetarian,50,150,Friday,Lunch,Regular,6,3,March,2025,3,14,4,0
994,2025-03-14 07:18:59.987997600,Mutton Biryani,2,Mutton,240,480,Friday,Lunch,New,4,2,March,2025,3,14,4,0
995,2025-03-14 09:03:51.166233247,Chicken Biryani,3,Chicken,180,540,Friday,Lunch,Regular,4,1,March,2025,3,14,4,0
996,2025-03-14 10:48:42.344468894,Parotta,5,Vegetarian,60,300,Friday,Dinner,Regular,6,1,March,2025,3,14,4,0
997,2025-03-14 12:33:33.522704541,Noodles,5,Vegetarian,110,550,Friday,Breakfast,New,7,2,March,2025,3,14,4,0
998,2025-03-14 14:18:24.700940188,Veg Meals,1,Vegetarian,100,100,Friday,Lunch,Regular,1,0,March,2025,3,14,4,0
999,2025-03-14 16:03:15.879175836,Veg Biryani,4,Vegetarian,130,520,Friday,Dinner,Regular,4,0,March,2025,3,14,4,0
1000,2025-03-14 17:48:07.057411483,Idli,1,Vegetarian,40,40,Friday,Dinner,Regular,3,2,March,2025,3,14,4,0
1001,2025-03-14 19:32:58.235647130,Chicken Noodles,5,Chicken,150,750,Friday,Lunch,New,6,1,March,2025,3,14,4,0
1002,2025-03-14 21:17:49.413882777,Chicken Biryani,2,Chicken,180,360,Friday,Dinner,New,2,0,March,2025,3,14,4,0
1003,2025-03-14 23:02:40.592118424,Chicken Grill,2,Chicken,220,440,Friday,Lunch,Regular,4,2,March,2025,3,14,4,0
1004,2025-03-15 00:47:31.770354071,Paneer Butter Masala,1,Vegetarian,170,170,Saturday,Lunch,Regular,2,1,March,2025,3,15,5,1
1005,2025-03-15 02:32:22.948589718,Chicken 65,5,Chicken,140,700,Saturday,Breakfast,Regular,5,0,March,2025,3,15,5,1
1006,2025-03-15 04:17:14.126825366,Idli,2,Vegetarian,40,80,Saturday,Lunch,New,2,0,March,2025,3,15,5,1
1007,2025-03-15 06:02:05.305061013,Parotta,5,Vegetarian,60,300,Saturday,Dinner,Regular,7,2,March,2025,3,15,5,1
1008,2025-03-15 07:46:56.483296660,Chicken Biryani,2,Chicken,180,360,Saturday,Dinner,New,3,1,March,2025,3,15,5,1
1009,2025-03-15 09:31:47.661532307,Idli,5,Vegetarian,40,200,Saturday,Dinner,Regular,5,0,March,2025,3,15,5,1
1010,2025-03-15 11:16:38.839767954,Chicken Biryani,3,Chicken,180,540,Saturday,Lunch,Regular,5,2,March,2025,3,15,5,1
1011,2025-03-15 13:01:30.018003601,Noodles,5,Vegetarian,110,550,Saturday,Breakfast,New,5,0,March,2025,3,15,5,1
1012,2025-03-15 14:46:21.196239248,Chicken 65,5,Chicken,140,700,Saturday,Breakfast,Regular,6,1,March,2025,3,15,5,1
1013,2025-03-15 16:31:12.374474895,Parotta,1,Vegetarian,60,60,Saturday,Lunch,New,4,3,March,2025,3,15,5,1
1014,2025-03-15 18:16:03.552710543,Chicken Grill,3,Chicken,220,660,Saturday,Dinner,Regular,3,0,March,2025,3,15,5,1
1015,2025-03-15 20:00:54.730946190,Chicken Fried Rice,4,Chicken,160,640,Saturday,Dinner,Regular,5,1,March,2025,3,15,5,1
1016,2025-03-15 21:45:45.909181837,Mutton Biryani,1,Mutton,240,240,Saturday,Lunch,Regular,1,0,March,2025,3,15,5,1
1017,2025-03-15 23:30:37.087417484,Chicken Grill,4,Chicken,220,880,Saturday,Lunch,New,7,3,March,2025,3,15,5,1
1018,2025-03-16 01:15:28.265653131,Chicken Fried Rice,2,Chicken,160,320,Sunday,Lunch,New,5,3,March,2025,3,16,6,1
1019,2025-03-16 03:00:19.443888778,Paneer Butter Masala,4,Vegetarian,170,680,Sunday,Lunch,Regular,4,0,March,2025,3,16,6,1
1020,2025-03-16 04:45:10.622124425,Veg Meals,5,Vegetarian,100,500,Sunday,Lunch,Regular,7,2,March,2025,3,16,6,1
1021,2025-03-16 06:30:01.800360072,Fried Rice,4,Vegetarian,120,480,Sunday,Breakfast,Regular,4,0,March,2025,3,16,6,1
1022,2025-03-16 08:14:52.978595720,Fried Rice,1,Vegetarian,120,120,Sunday,Breakfast,New,2,1,March,2025,3,16,6,1
1023,2025-03-16 09:59:44.156831367,Fried Rice,1,Vegetarian,120,120,Sunday,Breakfast,New,3,2,March,2025,3,16,6,1
1024,2025-03-16 11:44:35.335067014,Chicken Noodles,4,Chicken,150,600,Sunday,Breakfast,Regular,5,1,March,2025,3,16,6,1
1025,2025-03-16 13:29:26.513302661,Dosa,1,Vegetarian,50,50,Sunday,Breakfast,Regular,2,1,March,2025,3,16,6,1
1026,2025-03-16 15:14:17.691538308,Veg Biryani,1,Vegetarian,130,130,Sunday,Dinner,Regular,3,2,March,2025,3,16,6,1
1027,2025-03-16 16:59:08.869773955,Veg Biryani,4,Vegetarian,130,520,Sunday,Lunch,Regular,7,3,March,2025,3,16,6,1
1028,2025-03-16 18:44:00.048009602,Fried Rice,3,Vegetarian,120,360,Sunday,Dinner,Regular,4,1,March,2025,3,16,6,1
1029,2025-03-16 20:28:51.226245250,Mutton Biryani,3,Mutton,240,720,Sunday,Breakfast,New,3,0,March,2025,3,16,6,1
1030,2025-03-16 22:13:42.404480897,Parotta,2,Vegetarian,60,120,Sunday,Lunch,New,5,3,March,2025,3,16,6,1
1031,2025-03-16 23:58:33.582716544,Chicken 65,1,Chicken,140,140,Sunday,Lunch,Regular,4,3,March,2025,3,16,6,1
1032,2025-03-17 01:43:24.760952191,Parotta,4,Vegetarian,60,240,Monday,Breakfast,Regular,6,2,March,2025,3,17,0,0
1033,2025-03-17 03:28:15.939187838,Chicken 65,1,Chicken,140,140,Monday,Dinner,Regular,1,0,March,2025,3,17,0,0
1034,2025-03-17 05:13:07.117423485,Parotta,5,Vegetarian,60,300,Monday,Breakfast,Regular,5,0,March,2025,3,17,0,0
1035,2025-03-17 06:57:58.295659132,Dosa,1,Vegetarian,50,50,Monday,Dinner,Regular,4,3,March,2025,3,17,0,0
1036,2025-03-17 08:42:49.473894779,Chicken Noodles,1,Chicken,150,150,Monday,Dinner,New,2,1,March,2025,3,17,0,0
1037,2025-03-17 10:27:40.652130427,Chicken Noodles,3,Chicken,150,450,Monday,Lunch,Regular,4,1,March,2025,3,17,0,0
1038,2025-03-17 12:12:31.830366074,Fried Rice,4,Vegetarian,120,480,Monday,Lunch,Regular,4,0,March,2025,3,17,0,0
1039,2025-03-17 13:57:23.008601721,Paneer Butter Masala,1,Vegetarian,170,170,Monday,Dinner,Regular,4,3,March,2025,3,17,0,0
1040,2025-03-17 15:42:14.186837368,Chicken Fried Rice,3,Chicken,160,480,Monday,Lunch,Regular,6,3,March,2025,3,17,0,0
1041,2025-03-17 17:27:05.365073015,Paneer Butter Masala,2,Vegetarian,170,340,Monday,Dinner,Regular,5,3,March,2025,3,17,0,0
1042,2025-03-17 19:11:56.543308662,Idli,3,Vegetarian,40,120,Monday,Breakfast,New,5,2,March,2025,3,17,0,0
1043,2025-03-17 20:56:47.721544309,Chicken Noodles,3,Chicken,150,450,Monday,Breakfast,Regular,3,0,March,2025,3,17,0,0
1044,2025-03-17 22:41:38.899779956,Chicken Noodles,3,Chicken,150,450,Monday,Lunch,Regular,3,0,March,2025,3,17,0,0
1045,2025-03-18 00:26:30.078015604,Chicken Grill,1,Chicken,220,220,Tuesday,Lunch,Regular,2,1,March,2025,3,18,1,0
1046,2025-03-18 02:11:21.256251251,Chicken Grill,1,Chicken,220,220,Tuesday,Dinner,Regular,2,1,March,2025,3,18,1,0
1047,2025-03-18 03:56:12.434486898,Chicken Fried Rice,2,Chicken,160,320,Tuesday,Breakfast,New,2,0,March,2025,3,18,1,0
1048,2025-03-18 05:41:03.612722545,Noodles,5,Vegetarian,110,550,Tuesday,Dinner,New,5,0,March,2025,3,18,1,0
1049,2025-03-18 07:25:54.790958192,Idli,5,Vegetarian,40,200,Tuesday,Lunch,New,6,1,March,2025,3,18,1,0
1050,2025-03-18 09:10:45.969193839,Paneer Butter Masala,5,Vegetarian,170,850,Tuesday,Lunch,New,5,0,March,2025,3,18,1,0
1051,2025-03-18 10:55:37.147429486,Mutton Biryani,2,Mutton,240,480,Tuesday,Lunch,Regular,3,1,March,2025,3,18,1,0
1052,2025-03-18 12:40:28.325665134,Chicken Grill,5,Chicken,220,1100,Tuesday,Lunch,Regular,5,0,March,2025,3,18,1,0
1053,2025-03-18 14:25:19.503900781,Mutton Biryani,5,Mutton,240,1200,Tuesday,Breakfast,Regular,7,2,March,2025,3,18,1,0
1054,2025-03-18 16:10:10.682136428,Chicken Biryani,3,Chicken,180,540,Tuesday,Lunch,Regular,5,2,March,2025,3,18,1,0
1055,2025-03-18 17:55:01.860372075,Chicken Grill,1,Chicken,220,220,Tuesday,Dinner,New,4,3,March,2025,3,18,1,0
1056,2025-03-18 19:39:53.038607722,Dosa,1,Vegetarian,50,50,Tuesday,Lunch,Regular,1,0,March,2025,3,18,1,0
1057,2025-03-18 21:24:44.216843369,Noodles,3,Vegetarian,110,330,Tuesday,Lunch,Regular,4,1,March,2025,3,18,1,0
1058,2025-03-18 23:09:35.395079016,Idli,3,Vegetarian,40,120,Tuesday,Dinner,New,3,0,March,2025,3,18,1,0
1059,2025-03-19 00:54:26.573314663,Veg Meals,3,Vegetarian,100,300,Wednesday,Dinner,Regular,3,0,March,2025,3,19,2,0
1060,2025-03-19 02:39:17.751550311,Chicken Fried Rice,1,Chicken,160,160,Wednesday,Lunch,Regular,4,3,March,2025,3,19,2,0
1061,2025-03-19 04:24:08.929785958,Chicken Biryani,5,Chicken,180,900,Wednesday,Lunch,Regular,6,1,March,2025,3,19,2,0
1062,2025-03-19 06:09:00.108021605,Veg Meals,3,Vegetarian,100,300,Wednesday,Dinner,New,3,0,March,2025,3,19,2,0
1063,2025-03-19 07:53:51.286257252,Idli,2,Vegetarian,40,80,Wednesday,Lunch,Regular,3,1,March,2025,3,19,2,0
1064,2025-03-19 09:38:42.464492899,Paneer Butter Masala,3,Vegetarian,170,510,Wednesday,Lunch,New,3,0,March,2025,3,19,2,0
1065,2025-03-19 11:23:33.642728546,Fried Rice,4,Vegetarian,120,480,Wednesday,Lunch,New,7,3,March,2025,3,19,2,0
1066,2025-03-19 13:08:24.820964193,Dosa,3,Vegetarian,50,150,Wednesday,Dinner,Regular,4,1,March,2025,3,19,2,0
1067,2025-03-19 14:53:15.999199840,Idli,1,Vegetarian,40,40,Wednesday,Breakfast,Regular,1,0,March,2025,3,19,2,0
1068,2025-03-19 16:38:07.177435488,Dosa,3,Vegetarian,50,150,Wednesday,Dinner,Regular,5,2,March,2025,3,19,2,0
1069,2025-03-19 18:22:58.355671135,Dosa,4,Vegetarian,50,200,Wednesday,Breakfast,Regular,5,1,March,2025,3,19,2,0
1070,2025-03-19 20:07:49.533906782,Mutton Biryani,2,Mutton,240,480,Wednesday,Dinner,Regular,5,3,March,2025,3,19,2,0
1071,2025-03-19 21:52:40.712142429,Parotta,5,Vegetarian,60,300,Wednesday,Lunch,Regular,7,2,March,2025,3,19,2,0
1072,2025-03-19 23:37:31.890378076,Veg Meals,3,Vegetarian,100,300,Wednesday,Lunch,Regular,4,1,March,2025,3,19,2,0
1073,2025-03-20 01:22:23.068613723,Fried Rice,4,Vegetarian,120,480,Thursday,Dinner,Regular,5,1,March,2025,3,20,3,0
1074,2025-03-20 03:07:14.246849370,Paneer Butter Masala,4,Vegetarian,170,680,Thursday,Lunch,Regular,5,1,March,2025,3,20,3,0
1075,2025-03-20 04:52:05.425085017,Chicken Biryani,2,Chicken,180,360,Thursday,Lunch,Regular,3,1,March,2025,3,20,3,0
1076,2025-03-20 06:36:56.603320665,Idli,1,Vegetarian,40,40,Thursday,Breakfast,New,1,0,March,2025,3,20,3,0
1077,2025-03-20 08:21:47.781556312,Chicken 65,3,Chicken,140,420,Thursday,Breakfast,Regular,3,0,March,2025,3,20,3,0
1078,2025-03-20 10:06:38.959791959,Chicken Biryani,4,Chicken,180,720,Thursday,Lunch,Regular,5,1,March,2025,3,20,3,0
1079,2025-03-20 11:51:30.138027606,Parotta,2,Vegetarian,60,120,Thursday,Dinner,Regular,5,3,March,2025,3,20,3,0
1080,2025-03-20 13:36:21.316263253,Chicken Biryani,5,Chicken,180,900,Thursday,Breakfast,Regular,5,0,March,2025,3,20,3,0
1081,2025-03-20 15:21:12.494498900,Chicken Noodles,4,Chicken,150,600,Thursday,Breakfast,New,5,1,March,2025,3,20,3,0
1082,2025-03-20 17:06:03.672734547,Paneer Butter Masala,2,Vegetarian,170,340,Thursday,Lunch,Regular,3,1,March,2025,3,20,3,0
1083,2025-03-20 18:50:54.850970195,Chicken 65,1,Chicken,140,140,Thursday,Dinner,Regular,4,3,March,2025,3,20,3,0
1084,2025-03-20 20:35:46.029205842,Parotta,1,Vegetarian,60,60,Thursday,Dinner,New,4,3,March,2025,3,20,3,0
1085,2025-03-20 22:20:37.207441489,Mutton Biryani,4,Mutton,240,960,Thursday,Breakfast,Regular,7,3,March,2025,3,20,3,0
1086,2025-03-21 00:05:28.385677136,Veg Meals,4,Vegetarian,100,400,Friday,Breakfast,Regular,6,2,March,2025,3,21,4,0
1087,2025-03-21 01:50:19.563912783,Idli,3,Vegetarian,40,120,Friday,Dinner,Regular,4,1,March,2025,3,21,4,0
1088,2025-03-21 03:35:10.742148430,Noodles,2,Vegetarian,110,220,Friday,Lunch,Regular,5,3,March,2025,3,21,4,0
1089,2025-03-21 05:20:01.920384077,Veg Biryani,4,Vegetarian,130,520,Friday,Dinner,Regular,5,1,March,2025,3,21,4,0
1090,2025-03-21 07:04:53.098619724,Veg Meals,3,Vegetarian,100,300,Friday,Dinner,Regular,3,0,March,2025,3,21,4,0
1091,2025-03-21 08:49:44.276855372,Parotta,3,Vegetarian,60,180,Friday,Dinner,Regular,4,1,March,2025,3,21,4,0
1092,2025-03-21 10:34:35.455091019,Chicken Fried Rice,4,Chicken,160,640,Friday,Breakfast,Regular,5,1,March,2025,3,21,4,0
1093,2025-03-21 12:19:26.633326666,Paneer Butter Masala,1,Vegetarian,170,170,Friday,Dinner,Regular,3,2,March,2025,3,21,4,0
1094,2025-03-21 14:04:17.811562313,Idli,2,Vegetarian,40,80,Friday,Dinner,Regular,2,0,March,2025,3,21,4,0
1095,2025-03-21 15:49:08.989797960,Veg Meals,2,Vegetarian,100,200,Friday,Lunch,Regular,2,0,March,2025,3,21,4,0
1096,2025-03-21 17:34:00.168033607,Fried Rice,1,Vegetarian,120,120,Friday,Lunch,New,3,2,March,2025,3,21,4,0
1097,2025-03-21 19:18:51.346269254,Parotta,4,Vegetarian,60,240,Friday,Lunch,Regular,7,3,March,2025,3,21,4,0
1098,2025-03-21 21:03:42.524504901,Chicken Noodles,2,Chicken,150,300,Friday,Breakfast,Regular,5,3,March,2025,3,21,4,0
1099,2025-03-21 22:48:33.702740549,Veg Biryani,4,Vegetarian,130,520,Friday,Lunch,Regular,5,1,March,2025,3,21,4,0
1100,2025-03-22 00:33:24.880976196,Chicken Noodles,4,Chicken,150,600,Saturday,Lunch,New,6,2,March,2025,3,22,5,1
1101,2025-03-22 02:18:16.059211843,Veg Biryani,3,Vegetarian,130,390,Saturday,Lunch,New,6,3,March,2025,3,22,5,1
1102,2025-03-22 04:03:07.237447490,Veg Meals,1,Vegetarian,100,100,Saturday,Lunch,New,1,0,March,2025,3,22,5,1
1103,2025-03-22 05:47:58.415683137,Fried Rice,4,Vegetarian,120,480,Saturday,Lunch,New,6,2,March,2025,3,22,5,1
1104,2025-03-22 07:32:49.593918784,Noodles,5,Vegetarian,110,550,Saturday,Dinner,Regular,8,3,March,2025,3,22,5,1
1105,2025-03-22 09:17:40.772154431,Paneer Butter Masala,1,Vegetarian,170,170,Saturday,Dinner,New,1,0,March,2025,3,22,5,1
1106,2025-03-22 11:02:31.950390079,Chicken Fried Rice,2,Chicken,160,320,Saturday,Breakfast,Regular,4,2,March,2025,3,22,5,1
1107,2025-03-22 12:47:23.128625726,Idli,3,Vegetarian,40,120,Saturday,Lunch,New,4,1,March,2025,3,22,5,1
1108,2025-03-22 14:32:14.306861373,Mutton Biryani,2,Mutton,240,480,Saturday,Breakfast,New,3,1,March,2025,3,22,5,1
1109,2025-03-22 16:17:05.485097020,Chicken Noodles,2,Chicken,150,300,Saturday,Dinner,Regular,2,0,March,2025,3,22,5,1
1110,2025-03-22 18:01:56.663332667,Chicken Noodles,1,Chicken,150,150,Saturday,Dinner,New,4,3,March,2025,3,22,5,1
1111,2025-03-22 19:46:47.841568314,Dosa,2,Vegetarian,50,100,Saturday,Dinner,Regular,5,3,March,2025,3,22,5,1
1112,2025-03-22 21:31:39.019803961,Veg Biryani,4,Vegetarian,130,520,Saturday,Lunch,New,6,2,March,2025,3,22,5,1
1113,2025-03-22 23:16:30.198039608,Chicken Grill,2,Chicken,220,440,Saturday,Dinner,Regular,2,0,March,2025,3,22,5,1
1114,2025-03-23 01:01:21.376275256,Noodles,3,Vegetarian,110,330,Sunday,Breakfast,Regular,6,3,March,2025,3,23,6,1
1115,2025-03-23 02:46:12.554510903,Idli,3,Vegetarian,40,120,Sunday,Dinner,Regular,4,1,March,2025,3,23,6,1
1116,2025-03-23 04:31:03.732746550,Veg Biryani,5,Vegetarian,130,650,Sunday,Breakfast,New,5,0,March,2025,3,23,6,1
1117,2025-03-23 06:15:54.910982197,Dosa,3,Vegetarian,50,150,Sunday,Dinner,Regular,4,1,March,2025,3,23,6,1
1118,2025-03-23 08:00:46.089217844,Chicken Biryani,2,Chicken,180,360,Sunday,Lunch,Regular,2,0,March,2025,3,23,6,1
1119,2025-03-23 09:45:37.267453491,Veg Biryani,3,Vegetarian,130,390,Sunday,Dinner,Regular,5,2,March,2025,3,23,6,1
1120,2025-03-23 11:30:28.445689138,Mutton Biryani,1,Mutton,240,240,Sunday,Dinner,Regular,4,3,March,2025,3,23,6,1
1121,2025-03-23 13:15:19.623924785,Idli,3,Vegetarian,40,120,Sunday,Breakfast,New,6,3,March,2025,3,23,6,1
1122,2025-03-23 15:00:10.802160433,Veg Meals,4,Vegetarian,100,400,Sunday,Breakfast,Regular,7,3,March,2025,3,23,6,1
1123,2025-03-23 16:45:01.980396080,Noodles,1,Vegetarian,110,110,Sunday,Dinner,New,2,1,March,2025,3,23,6,1
1124,2025-03-23 18:29:53.158631727,Dosa,5,Vegetarian,50,250,Sunday,Lunch,New,8,3,March,2025,3,23,6,1
1125,2025-03-23 20:14:44.336867374,Chicken Biryani,4,Chicken,180,720,Sunday,Breakfast,Regular,4,0,March,2025,3,23,6,1
1126,2025-03-23 21:59:35.515103021,Paneer Butter Masala,2,Vegetarian,170,340,Sunday,Lunch,New,3,1,March,2025,3,23,6,1
1127,2025-03-23 23:44:26.693338668,Chicken 65,2,Chicken,140,280,Sunday,Lunch,New,4,2,March,2025,3,23,6,1
1128,2025-03-24 01:29:17.871574315,Dosa,2,Vegetarian,50,100,Monday,Breakfast,New,3,1,March,2025,3,24,0,0
1129,2025-03-24 03:14:09.049809963,Chicken 65,4,Chicken,140,560,Monday,Lunch,Regular,6,2,March,2025,3,24,0,0
1130,2025-03-24 04:59:00.228045610,Idli,4,Vegetarian,40,160,Monday,Breakfast,Regular,5,1,March,2025,3,24,0,0
1131,2025-03-24 06:43:51.406281257,Chicken Noodles,4,Chicken,150,600,Monday,Lunch,Regular,7,3,March,2025,3,24,0,0
1132,2025-03-24 08:28:42.584516904,Dosa,1,Vegetarian,50,50,Monday,Dinner,New,3,2,March,2025,3,24,0,0
1133,2025-03-24 10:13:33.762752551,Paneer Butter Masala,1,Vegetarian,170,170,Monday,Dinner,Regular,4,3,March,2025,3,24,0,0
1134,2025-03-24 11:58:24.940988198,Chicken Fried Rice,2,Chicken,160,320,Monday,Dinner,Regular,3,1,March,2025,3,24,0,0
1135,2025-03-24 13:43:16.119223845,Chicken 65,3,Chicken,140,420,Monday,Breakfast,Regular,5,2,March,2025,3,24,0,0
1136,2025-03-24 15:28:07.297459492,Mutton Biryani,2,Mutton,240,480,Monday,Dinner,New,2,0,March,2025,3,24,0,0
1137,2025-03-24 17:12:58.475695140,Chicken Fried Rice,5,Chicken,160,800,Monday,Lunch,Regular,5,0,March,2025,3,24,0,0
1138,2025-03-24 18:57:49.653930787,Parotta,1,Vegetarian,60,60,Monday,Breakfast,Regular,2,1,March,2025,3,24,0,0
1139,2025-03-24 20:42:40.832166434,Parotta,4,Vegetarian,60,240,Monday,Dinner,New,6,2,March,2025,3,24,0,0
1140,2025-03-24 22:27:32.010402081,Chicken Biryani,1,Chicken,180,180,Monday,Dinner,New,1,0,March,2025,3,24,0,0
1141,2025-03-25 00:12:23.188637728,Noodles,4,Vegetarian,110,440,Tuesday,Dinner,New,7,3,March,2025,3,25,1,0
1142,2025-03-25 01:57:14.366873375,Chicken Noodles,5,Chicken,150,750,Tuesday,Dinner,Regular,8,3,March,2025,3,25,1,0
1143,2025-03-25 03:42:05.545109022,Idli,5,Vegetarian,40,200,Tuesday,Lunch,New,6,1,March,2025,3,25,1,0
1144,2025-03-25 05:26:56.723344669,Dosa,1,Vegetarian,50,50,Tuesday,Lunch,Regular,4,3,March,2025,3,25,1,0
1145,2025-03-25 07:11:47.901580317,Chicken Grill,4,Chicken,220,880,Tuesday,Dinner,New,7,3,March,2025,3,25,1,0
1146,2025-03-25 08:56:39.079815964,Mutton Biryani,5,Mutton,240,1200,Tuesday,Lunch,Regular,8,3,March,2025,3,25,1,0
1147,2025-03-25 10:41:30.258051611,Chicken 65,2,Chicken,140,280,Tuesday,Lunch,New,2,0,March,2025,3,25,1,0
1148,2025-03-25 12:26:21.436287258,Idli,2,Vegetarian,40,80,Tuesday,Dinner,Regular,4,2,March,2025,3,25,1,0
1149,2025-03-25 14:11:12.614522905,Chicken Fried Rice,4,Chicken,160,640,Tuesday,Dinner,Regular,5,1,March,2025,3,25,1,0
1150,2025-03-25 15:56:03.792758552,Fried Rice,1,Vegetarian,120,120,Tuesday,Lunch,New,3,2,March,2025,3,25,1,0
1151,2025-03-25 17:40:54.970994199,Parotta,5,Vegetarian,60,300,Tuesday,Dinner,Regular,7,2,March,2025,3,25,1,0
1152,2025-03-25 19:25:46.149229846,Fried Rice,1,Vegetarian,120,120,Tuesday,Dinner,New,3,2,March,2025,3,25,1,0
1153,2025-03-25 21:10:37.327465494,Paneer Butter Masala,2,Vegetarian,170,340,Tuesday,Dinner,Regular,2,0,March,2025,3,25,1,0
1154,2025-03-25 22:55:28.505701141,Mutton Biryani,5,Mutton,240,1200,Tuesday,Lunch,Regular,8,3,March,2025,3,25,1,0
1155,2025-03-26 00:40:19.683936788,Chicken Grill,1,Chicken,220,220,Wednesday,Lunch,New,2,1,March,2025,3,26,2,0
1156,2025-03-26 02:25:10.862172435,Dosa,3,Vegetarian,50,150,Wednesday,Lunch,New,5,2,March,2025,3,26,2,0
1157,2025-03-26 04:10:02.040408082,Chicken Biryani,4,Chicken,180,720,Wednesday,Breakfast,Regular,7,3,March,2025,3,26,2,0
1158,2025-03-26 05:54:53.218643729,Chicken Grill,4,Chicken,220,880,Wednesday,Lunch,Regular,4,0,March,2025,3,26,2,0
1159,2025-03-26 07:39:44.396879376,Mutton Biryani,3,Mutton,240,720,Wednesday,Lunch,Regular,5,2,March,2025,3,26,2,0
1160,2025-03-26 09:24:35.575115024,Chicken Grill,2,Chicken,220,440,Wednesday,Lunch,Regular,5,3,March,2025,3,26,2,0
1161,2025-03-26 11:09:26.753350671,Mutton Biryani,5,Mutton,240,1200,Wednesday,Dinner,Regular,5,0,March,2025,3,26,2,0
1162,2025-03-26 12:54:17.931586318,Mutton Biryani,4,Mutton,240,960,Wednesday,Breakfast,New,7,3,March,2025,3,26,2,0
1163,2025-03-26 14:39:09.109821965,Veg Biryani,3,Vegetarian,130,390,Wednesday,Dinner,Regular,4,1,March,2025,3,26,2,0
1164,2025-03-26 16:24:00.288057612,Chicken 65,3,Chicken,140,420,Wednesday,Dinner,New,6,3,March,2025,3,26,2,0
1165,2025-03-26 18:08:51.466293259,Veg Meals,2,Vegetarian,100,200,Wednesday,Breakfast,Regular,5,3,March,2025,3,26,2,0
1166,2025-03-26 19:53:42.644528906,Fried Rice,2,Vegetarian,120,240,Wednesday,Dinner,Regular,3,1,March,2025,3,26,2,0
1167,2025-03-26 21:38:33.822764553,Veg Meals,1,Vegetarian,100,100,Wednesday,Lunch,New,2,1,March,2025,3,26,2,0
1168,2025-03-26 23:23:25.001000201,Veg Meals,4,Vegetarian,100,400,Wednesday,Lunch,Regular,7,3,March,2025,3,26,2,0
1169,2025-03-27 01:08:16.179235848,Veg Meals,1,Vegetarian,100,100,Thursday,Dinner,Regular,2,1,March,2025,3,27,3,0
1170,2025-03-27 02:53:07.357471495,Parotta,3,Vegetarian,60,180,Thursday,Lunch,Regular,6,3,March,2025,3,27,3,0
1171,2025-03-27 04:37:58.535707142,Veg Biryani,5,Vegetarian,130,650,Thursday,Dinner,New,7,2,March,2025,3,27,3,0
1172,2025-03-27 06:22:49.713942789,Dosa,5,Vegetarian,50,250,Thursday,Breakfast,New,8,3,March,2025,3,27,3,0
1173,2025-03-27 08:07:40.892178436,Veg Biryani,2,Vegetarian,130,260,Thursday,Dinner,Regular,2,0,March,2025,3,27,3,0
1174,2025-03-27 09:52:32.070414083,Chicken Noodles,5,Chicken,150,750,Thursday,Lunch,Regular,6,1,March,2025,3,27,3,0
1175,2025-03-27 11:37:23.248649730,Chicken Noodles,5,Chicken,150,750,Thursday,Dinner,Regular,7,2,March,2025,3,27,3,0
1176,2025-03-27 13:22:14.426885378,Parotta,5,Vegetarian,60,300,Thursday,Lunch,New,6,1,March,2025,3,27,3,0
1177,2025-03-27 15:07:05.605121025,Chicken Grill,3,Chicken,220,660,Thursday,Dinner,Regular,4,1,March,2025,3,27,3,0
1178,2025-03-27 16:51:56.783356672,Chicken 65,5,Chicken,140,700,Thursday,Dinner,Regular,6,1,March,2025,3,27,3,0
1179,2025-03-27 18:36:47.961592319,Parotta,5,Vegetarian,60,300,Thursday,Lunch,Regular,5,0,March,2025,3,27,3,0
1180,2025-03-27 20:21:39.139827966,Mutton Biryani,5,Mutton,240,1200,Thursday,Dinner,Regular,5,0,March,2025,3,27,3,0
1181,2025-03-27 22:06:30.318063613,Chicken Fried Rice,1,Chicken,160,160,Thursday,Lunch,Regular,4,3,March,2025,3,27,3,0
1182,2025-03-27 23:51:21.496299260,Chicken 65,3,Chicken,140,420,Thursday,Dinner,Regular,3,0,March,2025,3,27,3,0
1183,2025-03-28 01:36:12.674534908,Noodles,2,Vegetarian,110,220,Friday,Lunch,Regular,3,1,March,2025,3,28,4,0
1184,2025-03-28 03:21:03.852770555,Fried Rice,1,Vegetarian,120,120,Friday,Dinner,Regular,3,2,March,2025,3,28,4,0
1185,2025-03-28 05:05:55.031006202,Chicken 65,4,Chicken,140,560,Friday,Dinner,Regular,6,2,March,2025,3,28,4,0
1186,2025-03-28 06:50:46.209241849,Mutton Biryani,3,Mutton,240,720,Friday,Lunch,Regular,5,2,March,2025,3,28,4,0
1187,2025-03-28 08:35:37.387477496,Mutton Biryani,3,Mutton,240,720,Friday,Lunch,Regular,4,1,March,2025,3,28,4,0
1188,2025-03-28 10:20:28.565713143,Chicken Biryani,4,Chicken,180,720,Friday,Lunch,New,4,0,March,2025,3,28,4,0
1189,2025-03-28 12:05:19.743948790,Veg Meals,4,Vegetarian,100,400,Friday,Dinner,New,6,2,March,2025,3,28,4,0
1190,2025-03-28 13:50:10.922184437,Parotta,4,Vegetarian,60,240,Friday,Lunch,New,5,1,March,2025,3,28,4,0
1191,2025-03-28 15:35:02.100420085,Mutton Biryani,2,Mutton,240,480,Friday,Lunch,New,3,1,March,2025,3,28,4,0
1192,2025-03-28 17:19:53.278655732,Chicken Noodles,5,Chicken,150,750,Friday,Dinner,New,7,2,March,2025,3,28,4,0
1193,2025-03-28 19:04:44.456891379,Veg Meals,3,Vegetarian,100,300,Friday,Lunch,New,5,2,March,2025,3,28,4,0
1194,2025-03-28 20:49:35.635127026,Dosa,5,Vegetarian,50,250,Friday,Dinner,Regular,8,3,March,2025,3,28,4,0
1195,2025-03-28 22:34:26.813362673,Chicken Fried Rice,5,Chicken,160,800,Friday,Lunch,Regular,8,3,March,2025,3,28,4,0
1196,2025-03-29 00:19:17.991598320,Fried Rice,4,Vegetarian,120,480,Saturday,Breakfast,New,5,1,March,2025,3,29,5,1
1197,2025-03-29 02:04:09.169833967,Parotta,2,Vegetarian,60,120,Saturday,Dinner,New,5,3,March,2025,3,29,5,1
1198,2025-03-29 03:49:00.348069614,Idli,1,Vegetarian,40,40,Saturday,Breakfast,Regular,4,3,March,2025,3,29,5,1
1199,2025-03-29 05:33:51.526305262,Chicken Noodles,2,Chicken,150,300,Saturday,Lunch,Regular,4,2,March,2025,3,29,5,1
1200,2025-03-29 07:18:42.704540909,Paneer Butter Masala,5,Vegetarian,170,850,Saturday,Dinner,Regular,8,3,March,2025,3,29,5,1
1201,2025-03-29 09:03:33.882776556,Noodles,2,Vegetarian,110,220,Saturday,Lunch,Regular,3,1,March,2025,3,29,5,1
1202,2025-03-29 10:48:25.061012203,Chicken Grill,4,Chicken,220,880,Saturday,Dinner,Regular,6,2,March,2025,3,29,5,1
1203,2025-03-29 12:33:16.239247850,Mutton Biryani,1,Mutton,240,240,Saturday,Dinner,Regular,4,3,March,2025,3,29,5,1
1204,2025-03-29 14:18:07.417483497,Idli,4,Vegetarian,40,160,Saturday,Lunch,Regular,7,3,March,2025,3,29,5,1
1205,2025-03-29 16:02:58.595719144,Mutton Biryani,1,Mutton,240,240,Saturday,Breakfast,Regular,4,3,March,2025,3,29,5,1
1206,2025-03-29 17:47:49.773954792,Chicken 65,5,Chicken,140,700,Saturday,Dinner,Regular,5,0,March,2025,3,29,5,1
1207,2025-03-29 19:32:40.952190439,Chicken Noodles,1,Chicken,150,150,Saturday,Lunch,Regular,4,3,March,2025,3,29,5,1
1208,2025-03-29 21:17:32.130426086,Chicken 65,1,Chicken,140,140,Saturday,Breakfast,Regular,4,3,March,2025,3,29,5,1
1209,2025-03-29 23:02:23.308661733,Chicken Biryani,1,Chicken,180,180,Saturday,Dinner,New,2,1,March,2025,3,29,5,1
1210,2025-03-30 00:47:14.486897380,Chicken 65,2,Chicken,140,280,Sunday,Breakfast,Regular,5,3,March,2025,3,30,6,1
1211,2025-03-30 02:32:05.665133027,Chicken Biryani,2,Chicken,180,360,Sunday,Dinner,Regular,2,0,March,2025,3,30,6,1
1212,2025-03-30 04:16:56.843368674,Noodles,5,Vegetarian,110,550,Sunday,Breakfast,Regular,7,2,March,2025,3,30,6,1
1213,2025-03-30 06:01:48.021604321,Chicken Biryani,1,Chicken,180,180,Sunday,Breakfast,Regular,4,3,March,2025,3,30,6,1
1214,2025-03-30 07:46:39.199839969,Idli,3,Vegetarian,40,120,Sunday,Breakfast,Regular,6,3,March,2025,3,30,6,1
1215,2025-03-30 09:31:30.378075616,Veg Meals,5,Vegetarian,100,500,Sunday,Dinner,Regular,6,1,March,2025,3,30,6,1
1216,2025-03-30 11:16:21.556311263,Mutton Biryani,1,Mutton,240,240,Sunday,Dinner,Regular,4,3,March,2025,3,30,6,1
1217,2025-03-30 13:01:12.734546910,Chicken Grill,1,Chicken,220,220,Sunday,Dinner,New,4,3,March,2025,3,30,6,1
1218,2025-03-30 14:46:03.912782557,Veg Meals,2,Vegetarian,100,200,Sunday,Lunch,Regular,5,3,March,2025,3,30,6,1
1219,2025-03-30 16:30:55.091018204,Fried Rice,5,Vegetarian,120,600,Sunday,Lunch,New,8,3,March,2025,3,30,6,1
1220,2025-03-30 18:15:46.269253851,Chicken 65,1,Chicken,140,140,Sunday,Lunch,New,3,2,March,2025,3,30,6,1
1221,2025-03-30 20:00:37.447489498,Paneer Butter Masala,1,Vegetarian,170,170,Sunday,Lunch,Regular,2,1,March,2025,3,30,6,1
1222,2025-03-30 21:45:28.625725146,Fried Rice,5,Vegetarian,120,600,Sunday,Lunch,New,7,2,March,2025,3,30,6,1
1223,2025-03-30 23:30:19.803960793,Chicken Noodles,3,Chicken,150,450,Sunday,Dinner,Regular,3,0,March,2025,3,30,6,1
1224,2025-03-31 01:15:10.982196440,Chicken Biryani,5,Chicken,180,900,Monday,Lunch,New,8,3,March,2025,3,31,0,0
1225,2025-03-31 03:00:02.160432087,Mutton Biryani,5,Mutton,240,1200,Monday,Dinner,New,5,0,March,2025,3,31,0,0
1226,2025-03-31 04:44:53.338667734,Chicken Fried Rice,3,Chicken,160,480,Monday,Breakfast,Regular,5,2,March,2025,3,31,0,0
1227,2025-03-31 06:29:44.516903381,Parotta,5,Vegetarian,60,300,Monday,Dinner,Regular,5,0,March,2025,3,31,0,0
1228,2025-03-31 08:14:35.695139028,Idli,1,Vegetarian,40,40,Monday,Breakfast,Regular,4,3,March,2025,3,31,0,0
1229,2025-03-31 09:59:26.873374675,Chicken Grill,5,Chicken,220,1100,Monday,Lunch,Regular,5,0,March,2025,3,31,0,0
1230,2025-03-31 11:44:18.051610323,Veg Biryani,3,Vegetarian,130,390,Monday,Lunch,Regular,5,2,March,2025,3,31,0,0
1231,2025-03-31 13:29:09.229845970,Idli,4,Vegetarian,40,160,Monday,Lunch,Regular,7,3,March,2025,3,31,0,0
1232,2025-03-31 15:14:00.408081617,Noodles,5,Vegetarian,110,550,Monday,Lunch,Regular,6,1,March,2025,3,31,0,0
1233,2025-03-31 16:58:51.586317264,Chicken Fried Rice,2,Chicken,160,320,Monday,Lunch,Regular,4,2,March,2025,3,31,0,0
1234,2025-03-31 18:43:42.764552911,Paneer Butter Masala,1,Vegetarian,170,170,Monday,Lunch,Regular,4,3,March,2025,3,31,0,0
1235,2025-03-31 20:28:33.942788558,Parotta,1,Vegetarian,60,60,Monday,Dinner,New,2,1,March,2025,3,31,0,0
1236,2025-03-31 22:13:25.121024205,Chicken Fried Rice,2,Chicken,160,320,Monday,Dinner,Regular,2,0,March,2025,3,31,0,0
1237,2025-03-31 23:58:16.299259853,Chicken 65,2,Chicken,140,280,Monday,Dinner,Regular,2,0,March,2025,3,31,0,0
1238,2025-04-01 01:43:07.477495500,Chicken Biryani,5,Chicken,180,900,Tuesday,Lunch,Regular,5,0,April,2025,4,1,1,0
1239,2025-04-01 03:27:58.655731147,Chicken Grill,2,Chicken,220,440,Tuesday,Dinner,Regular,5,3,April,2025,4,1,1,0
1240,2025-04-01 05:12:49.833966794,Dosa,4,Vegetarian,50,200,Tuesday,Lunch,Regular,4,0,April,2025,4,1,1,0
1241,2025-04-01 06:57:41.012202441,Chicken Biryani,3,Chicken,180,540,Tuesday,Lunch,Regular,3,0,April,2025,4,1,1,0
1242,2025-04-01 08:42:32.190438088,Dosa,2,Vegetarian,50,100,Tuesday,Lunch,Regular,3,1,April,2025,4,1,1,0
1243,2025-04-01 10:27:23.368673735,Fried Rice,2,Vegetarian,120,240,Tuesday,Lunch,New,3,1,April,2025,4,1,1,0
1244,2025-04-01 12:12:14.546909382,Parotta,4,Vegetarian,60,240,Tuesday,Breakfast,New,5,1,April,2025,4,1,1,0
1245,2025-04-01 13:57:05.725145030,Mutton Biryani,1,Mutton,240,240,Tuesday,Lunch,Regular,4,3,April,2025,4,1,1,0
1246,2025-04-01 15:41:56.903380677,Veg Biryani,1,Vegetarian,130,130,Tuesday,Breakfast,Regular,3,2,April,2025,4,1,1,0
1247,2025-04-01 17:26:48.081616324,Chicken Noodles,5,Chicken,150,750,Tuesday,Dinner,New,5,0,April,2025,4,1,1,0
1248,2025-04-01 19:11:39.259851971,Veg Meals,4,Vegetarian,100,400,Tuesday,Dinner,New,4,0,April,2025,4,1,1,0
1249,2025-04-01 20:56:30.438087618,Chicken Biryani,3,Chicken,180,540,Tuesday,Dinner,New,6,3,April,2025,4,1,1,0
1250,2025-04-01 22:41:21.616323265,Chicken Grill,3,Chicken,220,660,Tuesday,Dinner,Regular,3,0,April,2025,4,1,1,0
1251,2025-04-02 00:26:12.794558912,Veg Meals,4,Vegetarian,100,400,Wednesday,Breakfast,Regular,7,3,April,2025,4,2,2,0
1252,2025-04-02 02:11:03.972794559,Noodles,3,Vegetarian,110,330,Wednesday,Dinner,Regular,6,3,April,2025,4,2,2,0
1253,2025-04-02 03:55:55.151030207,Noodles,1,Vegetarian,110,110,Wednesday,Dinner,New,4,3,April,2025,4,2,2,0
1254,2025-04-02 05:40:46.329265854,Chicken Fried Rice,3,Chicken,160,480,Wednesday,Lunch,Regular,5,2,April,2025,4,2,2,0
1255,2025-04-02 07:25:37.507501501,Veg Meals,3,Vegetarian,100,300,Wednesday,Lunch,New,6,3,April,2025,4,2,2,0
1256,2025-04-02 09:10:28.685737148,Chicken Grill,4,Chicken,220,880,Wednesday,Dinner,New,6,2,April,2025,4,2,2,0
1257,2025-04-02 10:55:19.863972795,Parotta,4,Vegetarian,60,240,Wednesday,Lunch,Regular,6,2,April,2025,4,2,2,0
1258,2025-04-02 12:40:11.042208442,Fried Rice,3,Vegetarian,120,360,Wednesday,Dinner,Regular,3,0,April,2025,4,2,2,0
1259,2025-04-02 14:25:02.220444089,Dosa,2,Vegetarian,50,100,Wednesday,Breakfast,New,3,1,April,2025,4,2,2,0
1260,2025-04-02 16:09:53.398679737,Chicken Fried Rice,4,Chicken,160,640,Wednesday,Breakfast,New,6,2,April,2025,4,2,2,0
1261,2025-04-02 17:54:44.576915384,Noodles,5,Vegetarian,110,550,Wednesday,Lunch,New,7,2,April,2025,4,2,2,0
1262,2025-04-02 19:39:35.755151031,Chicken Noodles,5,Chicken,150,750,Wednesday,Lunch,Regular,6,1,April,2025,4,2,2,0
1263,2025-04-02 21:24:26.933386678,Chicken Noodles,1,Chicken,150,150,Wednesday,Dinner,New,3,2,April,2025,4,2,2,0
1264,2025-04-02 23:09:18.111622325,Chicken Biryani,3,Chicken,180,540,Wednesday,Dinner,New,4,1,April,2025,4,2,2,0
1265,2025-04-03 00:54:09.289857972,Parotta,2,Vegetarian,60,120,Thursday,Lunch,New,2,0,April,2025,4,3,3,0
1266,2025-04-03 02:39:00.468093619,Mutton Biryani,1,Mutton,240,240,Thursday,Breakfast,Regular,4,3,April,2025,4,3,3,0
1267,2025-04-03 04:23:51.646329266,Noodles,3,Vegetarian,110,330,Thursday,Dinner,Regular,4,1,April,2025,4,3,3,0
1268,2025-04-03 06:08:42.824564914,Paneer Butter Masala,4,Vegetarian,170,680,Thursday,Dinner,Regular,7,3,April,2025,4,3,3,0
1269,2025-04-03 07:53:34.002800561,Parotta,5,Vegetarian,60,300,Thursday,Breakfast,Regular,6,1,April,2025,4,3,3,0
1270,2025-04-03 09:38:25.181036208,Fried Rice,2,Vegetarian,120,240,Thursday,Lunch,Regular,5,3,April,2025,4,3,3,0
1271,2025-04-03 11:23:16.359271855,Dosa,5,Vegetarian,50,250,Thursday,Dinner,Regular,5,0,April,2025,4,3,3,0
1272,2025-04-03 13:08:07.537507502,Chicken Grill,4,Chicken,220,880,Thursday,Dinner,New,6,2,April,2025,4,3,3,0
1273,2025-04-03 14:52:58.715743149,Veg Meals,3,Vegetarian,100,300,Thursday,Lunch,New,3,0,April,2025,4,3,3,0
1274,2025-04-03 16:37:49.893978796,Noodles,4,Vegetarian,110,440,Thursday,Lunch,Regular,6,2,April,2025,4,3,3,0
1275,2025-04-03 18:22:41.072214443,Veg Meals,4,Vegetarian,100,400,Thursday,Dinner,New,7,3,April,2025,4,3,3,0
1276,2025-04-03 20:07:32.250450091,Chicken Noodles,5,Chicken,150,750,Thursday,Dinner,Regular,8,3,April,2025,4,3,3,0
1277,2025-04-03 21:52:23.428685738,Chicken Grill,2,Chicken,220,440,Thursday,Lunch,Regular,4,2,April,2025,4,3,3,0
1278,2025-04-03 23:37:14.606921385,Chicken Grill,4,Chicken,220,880,Thursday,Lunch,Regular,5,1,April,2025,4,3,3,0
1279,2025-04-04 01:22:05.785157032,Chicken Grill,5,Chicken,220,1100,Friday,Dinner,New,5,0,April,2025,4,4,4,0
1280,2025-04-04 03:06:56.963392679,Chicken Noodles,2,Chicken,150,300,Friday,Lunch,Regular,3,1,April,2025,4,4,4,0
1281,2025-04-04 04:51:48.141628326,Fried Rice,3,Vegetarian,120,360,Friday,Breakfast,Regular,6,3,April,2025,4,4,4,0
1282,2025-04-04 06:36:39.319863973,Veg Meals,3,Vegetarian,100,300,Friday,Lunch,New,3,0,April,2025,4,4,4,0
1283,2025-04-04 08:21:30.498099621,Idli,1,Vegetarian,40,40,Friday,Lunch,Regular,1,0,April,2025,4,4,4,0
1284,2025-04-04 10:06:21.676335268,Veg Meals,5,Vegetarian,100,500,Friday,Dinner,New,6,1,April,2025,4,4,4,0
1285,2025-04-04 11:51:12.854570915,Chicken 65,2,Chicken,140,280,Friday,Breakfast,New,4,2,April,2025,4,4,4,0
1286,2025-04-04 13:36:04.032806562,Dosa,4,Vegetarian,50,200,Friday,Dinner,Regular,6,2,April,2025,4,4,4,0
1287,2025-04-04 15:20:55.211042209,Paneer Butter Masala,3,Vegetarian,170,510,Friday,Lunch,New,3,0,April,2025,4,4,4,0
1288,2025-04-04 17:05:46.389277856,Idli,2,Vegetarian,40,80,Friday,Breakfast,New,4,2,April,2025,4,4,4,0
1289,2025-04-04 18:50:37.567513503,Dosa,5,Vegetarian,50,250,Friday,Breakfast,New,8,3,April,2025,4,4,4,0
1290,2025-04-04 20:35:28.745749150,Chicken Fried Rice,1,Chicken,160,160,Friday,Dinner,Regular,2,1,April,2025,4,4,4,0
1291,2025-04-04 22:20:19.923984798,Parotta,3,Vegetarian,60,180,Friday,Dinner,Regular,4,1,April,2025,4,4,4,0
1292,2025-04-05 00:05:11.102220445,Parotta,2,Vegetarian,60,120,Saturday,Lunch,New,3,1,April,2025,4,5,5,1
1293,2025-04-05 01:50:02.280456092,Veg Biryani,2,Vegetarian,130,260,Saturday,Dinner,Regular,2,0,April,2025,4,5,5,1
1294,2025-04-05 03:34:53.458691739,Parotta,2,Vegetarian,60,120,Saturday,Dinner,New,2,0,April,2025,4,5,5,1
1295,2025-04-05 05:19:44.636927386,Veg Meals,5,Vegetarian,100,500,Saturday,Dinner,Regular,7,2,April,2025,4,5,5,1
1296,2025-04-05 07:04:35.815163033,Chicken Noodles,5,Chicken,150,750,Saturday,Lunch,Regular,6,1,April,2025,4,5,5,1
1297,2025-04-05 08:49:26.993398680,Paneer Butter Masala,5,Vegetarian,170,850,Saturday,Dinner,Regular,8,3,April,2025,4,5,5,1
1298,2025-04-05 10:34:18.171634327,Mutton Biryani,4,Mutton,240,960,Saturday,Breakfast,Regular,7,3,April,2025,4,5,5,1
1299,2025-04-05 12:19:09.349869975,Chicken Biryani,2,Chicken,180,360,Saturday,Lunch,Regular,3,1,April,2025,4,5,5,1
1300,2025-04-05 14:04:00.528105622,Veg Biryani,3,Vegetarian,130,390,Saturday,Dinner,New,3,0,April,2025,4,5,5,1
1301,2025-04-05 15:48:51.706341269,Chicken Biryani,5,Chicken,180,900,Saturday,Lunch,Regular,5,0,April,2025,4,5,5,1
1302,2025-04-05 17:33:42.884576916,Dosa,5,Vegetarian,50,250,Saturday,Lunch,New,5,0,April,2025,4,5,5,1
1303,2025-04-05 19:18:34.062812563,Chicken Biryani,2,Chicken,180,360,Saturday,Breakfast,Regular,5,3,April,2025,4,5,5,1
1304,2025-04-05 21:03:25.241048210,Chicken Biryani,5,Chicken,180,900,Saturday,Dinner,New,6,1,April,2025,4,5,5,1
1305,2025-04-05 22:48:16.419283857,Veg Biryani,4,Vegetarian,130,520,Saturday,Dinner,Regular,7,3,April,2025,4,5,5,1
1306,2025-04-06 00:33:07.597519504,Chicken Fried Rice,4,Chicken,160,640,Sunday,Lunch,New,5,1,April,2025,4,6,6,1
1307,2025-04-06 02:17:58.775755152,Veg Meals,5,Vegetarian,100,500,Sunday,Dinner,New,8,3,April,2025,4,6,6,1
1308,2025-04-06 04:02:49.953990799,Chicken Grill,2,Chicken,220,440,Sunday,Breakfast,Regular,5,3,April,2025,4,6,6,1
1309,2025-04-06 05:47:41.132226446,Parotta,2,Vegetarian,60,120,Sunday,Lunch,Regular,4,2,April,2025,4,6,6,1
1310,2025-04-06 07:32:32.310462093,Parotta,2,Vegetarian,60,120,Sunday,Dinner,Regular,5,3,April,2025,4,6,6,1
1311,2025-04-06 09:17:23.488697740,Chicken Noodles,1,Chicken,150,150,Sunday,Lunch,Regular,2,1,April,2025,4,6,6,1
1312,2025-04-06 11:02:14.666933387,Veg Biryani,5,Vegetarian,130,650,Sunday,Lunch,Regular,8,3,April,2025,4,6,6,1
1313,2025-04-06 12:47:05.845169034,Chicken Noodles,2,Chicken,150,300,Sunday,Lunch,New,4,2,April,2025,4,6,6,1
1314,2025-04-06 14:31:57.023404682,Mutton Biryani,4,Mutton,240,960,Sunday,Dinner,New,6,2,April,2025,4,6,6,1
1315,2025-04-06 16:16:48.201640329,Mutton Biryani,3,Mutton,240,720,Sunday,Breakfast,New,4,1,April,2025,4,6,6,1
1316,2025-04-06 18:01:39.379875976,Chicken Noodles,3,Chicken,150,450,Sunday,Dinner,Regular,5,2,April,2025,4,6,6,1
1317,2025-04-06 19:46:30.558111623,Veg Biryani,2,Vegetarian,130,260,Sunday,Dinner,New,4,2,April,2025,4,6,6,1
1318,2025-04-06 21:31:21.736347270,Chicken Noodles,3,Chicken,150,450,Sunday,Breakfast,New,3,0,April,2025,4,6,6,1
1319,2025-04-06 23:16:12.914582917,Parotta,3,Vegetarian,60,180,Sunday,Dinner,New,4,1,April,2025,4,6,6,1
1320,2025-04-07 01:01:04.092818564,Idli,1,Vegetarian,40,40,Monday,Lunch,New,3,2,April,2025,4,7,0,0
1321,2025-04-07 02:45:55.271054211,Chicken 65,4,Chicken,140,560,Monday,Lunch,Regular,6,2,April,2025,4,7,0,0
1322,2025-04-07 04:30:46.449289859,Paneer Butter Masala,4,Vegetarian,170,680,Monday,Dinner,New,6,2,April,2025,4,7,0,0
1323,2025-04-07 06:15:37.627525506,Chicken Biryani,1,Chicken,180,180,Monday,Dinner,Regular,2,1,April,2025,4,7,0,0
1324,2025-04-07 08:00:28.805761153,Chicken 65,1,Chicken,140,140,Monday,Breakfast,Regular,1,0,April,2025,4,7,0,0
1325,2025-04-07 09:45:19.983996800,Veg Meals,3,Vegetarian,100,300,Monday,Lunch,Regular,6,3,April,2025,4,7,0,0
1326,2025-04-07 11:30:11.162232447,Veg Biryani,5,Vegetarian,130,650,Monday,Lunch,New,5,0,April,2025,4,7,0,0
1327,2025-04-07 13:15:02.340468094,Fried Rice,3,Vegetarian,120,360,Monday,Lunch,New,4,1,April,2025,4,7,0,0
1328,2025-04-07 14:59:53.518703741,Chicken 65,1,Chicken,140,140,Monday,Lunch,New,2,1,April,2025,4,7,0,0
1329,2025-04-07 16:44:44.696939388,Paneer Butter Masala,4,Vegetarian,170,680,Monday,Breakfast,Regular,5,1,April,2025,4,7,0,0
1330,2025-04-07 18:29:35.875175036,Mutton Biryani,3,Mutton,240,720,Monday,Dinner,New,6,3,April,2025,4,7,0,0
1331,2025-04-07 20:14:27.053410683,Dosa,5,Vegetarian,50,250,Monday,Lunch,Regular,6,1,April,2025,4,7,0,0
1332,2025-04-07 21:59:18.231646330,Chicken Biryani,3,Chicken,180,540,Monday,Breakfast,Regular,3,0,April,2025,4,7,0,0
1333,2025-04-07 23:44:09.409881977,Paneer Butter Masala,2,Vegetarian,170,340,Monday,Dinner,Regular,4,2,April,2025,4,7,0,0
1334,2025-04-08 01:29:00.588117624,Chicken Grill,3,Chicken,220,660,Tuesday,Dinner,Regular,5,2,April,2025,4,8,1,0
1335,2025-04-08 03:13:51.766353271,Fried Rice,1,Vegetarian,120,120,Tuesday,Lunch,Regular,2,1,April,2025,4,8,1,0
1336,2025-04-08 04:58:42.944588918,Veg Biryani,4,Vegetarian,130,520,Tuesday,Lunch,Regular,5,1,April,2025,4,8,1,0
1337,2025-04-08 06:43:34.122824566,Chicken Biryani,4,Chicken,180,720,Tuesday,Dinner,New,7,3,April,2025,4,8,1,0
1338,2025-04-08 08:28:25.301060213,Veg Meals,1,Vegetarian,100,100,Tuesday,Lunch,Regular,3,2,April,2025,4,8,1,0
1339,2025-04-08 10:13:16.479295860,Chicken 65,2,Chicken,140,280,Tuesday,Lunch,Regular,5,3,April,2025,4,8,1,0
1340,2025-04-08 11:58:07.657531507,Mutton Biryani,1,Mutton,240,240,Tuesday,Dinner,Regular,4,3,April,2025,4,8,1,0
1341,2025-04-08 13:42:58.835767154,Chicken Fried Rice,3,Chicken,160,480,Tuesday,Breakfast,New,6,3,April,2025,4,8,1,0
1342,2025-04-08 15:27:50.014002801,Idli,1,Vegetarian,40,40,Tuesday,Breakfast,Regular,4,3,April,2025,4,8,1,0
1343,2025-04-08 17:12:41.192238448,Chicken Grill,1,Chicken,220,220,Tuesday,Breakfast,New,1,0,April,2025,4,8,1,0
1344,2025-04-08 18:57:32.370474095,Fried Rice,2,Vegetarian,120,240,Tuesday,Breakfast,New,3,1,April,2025,4,8,1,0
1345,2025-04-08 20:42:23.548709743,Idli,3,Vegetarian,40,120,Tuesday,Breakfast,New,4,1,April,2025,4,8,1,0
1346,2025-04-08 22:27:14.726945390,Chicken Biryani,5,Chicken,180,900,Tuesday,Dinner,New,8,3,April,2025,4,8,1,0
1347,2025-04-09 00:12:05.905181037,Mutton Biryani,5,Mutton,240,1200,Wednesday,Lunch,Regular,8,3,April,2025,4,9,2,0
1348,2025-04-09 01:56:57.083416684,Mutton Biryani,4,Mutton,240,960,Wednesday,Breakfast,Regular,4,0,April,2025,4,9,2,0
1349,2025-04-09 03:41:48.261652331,Paneer Butter Masala,1,Vegetarian,170,170,Wednesday,Lunch,New,4,3,April,2025,4,9,2,0
1350,2025-04-09 05:26:39.439887978,Chicken 65,4,Chicken,140,560,Wednesday,Dinner,Regular,4,0,April,2025,4,9,2,0
1351,2025-04-09 07:11:30.618123625,Paneer Butter Masala,2,Vegetarian,170,340,Wednesday,Lunch,Regular,2,0,April,2025,4,9,2,0
1352,2025-04-09 08:56:21.796359272,Parotta,5,Vegetarian,60,300,Wednesday,Lunch,Regular,8,3,April,2025,4,9,2,0
1353,2025-04-09 10:41:12.974594920,Chicken 65,1,Chicken,140,140,Wednesday,Dinner,Regular,2,1,April,2025,4,9,2,0
1354,2025-04-09 12:26:04.152830567,Parotta,2,Vegetarian,60,120,Wednesday,Lunch,Regular,2,0,April,2025,4,9,2,0
1355,2025-04-09 14:10:55.331066214,Paneer Butter Masala,2,Vegetarian,170,340,Wednesday,Lunch,New,3,1,April,2025,4,9,2,0
1356,2025-04-09 15:55:46.509301861,Parotta,1,Vegetarian,60,60,Wednesday,Lunch,Regular,2,1,April,2025,4,9,2,0
1357,2025-04-09 17:40:37.687537508,Chicken Grill,2,Chicken,220,440,Wednesday,Lunch,Regular,2,0,April,2025,4,9,2,0
1358,2025-04-09 19:25:28.865773155,Paneer Butter Masala,1,Vegetarian,170,170,Wednesday,Lunch,Regular,3,2,April,2025,4,9,2,0
1359,2025-04-09 21:10:20.044008802,Chicken 65,1,Chicken,140,140,Wednesday,Dinner,Regular,1,0,April,2025,4,9,2,0
1360,2025-04-09 22:55:11.222244450,Noodles,3,Vegetarian,110,330,Wednesday,Lunch,Regular,5,2,April,2025,4,9,2,0
1361,2025-04-10 00:40:02.400480097,Paneer Butter Masala,4,Vegetarian,170,680,Thursday,Lunch,New,4,0,April,2025,4,10,3,0
1362,2025-04-10 02:24:53.578715744,Chicken Fried Rice,2,Chicken,160,320,Thursday,Breakfast,New,2,0,April,2025,4,10,3,0
1363,2025-04-10 04:09:44.756951391,Fried Rice,2,Vegetarian,120,240,Thursday,Breakfast,New,3,1,April,2025,4,10,3,0
1364,2025-04-10 05:54:35.935187038,Chicken Noodles,3,Chicken,150,450,Thursday,Lunch,Regular,4,1,April,2025,4,10,3,0
1365,2025-04-10 07:39:27.113422685,Chicken Noodles,3,Chicken,150,450,Thursday,Dinner,Regular,6,3,April,2025,4,10,3,0
1366,2025-04-10 09:24:18.291658332,Chicken 65,3,Chicken,140,420,Thursday,Lunch,Regular,4,1,April,2025,4,10,3,0
1367,2025-04-10 11:09:09.469893979,Chicken 65,5,Chicken,140,700,Thursday,Dinner,Regular,6,1,April,2025,4,10,3,0
1368,2025-04-10 12:54:00.648129627,Idli,5,Vegetarian,40,200,Thursday,Lunch,Regular,6,1,April,2025,4,10,3,0
1369,2025-04-10 14:38:51.826365274,Fried Rice,5,Vegetarian,120,600,Thursday,Breakfast,Regular,6,1,April,2025,4,10,3,0
1370,2025-04-10 16:23:43.004600921,Fried Rice,1,Vegetarian,120,120,Thursday,Breakfast,Regular,4,3,April,2025,4,10,3,0
1371,2025-04-10 18:08:34.182836568,Chicken Grill,2,Chicken,220,440,Thursday,Lunch,New,3,1,April,2025,4,10,3,0
1372,2025-04-10 19:53:25.361072215,Chicken 65,4,Chicken,140,560,Thursday,Breakfast,Regular,6,2,April,2025,4,10,3,0
1373,2025-04-10 21:38:16.539307862,Fried Rice,1,Vegetarian,120,120,Thursday,Breakfast,Regular,3,2,April,2025,4,10,3,0
1374,2025-04-10 23:23:07.717543509,Veg Meals,2,Vegetarian,100,200,Thursday,Dinner,New,5,3,April,2025,4,10,3,0
1375,2025-04-11 01:07:58.895779156,Idli,2,Vegetarian,40,80,Friday,Breakfast,New,3,1,April,2025,4,11,4,0
1376,2025-04-11 02:52:50.074014804,Parotta,3,Vegetarian,60,180,Friday,Lunch,Regular,5,2,April,2025,4,11,4,0
1377,2025-04-11 04:37:41.252250451,Mutton Biryani,3,Mutton,240,720,Friday,Lunch,New,3,0,April,2025,4,11,4,0
1378,2025-04-11 06:22:32.430486098,Mutton Biryani,1,Mutton,240,240,Friday,Lunch,Regular,3,2,April,2025,4,11,4,0
1379,2025-04-11 08:07:23.608721745,Parotta,3,Vegetarian,60,180,Friday,Lunch,New,4,1,April,2025,4,11,4,0
1380,2025-04-11 09:52:14.786957392,Veg Biryani,2,Vegetarian,130,260,Friday,Lunch,Regular,4,2,April,2025,4,11,4,0
1381,2025-04-11 11:37:05.965193039,Idli,3,Vegetarian,40,120,Friday,Lunch,Regular,3,0,April,2025,4,11,4,0
1382,2025-04-11 13:21:57.143428686,Veg Meals,5,Vegetarian,100,500,Friday,Dinner,Regular,7,2,April,2025,4,11,4,0
1383,2025-04-11 15:06:48.321664333,Fried Rice,3,Vegetarian,120,360,Friday,Dinner,Regular,4,1,April,2025,4,11,4,0
1384,2025-04-11 16:51:39.499899981,Noodles,2,Vegetarian,110,220,Friday,Breakfast,Regular,2,0,April,2025,4,11,4,0
1385,2025-04-11 18:36:30.678135628,Idli,1,Vegetarian,40,40,Friday,Breakfast,Regular,4,3,April,2025,4,11,4,0
1386,2025-04-11 20:21:21.856371275,Paneer Butter Masala,4,Vegetarian,170,680,Friday,Dinner,Regular,4,0,April,2025,4,11,4,0
1387,2025-04-11 22:06:13.034606922,Parotta,3,Vegetarian,60,180,Friday,Lunch,Regular,5,2,April,2025,4,11,4,0
1388,2025-04-11 23:51:04.212842569,Veg Meals,2,Vegetarian,100,200,Friday,Lunch,New,5,3,April,2025,4,11,4,0
1389,2025-04-12 01:35:55.391078216,Chicken Fried Rice,4,Chicken,160,640,Saturday,Lunch,Regular,4,0,April,2025,4,12,5,1
1390,2025-04-12 03:20:46.569313863,Dosa,4,Vegetarian,50,200,Saturday,Breakfast,Regular,4,0,April,2025,4,12,5,1
1391,2025-04-12 05:05:37.747549511,Chicken Biryani,5,Chicken,180,900,Saturday,Lunch,New,5,0,April,2025,4,12,5,1
1392,2025-04-12 06:50:28.925785158,Parotta,4,Vegetarian,60,240,Saturday,Lunch,New,5,1,April,2025,4,12,5,1
1393,2025-04-12 08:35:20.104020805,Noodles,2,Vegetarian,110,220,Saturday,Lunch,New,5,3,April,2025,4,12,5,1
1394,2025-04-12 10:20:11.282256452,Fried Rice,2,Vegetarian,120,240,Saturday,Lunch,Regular,5,3,April,2025,4,12,5,1
1395,2025-04-12 12:05:02.460492099,Noodles,3,Vegetarian,110,330,Saturday,Dinner,Regular,3,0,April,2025,4,12,5,1
1396,2025-04-12 13:49:53.638727746,Noodles,3,Vegetarian,110,330,Saturday,Lunch,New,6,3,April,2025,4,12,5,1
1397,2025-04-12 15:34:44.816963393,Chicken 65,3,Chicken,140,420,Saturday,Breakfast,Regular,5,2,April,2025,4,12,5,1
1398,2025-04-12 17:19:35.995199040,Chicken 65,4,Chicken,140,560,Saturday,Lunch,Regular,6,2,April,2025,4,12,5,1
1399,2025-04-12 19:04:27.173434688,Chicken Grill,4,Chicken,220,880,Saturday,Dinner,New,4,0,April,2025,4,12,5,1
1400,2025-04-12 20:49:18.351670335,Parotta,5,Vegetarian,60,300,Saturday,Dinner,Regular,7,2,April,2025,4,12,5,1
1401,2025-04-12 22:34:09.529905982,Chicken Grill,3,Chicken,220,660,Saturday,Dinner,Regular,3,0,April,2025,4,12,5,1
1402,2025-04-13 00:19:00.708141629,Parotta,1,Vegetarian,60,60,Sunday,Breakfast,Regular,3,2,April,2025,4,13,6,1
1403,2025-04-13 02:03:51.886377276,Idli,5,Vegetarian,40,200,Sunday,Dinner,New,5,0,April,2025,4,13,6,1
1404,2025-04-13 03:48:43.064612923,Chicken Biryani,1,Chicken,180,180,Sunday,Dinner,New,1,0,April,2025,4,13,6,1
1405,2025-04-13 05:33:34.242848570,Noodles,4,Vegetarian,110,440,Sunday,Breakfast,New,7,3,April,2025,4,13,6,1
1406,2025-04-13 07:18:25.421084217,Idli,5,Vegetarian,40,200,Sunday,Lunch,Regular,8,3,April,2025,4,13,6,1
1407,2025-04-13 09:03:16.599319865,Dosa,5,Vegetarian,50,250,Sunday,Lunch,Regular,5,0,April,2025,4,13,6,1
1408,2025-04-13 10:48:07.777555512,Mutton Biryani,2,Mutton,240,480,Sunday,Dinner,Regular,5,3,April,2025,4,13,6,1
1409,2025-04-13 12:32:58.955791159,Chicken Noodles,4,Chicken,150,600,Sunday,Lunch,New,7,3,April,2025,4,13,6,1
1410,2025-04-13 14:17:50.134026806,Paneer Butter Masala,4,Vegetarian,170,680,Sunday,Lunch,New,5,1,April,2025,4,13,6,1
1411,2025-04-13 16:02:41.312262453,Veg Meals,5,Vegetarian,100,500,Sunday,Dinner,Regular,7,2,April,2025,4,13,6,1
1412,2025-04-13 17:47:32.490498100,Parotta,4,Vegetarian,60,240,Sunday,Dinner,Regular,7,3,April,2025,4,13,6,1
1413,2025-04-13 19:32:23.668733747,Dosa,5,Vegetarian,50,250,Sunday,Dinner,Regular,5,0,April,2025,4,13,6,1
1414,2025-04-13 21:17:14.846969395,Mutton Biryani,2,Mutton,240,480,Sunday,Dinner,Regular,3,1,April,2025,4,13,6,1
1415,2025-04-13 23:02:06.025205042,Fried Rice,5,Vegetarian,120,600,Sunday,Breakfast,New,6,1,April,2025,4,13,6,1
1416,2025-04-14 00:46:57.203440689,Veg Biryani,4,Vegetarian,130,520,Monday,Dinner,New,7,3,April,2025,4,14,0,0
1417,2025-04-14 02:31:48.381676336,Chicken Biryani,4,Chicken,180,720,Monday,Lunch,New,4,0,April,2025,4,14,0,0
1418,2025-04-14 04:16:39.559911983,Veg Meals,5,Vegetarian,100,500,Monday,Dinner,New,5,0,April,2025,4,14,0,0
1419,2025-04-14 06:01:30.738147630,Chicken Grill,5,Chicken,220,1100,Monday,Lunch,New,5,0,April,2025,4,14,0,0
1420,2025-04-14 07:46:21.916383277,Chicken Grill,5,Chicken,220,1100,Monday,Dinner,New,5,0,April,2025,4,14,0,0
1421,2025-04-14 09:31:13.094618924,Idli,3,Vegetarian,40,120,Monday,Dinner,New,3,0,April,2025,4,14,0,0
1422,2025-04-14 11:16:04.272854572,Veg Meals,4,Vegetarian,100,400,Monday,Dinner,New,6,2,April,2025,4,14,0,0
1423,2025-04-14 13:00:55.451090219,Chicken 65,4,Chicken,140,560,Monday,Breakfast,Regular,4,0,April,2025,4,14,0,0
1424,2025-04-14 14:45:46.629325866,Mutton Biryani,3,Mutton,240,720,Monday,Breakfast,New,3,0,April,2025,4,14,0,0
1425,2025-04-14 16:30:37.807561513,Veg Biryani,5,Vegetarian,130,650,Monday,Dinner,Regular,7,2,April,2025,4,14,0,0
1426,2025-04-14 18:15:28.985797160,Dosa,2,Vegetarian,50,100,Monday,Breakfast,Regular,5,3,April,2025,4,14,0,0
1427,2025-04-14 20:00:20.164032807,Chicken Biryani,5,Chicken,180,900,Monday,Dinner,Regular,6,1,April,2025,4,14,0,0
1428,2025-04-14 21:45:11.342268454,Mutton Biryani,5,Mutton,240,1200,Monday,Breakfast,Regular,7,2,April,2025,4,14,0,0
1429,2025-04-14 23:30:02.520504101,Veg Biryani,3,Vegetarian,130,390,Monday,Dinner,New,4,1,April,2025,4,14,0,0
1430,2025-04-15 01:14:53.698739749,Chicken Noodles,4,Chicken,150,600,Tuesday,Lunch,Regular,5,1,April,2025,4,15,1,0
1431,2025-04-15 02:59:44.876975396,Parotta,5,Vegetarian,60,300,Tuesday,Dinner,Regular,7,2,April,2025,4,15,1,0
1432,2025-04-15 04:44:36.055211043,Chicken Grill,4,Chicken,220,880,Tuesday,Dinner,Regular,4,0,April,2025,4,15,1,0
1433,2025-04-15 06:29:27.233446690,Dosa,1,Vegetarian,50,50,Tuesday,Lunch,New,2,1,April,2025,4,15,1,0
1434,2025-04-15 08:14:18.411682338,Chicken Grill,4,Chicken,220,880,Tuesday,Breakfast,New,4,0,April,2025,4,15,1,0
1435,2025-04-15 09:59:09.589917984,Dosa,2,Vegetarian,50,100,Tuesday,Breakfast,New,5,3,April,2025,4,15,1,0
1436,2025-04-15 11:44:00.768153632,Idli,2,Vegetarian,40,80,Tuesday,Lunch,Regular,4,2,April,2025,4,15,1,0
1437,2025-04-15 13:28:51.946389278,Chicken 65,5,Chicken,140,700,Tuesday,Lunch,Regular,6,1,April,2025,4,15,1,0
1438,2025-04-15 15:13:43.124624926,Dosa,4,Vegetarian,50,200,Tuesday,Dinner,New,4,0,April,2025,4,15,1,0
1439,2025-04-15 16:58:34.302860572,Chicken Grill,5,Chicken,220,1100,Tuesday,Lunch,Regular,6,1,April,2025,4,15,1,0
1440,2025-04-15 18:43:25.481096220,Idli,3,Vegetarian,40,120,Tuesday,Lunch,Regular,6,3,April,2025,4,15,1,0
1441,2025-04-15 20:28:16.659331868,Dosa,2,Vegetarian,50,100,Tuesday,Lunch,Regular,5,3,April,2025,4,15,1,0
1442,2025-04-15 22:13:07.837567514,Chicken Noodles,5,Chicken,150,750,Tuesday,Breakfast,Regular,6,1,April,2025,4,15,1,0
1443,2025-04-15 23:57:59.015803162,Chicken 65,3,Chicken,140,420,Tuesday,Lunch,Regular,5,2,April,2025,4,15,1,0
1444,2025-04-16 01:42:50.194038808,Dosa,5,Vegetarian,50,250,Wednesday,Dinner,New,8,3,April,2025,4,16,2,0
1445,2025-04-16 03:27:41.372274456,Idli,4,Vegetarian,40,160,Wednesday,Dinner,Regular,4,0,April,2025,4,16,2,0
1446,2025-04-16 05:12:32.550510102,Fried Rice,4,Vegetarian,120,480,Wednesday,Lunch,New,7,3,April,2025,4,16,2,0
1447,2025-04-16 06:57:23.728745750,Mutton Biryani,4,Mutton,240,960,Wednesday,Lunch,Regular,4,0,April,2025,4,16,2,0
1448,2025-04-16 08:42:14.906981396,Chicken Fried Rice,4,Chicken,160,640,Wednesday,Dinner,Regular,5,1,April,2025,4,16,2,0
1449,2025-04-16 10:27:06.085217044,Veg Biryani,1,Vegetarian,130,130,Wednesday,Lunch,Regular,1,0,April,2025,4,16,2,0
1450,2025-04-16 12:11:57.263452692,Chicken Fried Rice,3,Chicken,160,480,Wednesday,Breakfast,Regular,4,1,April,2025,4,16,2,0
1451,2025-04-16 13:56:48.441688338,Fried Rice,3,Vegetarian,120,360,Wednesday,Breakfast,New,6,3,April,2025,4,16,2,0
1452,2025-04-16 15:41:39.619923986,Chicken Fried Rice,4,Chicken,160,640,Wednesday,Lunch,New,6,2,April,2025,4,16,2,0
1453,2025-04-16 17:26:30.798159632,Fried Rice,1,Vegetarian,120,120,Wednesday,Dinner,Regular,4,3,April,2025,4,16,2,0
1454,2025-04-16 19:11:21.976395280,Chicken Biryani,4,Chicken,180,720,Wednesday,Dinner,New,7,3,April,2025,4,16,2,0
1455,2025-04-16 20:56:13.154630926,Fried Rice,1,Vegetarian,120,120,Wednesday,Breakfast,Regular,4,3,April,2025,4,16,2,0
1456,2025-04-16 22:41:04.332866574,Fried Rice,4,Vegetarian,120,480,Wednesday,Breakfast,New,7,3,April,2025,4,16,2,0
1457,2025-04-17 00:25:55.511102222,Noodles,2,Vegetarian,110,220,Thursday,Dinner,New,4,2,April,2025,4,17,3,0
1458,2025-04-17 02:10:46.689337868,Fried Rice,2,Vegetarian,120,240,Thursday,Dinner,New,5,3,April,2025,4,17,3,0
1459,2025-04-17 03:55:37.867573516,Chicken Noodles,5,Chicken,150,750,Thursday,Dinner,Regular,5,0,April,2025,4,17,3,0
1460,2025-04-17 05:40:29.045809162,Mutton Biryani,4,Mutton,240,960,Thursday,Dinner,Regular,6,2,April,2025,4,17,3,0
1461,2025-04-17 07:25:20.224044810,Parotta,3,Vegetarian,60,180,Thursday,Breakfast,New,5,2,April,2025,4,17,3,0
1462,2025-04-17 09:10:11.402280456,Dosa,5,Vegetarian,50,250,Thursday,Dinner,New,5,0,April,2025,4,17,3,0
1463,2025-04-17 10:55:02.580516104,Veg Biryani,2,Vegetarian,130,260,Thursday,Dinner,Regular,3,1,April,2025,4,17,3,0
1464,2025-04-17 12:39:53.758751752,Chicken 65,4,Chicken,140,560,Thursday,Lunch,New,7,3,April,2025,4,17,3,0
1465,2025-04-17 14:24:44.936987398,Mutton Biryani,5,Mutton,240,1200,Thursday,Dinner,Regular,7,2,April,2025,4,17,3,0
1466,2025-04-17 16:09:36.115223046,Chicken Grill,4,Chicken,220,880,Thursday,Lunch,Regular,7,3,April,2025,4,17,3,0
1467,2025-04-17 17:54:27.293458692,Parotta,2,Vegetarian,60,120,Thursday,Breakfast,Regular,5,3,April,2025,4,17,3,0
1468,2025-04-17 19:39:18.471694340,Chicken Biryani,5,Chicken,180,900,Thursday,Lunch,Regular,5,0,April,2025,4,17,3,0
1469,2025-04-17 21:24:09.649929986,Chicken Biryani,2,Chicken,180,360,Thursday,Breakfast,Regular,2,0,April,2025,4,17,3,0
1470,2025-04-17 23:09:00.828165634,Paneer Butter Masala,1,Vegetarian,170,170,Thursday,Lunch,Regular,1,0,April,2025,4,17,3,0
1471,2025-04-18 00:53:52.006401280,Fried Rice,2,Vegetarian,120,240,Friday,Lunch,Regular,5,3,April,2025,4,18,4,0
1472,2025-04-18 02:38:43.184636928,Mutton Biryani,4,Mutton,240,960,Friday,Lunch,Regular,6,2,April,2025,4,18,4,0
1473,2025-04-18 04:23:34.362872576,Idli,3,Vegetarian,40,120,Friday,Lunch,New,5,2,April,2025,4,18,4,0
1474,2025-04-18 06:08:25.541108222,Noodles,2,Vegetarian,110,220,Friday,Lunch,Regular,3,1,April,2025,4,18,4,0
1475,2025-04-18 07:53:16.719343870,Chicken Fried Rice,3,Chicken,160,480,Friday,Breakfast,New,6,3,April,2025,4,18,4,0
1476,2025-04-18 09:38:07.897579516,Chicken Grill,1,Chicken,220,220,Friday,Dinner,Regular,2,1,April,2025,4,18,4,0
1477,2025-04-18 11:22:59.075815164,Chicken Biryani,5,Chicken,180,900,Friday,Lunch,Regular,6,1,April,2025,4,18,4,0
1478,2025-04-18 13:07:50.254050810,Veg Biryani,5,Vegetarian,130,650,Friday,Lunch,New,6,1,April,2025,4,18,4,0
1479,2025-04-18 14:52:41.432286458,Chicken Biryani,3,Chicken,180,540,Friday,Dinner,New,4,1,April,2025,4,18,4,0
1480,2025-04-18 16:37:32.610522106,Chicken 65,5,Chicken,140,700,Friday,Dinner,Regular,6,1,April,2025,4,18,4,0
1481,2025-04-18 18:22:23.788757752,Dosa,2,Vegetarian,50,100,Friday,Dinner,Regular,5,3,April,2025,4,18,4,0
1482,2025-04-18 20:07:14.966993400,Chicken Biryani,3,Chicken,180,540,Friday,Lunch,Regular,3,0,April,2025,4,18,4,0
1483,2025-04-18 21:52:06.145229046,Chicken 65,4,Chicken,140,560,Friday,Breakfast,Regular,5,1,April,2025,4,18,4,0
1484,2025-04-18 23:36:57.323464694,Mutton Biryani,2,Mutton,240,480,Friday,Dinner,New,4,2,April,2025,4,18,4,0
1485,2025-04-19 01:21:48.501700340,Mutton Biryani,2,Mutton,240,480,Saturday,Lunch,Regular,5,3,April,2025,4,19,5,1
1486,2025-04-19 03:06:39.679935988,Noodles,2,Vegetarian,110,220,Saturday,Lunch,Regular,3,1,April,2025,4,19,5,1
1487,2025-04-19 04:51:30.858171636,Paneer Butter Masala,4,Vegetarian,170,680,Saturday,Breakfast,Regular,6,2,April,2025,4,19,5,1
1488,2025-04-19 06:36:22.036407282,Parotta,1,Vegetarian,60,60,Saturday,Dinner,New,2,1,April,2025,4,19,5,1
1489,2025-04-19 08:21:13.214642930,Chicken Biryani,5,Chicken,180,900,Saturday,Breakfast,Regular,5,0,April,2025,4,19,5,1
1490,2025-04-19 10:06:04.392878576,Veg Biryani,3,Vegetarian,130,390,Saturday,Dinner,New,6,3,April,2025,4,19,5,1
1491,2025-04-19 11:50:55.571114224,Chicken Biryani,1,Chicken,180,180,Saturday,Dinner,New,1,0,April,2025,4,19,5,1
1492,2025-04-19 13:35:46.749349870,Paneer Butter Masala,3,Vegetarian,170,510,Saturday,Lunch,Regular,5,2,April,2025,4,19,5,1
1493,2025-04-19 15:20:37.927585518,Veg Meals,5,Vegetarian,100,500,Saturday,Dinner,New,6,1,April,2025,4,19,5,1
1494,2025-04-19 17:05:29.105821164,Veg Biryani,4,Vegetarian,130,520,Saturday,Dinner,New,4,0,April,2025,4,19,5,1
1495,2025-04-19 18:50:20.284056812,Chicken Noodles,2,Chicken,150,300,Saturday,Dinner,Regular,2,0,April,2025,4,19,5,1
1496,2025-04-19 20:35:11.462292460,Fried Rice,2,Vegetarian,120,240,Saturday,Lunch,Regular,3,1,April,2025,4,19,5,1
1497,2025-04-19 22:20:02.640528106,Parotta,4,Vegetarian,60,240,Saturday,Dinner,Regular,7,3,April,2025,4,19,5,1
1498,2025-04-20 00:04:53.818763754,Chicken Noodles,1,Chicken,150,150,Sunday,Lunch,Regular,3,2,April,2025,4,20,6,1
1499,2025-04-20 01:49:44.996999400,Veg Meals,1,Vegetarian,100,100,Sunday,Dinner,Regular,4,3,April,2025,4,20,6,1
1500,2025-04-20 03:34:36.175235048,Veg Meals,3,Vegetarian,100,300,Sunday,Lunch,New,5,2,April,2025,4,20,6,1
1501,2025-04-20 05:19:27.353470694,Paneer Butter Masala,4,Vegetarian,170,680,Sunday,Lunch,Regular,6,2,April,2025,4,20,6,1
1502,2025-04-20 07:04:18.531706342,Chicken Biryani,1,Chicken,180,180,Sunday,Dinner,Regular,1,0,April,2025,4,20,6,1
1503,2025-04-20 08:49:09.709941990,Paneer Butter Masala,4,Vegetarian,170,680,Sunday,Dinner,Regular,5,1,April,2025,4,20,6,1
1504,2025-04-20 10:34:00.888177636,Paneer Butter Masala,5,Vegetarian,170,850,Sunday,Lunch,New,8,3,April,2025,4,20,6,1
1505,2025-04-20 12:18:52.066413284,Veg Meals,2,Vegetarian,100,200,Sunday,Breakfast,New,2,0,April,2025,4,20,6,1
1506,2025-04-20 14:03:43.244648930,Parotta,2,Vegetarian,60,120,Sunday,Lunch,Regular,2,0,April,2025,4,20,6,1
1507,2025-04-20 15:48:34.422884578,Chicken Noodles,2,Chicken,150,300,Sunday,Dinner,Regular,2,0,April,2025,4,20,6,1
1508,2025-04-20 17:33:25.601120224,Chicken Fried Rice,4,Chicken,160,640,Sunday,Dinner,Regular,7,3,April,2025,4,20,6,1
1509,2025-04-20 19:18:16.779355872,Chicken Biryani,4,Chicken,180,720,Sunday,Dinner,Regular,4,0,April,2025,4,20,6,1
1510,2025-04-20 21:03:07.957591518,Veg Meals,3,Vegetarian,100,300,Sunday,Breakfast,New,4,1,April,2025,4,20,6,1
1511,2025-04-20 22:47:59.135827166,Chicken Noodles,2,Chicken,150,300,Sunday,Lunch,Regular,2,0,April,2025,4,20,6,1
1512,2025-04-21 00:32:50.314062814,Chicken Fried Rice,3,Chicken,160,480,Monday,Dinner,Regular,3,0,April,2025,4,21,0,0
1513,2025-04-21 02:17:41.492298460,Chicken Fried Rice,2,Chicken,160,320,Monday,Dinner,Regular,4,2,April,2025,4,21,0,0
1514,2025-04-21 04:02:32.670534108,Mutton Biryani,3,Mutton,240,720,Monday,Breakfast,New,3,0,April,2025,4,21,0,0
1515,2025-04-21 05:47:23.848769754,Noodles,3,Vegetarian,110,330,Monday,Dinner,Regular,6,3,April,2025,4,21,0,0
1516,2025-04-21 07:32:15.027005402,Chicken Biryani,5,Chicken,180,900,Monday,Lunch,Regular,8,3,April,2025,4,21,0,0
1517,2025-04-21 09:17:06.205241048,Chicken Fried Rice,3,Chicken,160,480,Monday,Breakfast,New,4,1,April,2025,4,21,0,0
1518,2025-04-21 11:01:57.383476696,Veg Meals,4,Vegetarian,100,400,Monday,Lunch,Regular,7,3,April,2025,4,21,0,0
1519,2025-04-21 12:46:48.561712344,Mutton Biryani,3,Mutton,240,720,Monday,Lunch,New,6,3,April,2025,4,21,0,0
1520,2025-04-21 14:31:39.739947990,Chicken Noodles,2,Chicken,150,300,Monday,Lunch,Regular,2,0,April,2025,4,21,0,0
1521,2025-04-21 16:16:30.918183638,Chicken 65,3,Chicken,140,420,Monday,Breakfast,Regular,4,1,April,2025,4,21,0,0
1522,2025-04-21 18:01:22.096419284,Chicken Biryani,1,Chicken,180,180,Monday,Breakfast,New,4,3,April,2025,4,21,0,0
1523,2025-04-21 19:46:13.274654932,Parotta,2,Vegetarian,60,120,Monday,Dinner,New,3,1,April,2025,4,21,0,0
1524,2025-04-21 21:31:04.452890578,Paneer Butter Masala,1,Vegetarian,170,170,Monday,Breakfast,Regular,2,1,April,2025,4,21,0,0
1525,2025-04-21 23:15:55.631126226,Veg Biryani,2,Vegetarian,130,260,Monday,Lunch,Regular,4,2,April,2025,4,21,0,0
1526,2025-04-22 01:00:46.809361874,Veg Biryani,4,Vegetarian,130,520,Tuesday,Lunch,Regular,6,2,April,2025,4,22,1,0
1527,2025-04-22 02:45:37.987597520,Chicken Noodles,4,Chicken,150,600,Tuesday,Lunch,New,4,0,April,2025,4,22,1,0
1528,2025-04-22 04:30:29.165833168,Idli,4,Vegetarian,40,160,Tuesday,Dinner,Regular,7,3,April,2025,4,22,1,0
1529,2025-04-22 06:15:20.344068814,Idli,1,Vegetarian,40,40,Tuesday,Lunch,New,1,0,April,2025,4,22,1,0
1530,2025-04-22 08:00:11.522304462,Chicken Noodles,5,Chicken,150,750,Tuesday,Dinner,Regular,5,0,April,2025,4,22,1,0
1531,2025-04-22 09:45:02.700540108,Veg Meals,2,Vegetarian,100,200,Tuesday,Dinner,Regular,3,1,April,2025,4,22,1,0
1532,2025-04-22 11:29:53.878775756,Chicken Fried Rice,4,Chicken,160,640,Tuesday,Breakfast,Regular,5,1,April,2025,4,22,1,0
1533,2025-04-22 13:14:45.057011402,Noodles,2,Vegetarian,110,220,Tuesday,Breakfast,Regular,3,1,April,2025,4,22,1,0
1534,2025-04-22 14:59:36.235247050,Chicken Biryani,1,Chicken,180,180,Tuesday,Lunch,New,1,0,April,2025,4,22,1,0
1535,2025-04-22 16:44:27.413482698,Veg Biryani,5,Vegetarian,130,650,Tuesday,Lunch,New,8,3,April,2025,4,22,1,0
1536,2025-04-22 18:29:18.591718344,Veg Biryani,1,Vegetarian,130,130,Tuesday,Dinner,Regular,1,0,April,2025,4,22,1,0
1537,2025-04-22 20:14:09.769953992,Noodles,2,Vegetarian,110,220,Tuesday,Lunch,Regular,2,0,April,2025,4,22,1,0
1538,2025-04-22 21:59:00.948189638,Chicken Fried Rice,5,Chicken,160,800,Tuesday,Lunch,Regular,5,0,April,2025,4,22,1,0
1539,2025-04-22 23:43:52.126425286,Veg Biryani,5,Vegetarian,130,650,Tuesday,Breakfast,Regular,7,2,April,2025,4,22,1,0
1540,2025-04-23 01:28:43.304660932,Paneer Butter Masala,1,Vegetarian,170,170,Wednesday,Lunch,Regular,3,2,April,2025,4,23,2,0
1541,2025-04-23 03:13:34.482896580,Parotta,4,Vegetarian,60,240,Wednesday,Lunch,Regular,7,3,April,2025,4,23,2,0
1542,2025-04-23 04:58:25.661132228,Chicken Biryani,2,Chicken,180,360,Wednesday,Lunch,Regular,4,2,April,2025,4,23,2,0
1543,2025-04-23 06:43:16.839367874,Dosa,3,Vegetarian,50,150,Wednesday,Lunch,New,3,0,April,2025,4,23,2,0
1544,2025-04-23 08:28:08.017603522,Veg Biryani,3,Vegetarian,130,390,Wednesday,Breakfast,New,5,2,April,2025,4,23,2,0
1545,2025-04-23 10:12:59.195839168,Chicken Noodles,1,Chicken,150,150,Wednesday,Dinner,Regular,3,2,April,2025,4,23,2,0
1546,2025-04-23 11:57:50.374074816,Parotta,2,Vegetarian,60,120,Wednesday,Dinner,Regular,2,0,April,2025,4,23,2,0
1547,2025-04-23 13:42:41.552310462,Veg Biryani,2,Vegetarian,130,260,Wednesday,Lunch,Regular,5,3,April,2025,4,23,2,0
1548,2025-04-23 15:27:32.730546110,Fried Rice,1,Vegetarian,120,120,Wednesday,Lunch,New,3,2,April,2025,4,23,2,0
1549,2025-04-23 17:12:23.908781758,Paneer Butter Masala,2,Vegetarian,170,340,Wednesday,Dinner,Regular,2,0,April,2025,4,23,2,0
1550,2025-04-23 18:57:15.087017404,Parotta,4,Vegetarian,60,240,Wednesday,Lunch,New,4,0,April,2025,4,23,2,0
1551,2025-04-23 20:42:06.265253052,Mutton Biryani,1,Mutton,240,240,Wednesday,Lunch,Regular,1,0,April,2025,4,23,2,0
1552,2025-04-23 22:26:57.443488698,Dosa,4,Vegetarian,50,200,Wednesday,Breakfast,New,5,1,April,2025,4,23,2,0
1553,2025-04-24 00:11:48.621724346,Chicken Grill,2,Chicken,220,440,Thursday,Dinner,New,2,0,April,2025,4,24,3,0
1554,2025-04-24 01:56:39.799959992,Chicken Noodles,1,Chicken,150,150,Thursday,Breakfast,New,3,2,April,2025,4,24,3,0
1555,2025-04-24 03:41:30.978195640,Chicken Noodles,2,Chicken,150,300,Thursday,Dinner,New,4,2,April,2025,4,24,3,0
1556,2025-04-24 05:26:22.156431286,Chicken Biryani,1,Chicken,180,180,Thursday,Dinner,Regular,1,0,April,2025,4,24,3,0
1557,2025-04-24 07:11:13.334666934,Noodles,2,Vegetarian,110,220,Thursday,Dinner,New,3,1,April,2025,4,24,3,0
1558,2025-04-24 08:56:04.512902582,Parotta,4,Vegetarian,60,240,Thursday,Dinner,New,5,1,April,2025,4,24,3,0
1559,2025-04-24 10:40:55.691138228,Chicken Fried Rice,4,Chicken,160,640,Thursday,Lunch,Regular,5,1,April,2025,4,24,3,0
1560,2025-04-24 12:25:46.869373876,Chicken Noodles,2,Chicken,150,300,Thursday,Lunch,Regular,4,2,April,2025,4,24,3,0
1561,2025-04-24 14:10:38.047609522,Parotta,1,Vegetarian,60,60,Thursday,Dinner,New,2,1,April,2025,4,24,3,0
1562,2025-04-24 15:55:29.225845170,Veg Meals,3,Vegetarian,100,300,Thursday,Dinner,New,6,3,April,2025,4,24,3,0
1563,2025-04-24 17:40:20.404080816,Parotta,4,Vegetarian,60,240,Thursday,Lunch,Regular,7,3,April,2025,4,24,3,0
1564,2025-04-24 19:25:11.582316464,Veg Meals,4,Vegetarian,100,400,Thursday,Dinner,Regular,5,1,April,2025,4,24,3,0
1565,2025-04-24 21:10:02.760552112,Fried Rice,3,Vegetarian,120,360,Thursday,Lunch,Regular,6,3,April,2025,4,24,3,0
1566,2025-04-24 22:54:53.938787758,Chicken 65,2,Chicken,140,280,Thursday,Lunch,Regular,2,0,April,2025,4,24,3,0
1567,2025-04-25 00:39:45.117023406,Chicken 65,1,Chicken,140,140,Friday,Lunch,New,2,1,April,2025,4,25,4,0
1568,2025-04-25 02:24:36.295259052,Chicken Grill,2,Chicken,220,440,Friday,Lunch,New,3,1,April,2025,4,25,4,0
1569,2025-04-25 04:09:27.473494700,Mutton Biryani,5,Mutton,240,1200,Friday,Breakfast,Regular,6,1,April,2025,4,25,4,0
1570,2025-04-25 05:54:18.651730346,Chicken Grill,4,Chicken,220,880,Friday,Lunch,Regular,4,0,April,2025,4,25,4,0
1571,2025-04-25 07:39:09.829965994,Veg Meals,5,Vegetarian,100,500,Friday,Lunch,New,5,0,April,2025,4,25,4,0
1572,2025-04-25 09:24:01.008201642,Veg Biryani,4,Vegetarian,130,520,Friday,Lunch,Regular,5,1,April,2025,4,25,4,0
1573,2025-04-25 11:08:52.186437288,Chicken Fried Rice,4,Chicken,160,640,Friday,Lunch,New,6,2,April,2025,4,25,4,0
1574,2025-04-25 12:53:43.364672936,Veg Biryani,5,Vegetarian,130,650,Friday,Dinner,New,7,2,April,2025,4,25,4,0
1575,2025-04-25 14:38:34.542908582,Idli,5,Vegetarian,40,200,Friday,Lunch,New,8,3,April,2025,4,25,4,0
1576,2025-04-25 16:23:25.721144230,Veg Biryani,2,Vegetarian,130,260,Friday,Lunch,New,2,0,April,2025,4,25,4,0
1577,2025-04-25 18:08:16.899379876,Chicken Biryani,5,Chicken,180,900,Friday,Breakfast,Regular,8,3,April,2025,4,25,4,0
1578,2025-04-25 19:53:08.077615524,Veg Biryani,2,Vegetarian,130,260,Friday,Breakfast,Regular,5,3,April,2025,4,25,4,0
1579,2025-04-25 21:37:59.255851170,Chicken Grill,2,Chicken,220,440,Friday,Dinner,New,3,1,April,2025,4,25,4,0
1580,2025-04-25 23:22:50.434086818,Chicken Noodles,2,Chicken,150,300,Friday,Lunch,Regular,4,2,April,2025,4,25,4,0
1581,2025-04-26 01:07:41.612322466,Paneer Butter Masala,4,Vegetarian,170,680,Saturday,Dinner,Regular,7,3,April,2025,4,26,5,1
1582,2025-04-26 02:52:32.790558112,Chicken Noodles,4,Chicken,150,600,Saturday,Breakfast,Regular,5,1,April,2025,4,26,5,1
1583,2025-04-26 04:37:23.968793760,Chicken 65,5,Chicken,140,700,Saturday,Lunch,Regular,5,0,April,2025,4,26,5,1
1584,2025-04-26 06:22:15.147029406,Paneer Butter Masala,4,Vegetarian,170,680,Saturday,Lunch,New,7,3,April,2025,4,26,5,1
1585,2025-04-26 08:07:06.325265054,Noodles,5,Vegetarian,110,550,Saturday,Lunch,Regular,7,2,April,2025,4,26,5,1
1586,2025-04-26 09:51:57.503500700,Chicken Fried Rice,4,Chicken,160,640,Saturday,Breakfast,Regular,4,0,April,2025,4,26,5,1
1587,2025-04-26 11:36:48.681736348,Chicken Fried Rice,1,Chicken,160,160,Saturday,Breakfast,Regular,2,1,April,2025,4,26,5,1
1588,2025-04-26 13:21:39.859971996,Chicken Biryani,1,Chicken,180,180,Saturday,Lunch,Regular,1,0,April,2025,4,26,5,1
1589,2025-04-26 15:06:31.038207642,Chicken Grill,5,Chicken,220,1100,Saturday,Breakfast,New,8,3,April,2025,4,26,5,1
1590,2025-04-26 16:51:22.216443290,Chicken 65,4,Chicken,140,560,Saturday,Dinner,Regular,4,0,April,2025,4,26,5,1
1591,2025-04-26 18:36:13.394678936,Fried Rice,4,Vegetarian,120,480,Saturday,Lunch,New,4,0,April,2025,4,26,5,1
1592,2025-04-26 20:21:04.572914584,Idli,2,Vegetarian,40,80,Saturday,Breakfast,New,2,0,April,2025,4,26,5,1
1593,2025-04-26 22:05:55.751150230,Chicken Fried Rice,3,Chicken,160,480,Saturday,Breakfast,New,5,2,April,2025,4,26,5,1
1594,2025-04-26 23:50:46.929385878,Chicken Noodles,5,Chicken,150,750,Saturday,Lunch,Regular,8,3,April,2025,4,26,5,1
1595,2025-04-27 01:35:38.107621526,Veg Biryani,3,Vegetarian,130,390,Sunday,Breakfast,New,4,1,April,2025,4,27,6,1
1596,2025-04-27 03:20:29.285857172,Veg Biryani,3,Vegetarian,130,390,Sunday,Dinner,Regular,5,2,April,2025,4,27,6,1
1597,2025-04-27 05:05:20.464092820,Noodles,5,Vegetarian,110,550,Sunday,Dinner,Regular,8,3,April,2025,4,27,6,1
1598,2025-04-27 06:50:11.642328466,Chicken 65,4,Chicken,140,560,Sunday,Lunch,Regular,5,1,April,2025,4,27,6,1
1599,2025-04-27 08:35:02.820564114,Chicken Grill,5,Chicken,220,1100,Sunday,Lunch,New,6,1,April,2025,4,27,6,1
1600,2025-04-27 10:19:53.998799760,Chicken Grill,3,Chicken,220,660,Sunday,Breakfast,Regular,4,1,April,2025,4,27,6,1
1601,2025-04-27 12:04:45.177035408,Mutton Biryani,4,Mutton,240,960,Sunday,Dinner,Regular,7,3,April,2025,4,27,6,1
1602,2025-04-27 13:49:36.355271054,Veg Meals,1,Vegetarian,100,100,Sunday,Lunch,Regular,2,1,April,2025,4,27,6,1
1603,2025-04-27 15:34:27.533506702,Dosa,5,Vegetarian,50,250,Sunday,Lunch,Regular,6,1,April,2025,4,27,6,1
1604,2025-04-27 17:19:18.711742350,Chicken Fried Rice,5,Chicken,160,800,Sunday,Lunch,Regular,7,2,April,2025,4,27,6,1
1605,2025-04-27 19:04:09.889977996,Chicken Grill,4,Chicken,220,880,Sunday,Dinner,Regular,5,1,April,2025,4,27,6,1
1606,2025-04-27 20:49:01.068213644,Noodles,1,Vegetarian,110,110,Sunday,Lunch,Regular,1,0,April,2025,4,27,6,1
1607,2025-04-27 22:33:52.246449290,Chicken Noodles,1,Chicken,150,150,Sunday,Breakfast,New,3,2,April,2025,4,27,6,1
1608,2025-04-28 00:18:43.424684938,Chicken 65,4,Chicken,140,560,Monday,Dinner,Regular,6,2,April,2025,4,28,0,0
1609,2025-04-28 02:03:34.602920584,Idli,2,Vegetarian,40,80,Monday,Lunch,Regular,5,3,April,2025,4,28,0,0
1610,2025-04-28 03:48:25.781156232,Mutton Biryani,5,Mutton,240,1200,Monday,Dinner,Regular,6,1,April,2025,4,28,0,0
1611,2025-04-28 05:33:16.959391880,Noodles,5,Vegetarian,110,550,Monday,Breakfast,Regular,5,0,April,2025,4,28,0,0
1612,2025-04-28 07:18:08.137627526,Parotta,3,Vegetarian,60,180,Monday,Dinner,New,3,0,April,2025,4,28,0,0
1613,2025-04-28 09:02:59.315863174,Chicken Biryani,4,Chicken,180,720,Monday,Dinner,Regular,5,1,April,2025,4,28,0,0
1614,2025-04-28 10:47:50.494098820,Idli,3,Vegetarian,40,120,Monday,Breakfast,Regular,4,1,April,2025,4,28,0,0
1615,2025-04-28 12:32:41.672334468,Veg Meals,3,Vegetarian,100,300,Monday,Dinner,Regular,6,3,April,2025,4,28,0,0
1616,2025-04-28 14:17:32.850570114,Parotta,1,Vegetarian,60,60,Monday,Lunch,New,1,0,April,2025,4,28,0,0
1617,2025-04-28 16:02:24.028805762,Fried Rice,5,Vegetarian,120,600,Monday,Dinner,Regular,7,2,April,2025,4,28,0,0
1618,2025-04-28 17:47:15.207041410,Veg Meals,3,Vegetarian,100,300,Monday,Breakfast,Regular,6,3,April,2025,4,28,0,0
1619,2025-04-28 19:32:06.385277056,Veg Biryani,1,Vegetarian,130,130,Monday,Dinner,New,4,3,April,2025,4,28,0,0
1620,2025-04-28 21:16:57.563512704,Chicken Biryani,4,Chicken,180,720,Monday,Lunch,New,6,2,April,2025,4,28,0,0
1621,2025-04-28 23:01:48.741748350,Chicken Fried Rice,3,Chicken,160,480,Monday,Dinner,Regular,6,3,April,2025,4,28,0,0
1622,2025-04-29 00:46:39.919983998,Chicken Noodles,5,Chicken,150,750,Tuesday,Lunch,New,6,1,April,2025,4,29,1,0
1623,2025-04-29 02:31:31.098219644,Chicken Biryani,3,Chicken,180,540,Tuesday,Dinner,Regular,5,2,April,2025,4,29,1,0
1624,2025-04-29 04:16:22.276455292,Veg Meals,4,Vegetarian,100,400,Tuesday,Dinner,New,6,2,April,2025,4,29,1,0
1625,2025-04-29 06:01:13.454690938,Dosa,3,Vegetarian,50,150,Tuesday,Lunch,Regular,3,0,April,2025,4,29,1,0
1626,2025-04-29 07:46:04.632926586,Parotta,5,Vegetarian,60,300,Tuesday,Dinner,Regular,7,2,April,2025,4,29,1,0
1627,2025-04-29 09:30:55.811162234,Chicken Fried Rice,1,Chicken,160,160,Tuesday,Dinner,Regular,4,3,April,2025,4,29,1,0
1628,2025-04-29 11:15:46.989397880,Paneer Butter Masala,5,Vegetarian,170,850,Tuesday,Lunch,Regular,5,0,April,2025,4,29,1,0
1629,2025-04-29 13:00:38.167633528,Dosa,1,Vegetarian,50,50,Tuesday,Lunch,Regular,4,3,April,2025,4,29,1,0
1630,2025-04-29 14:45:29.345869174,Veg Biryani,2,Vegetarian,130,260,Tuesday,Lunch,Regular,3,1,April,2025,4,29,1,0
1631,2025-04-29 16:30:20.524104822,Dosa,5,Vegetarian,50,250,Tuesday,Lunch,New,6,1,April,2025,4,29,1,0
1632,2025-04-29 18:15:11.702340468,Mutton Biryani,5,Mutton,240,1200,Tuesday,Breakfast,Regular,5,0,April,2025,4,29,1,0
1633,2025-04-29 20:00:02.880576116,Mutton Biryani,4,Mutton,240,960,Tuesday,Lunch,New,4,0,April,2025,4,29,1,0
1634,2025-04-29 21:44:54.058811764,Fried Rice,3,Vegetarian,120,360,Tuesday,Lunch,Regular,6,3,April,2025,4,29,1,0
1635,2025-04-29 23:29:45.237047410,Veg Meals,1,Vegetarian,100,100,Tuesday,Lunch,New,2,1,April,2025,4,29,1,0
1636,2025-04-30 01:14:36.415283058,Chicken 65,1,Chicken,140,140,Wednesday,Breakfast,New,1,0,April,2025,4,30,2,0
1637,2025-04-30 02:59:27.593518704,Idli,4,Vegetarian,40,160,Wednesday,Dinner,Regular,5,1,April,2025,4,30,2,0
1638,2025-04-30 04:44:18.771754352,Idli,4,Vegetarian,40,160,Wednesday,Dinner,New,5,1,April,2025,4,30,2,0
1639,2025-04-30 06:29:09.949989998,Paneer Butter Masala,3,Vegetarian,170,510,Wednesday,Breakfast,New,4,1,April,2025,4,30,2,0
1640,2025-04-30 08:14:01.128225646,Paneer Butter Masala,3,Vegetarian,170,510,Wednesday,Dinner,Regular,6,3,April,2025,4,30,2,0
1641,2025-04-30 09:58:52.306461294,Chicken Fried Rice,5,Chicken,160,800,Wednesday,Dinner,Regular,8,3,April,2025,4,30,2,0
1642,2025-04-30 11:43:43.484696940,Veg Biryani,2,Vegetarian,130,260,Wednesday,Dinner,Regular,3,1,April,2025,4,30,2,0
1643,2025-04-30 13:28:34.662932588,Chicken Grill,3,Chicken,220,660,Wednesday,Breakfast,Regular,4,1,April,2025,4,30,2,0
1644,2025-04-30 15:13:25.841168234,Fried Rice,4,Vegetarian,120,480,Wednesday,Lunch,New,5,1,April,2025,4,30,2,0
1645,2025-04-30 16:58:17.019403882,Mutton Biryani,3,Mutton,240,720,Wednesday,Dinner,Regular,5,2,April,2025,4,30,2,0
1646,2025-04-30 18:43:08.197639528,Chicken Fried Rice,1,Chicken,160,160,Wednesday,Dinner,New,3,2,April,2025,4,30,2,0
1647,2025-04-30 20:27:59.375875176,Chicken Grill,2,Chicken,220,440,Wednesday,Dinner,Regular,5,3,April,2025,4,30,2,0
1648,2025-04-30 22:12:50.554110822,Idli,5,Vegetarian,40,200,Wednesday,Dinner,Regular,6,1,April,2025,4,30,2,0
1649,2025-04-30 23:57:41.732346470,Chicken 65,1,Chicken,140,140,Wednesday,Breakfast,Regular,3,2,April,2025,4,30,2,0
1650,2025-05-01 01:42:32.910582118,Dosa,1,Vegetarian,50,50,Thursday,Lunch,Regular,1,0,May,2025,5,1,3,0
1651,2025-05-01 03:27:24.088817764,Mutton Biryani,2,Mutton,240,480,Thursday,Lunch,New,2,0,May,2025,5,1,3,0
1652,2025-05-01 05:12:15.267053412,Chicken Fried Rice,5,Chicken,160,800,Thursday,Breakfast,Regular,6,1,May,2025,5,1,3,0
1653,2025-05-01 06:57:06.445289058,Chicken Biryani,4,Chicken,180,720,Thursday,Dinner,Regular,6,2,May,2025,5,1,3,0
1654,2025-05-01 08:41:57.623524706,Chicken Grill,5,Chicken,220,1100,Thursday,Breakfast,New,5,0,May,2025,5,1,3,0
1655,2025-05-01 10:26:48.801760352,Dosa,3,Vegetarian,50,150,Thursday,Lunch,New,6,3,May,2025,5,1,3,0
1656,2025-05-01 12:11:39.979996000,Mutton Biryani,1,Mutton,240,240,Thursday,Dinner,Regular,1,0,May,2025,5,1,3,0
1657,2025-05-01 13:56:31.158231648,Idli,3,Vegetarian,40,120,Thursday,Breakfast,Regular,6,3,May,2025,5,1,3,0
1658,2025-05-01 15:41:22.336467294,Noodles,4,Vegetarian,110,440,Thursday,Dinner,Regular,4,0,May,2025,5,1,3,0
1659,2025-05-01 17:26:13.514702942,Veg Biryani,3,Vegetarian,130,390,Thursday,Dinner,Regular,3,0,May,2025,5,1,3,0
1660,2025-05-01 19:11:04.692938588,Chicken Grill,5,Chicken,220,1100,Thursday,Lunch,New,7,2,May,2025,5,1,3,0
1661,2025-05-01 20:55:55.871174236,Idli,3,Vegetarian,40,120,Thursday,Breakfast,Regular,3,0,May,2025,5,1,3,0
1662,2025-05-01 22:40:47.049409882,Mutton Biryani,4,Mutton,240,960,Thursday,Lunch,Regular,4,0,May,2025,5,1,3,0
1663,2025-05-02 00:25:38.227645530,Chicken Grill,4,Chicken,220,880,Friday,Lunch,New,7,3,May,2025,5,2,4,0
1664,2025-05-02 02:10:29.405881176,Fried Rice,4,Vegetarian,120,480,Friday,Lunch,Regular,7,3,May,2025,5,2,4,0
1665,2025-05-02 03:55:20.584116824,Dosa,5,Vegetarian,50,250,Friday,Lunch,New,5,0,May,2025,5,2,4,0
1666,2025-05-02 05:40:11.762352472,Mutton Biryani,4,Mutton,240,960,Friday,Dinner,New,5,1,May,2025,5,2,4,0
1667,2025-05-02 07:25:02.940588118,Fried Rice,1,Vegetarian,120,120,Friday,Breakfast,New,1,0,May,2025,5,2,4,0
1668,2025-05-02 09:09:54.118823766,Parotta,4,Vegetarian,60,240,Friday,Dinner,Regular,4,0,May,2025,5,2,4,0
1669,2025-05-02 10:54:45.297059412,Chicken Fried Rice,3,Chicken,160,480,Friday,Breakfast,Regular,5,2,May,2025,5,2,4,0
1670,2025-05-02 12:39:36.475295060,Noodles,3,Vegetarian,110,330,Friday,Lunch,Regular,3,0,May,2025,5,2,4,0
1671,2025-05-02 14:24:27.653530706,Paneer Butter Masala,3,Vegetarian,170,510,Friday,Dinner,New,3,0,May,2025,5,2,4,0
1672,2025-05-02 16:09:18.831766354,Dosa,5,Vegetarian,50,250,Friday,Lunch,Regular,8,3,May,2025,5,2,4,0
1673,2025-05-02 17:54:10.010002002,Chicken Grill,3,Chicken,220,660,Friday,Breakfast,Regular,6,3,May,2025,5,2,4,0
1674,2025-05-02 19:39:01.188237648,Veg Biryani,5,Vegetarian,130,650,Friday,Dinner,Regular,8,3,May,2025,5,2,4,0
1675,2025-05-02 21:23:52.366473296,Idli,5,Vegetarian,40,200,Friday,Dinner,Regular,8,3,May,2025,5,2,4,0
1676,2025-05-02 23:08:43.544708942,Paneer Butter Masala,4,Vegetarian,170,680,Friday,Dinner,Regular,4,0,May,2025,5,2,4,0
1677,2025-05-03 00:53:34.722944590,Chicken Biryani,1,Chicken,180,180,Saturday,Lunch,New,2,1,May,2025,5,3,5,1
1678,2025-05-03 02:38:25.901180236,Idli,4,Vegetarian,40,160,Saturday,Lunch,Regular,6,2,May,2025,5,3,5,1
1679,2025-05-03 04:23:17.079415884,Chicken Grill,4,Chicken,220,880,Saturday,Dinner,Regular,6,2,May,2025,5,3,5,1
1680,2025-05-03 06:08:08.257651532,Noodles,5,Vegetarian,110,550,Saturday,Dinner,Regular,6,1,May,2025,5,3,5,1
1681,2025-05-03 07:52:59.435887178,Veg Meals,5,Vegetarian,100,500,Saturday,Lunch,New,6,1,May,2025,5,3,5,1
1682,2025-05-03 09:37:50.614122826,Idli,3,Vegetarian,40,120,Saturday,Dinner,New,5,2,May,2025,5,3,5,1
1683,2025-05-03 11:22:41.792358472,Veg Meals,3,Vegetarian,100,300,Saturday,Lunch,Regular,3,0,May,2025,5,3,5,1
1684,2025-05-03 13:07:32.970594120,Chicken Fried Rice,4,Chicken,160,640,Saturday,Lunch,New,6,2,May,2025,5,3,5,1
1685,2025-05-03 14:52:24.148829766,Noodles,2,Vegetarian,110,220,Saturday,Breakfast,New,3,1,May,2025,5,3,5,1
1686,2025-05-03 16:37:15.327065414,Mutton Biryani,2,Mutton,240,480,Saturday,Lunch,Regular,2,0,May,2025,5,3,5,1
1687,2025-05-03 18:22:06.505301060,Fried Rice,3,Vegetarian,120,360,Saturday,Lunch,Regular,5,2,May,2025,5,3,5,1
1688,2025-05-03 20:06:57.683536708,Chicken Biryani,2,Chicken,180,360,Saturday,Breakfast,Regular,2,0,May,2025,5,3,5,1
1689,2025-05-03 21:51:48.861772356,Chicken Noodles,3,Chicken,150,450,Saturday,Lunch,Regular,3,0,May,2025,5,3,5,1
1690,2025-05-03 23:36:40.040008002,Chicken Grill,5,Chicken,220,1100,Saturday,Dinner,New,6,1,May,2025,5,3,5,1
1691,2025-05-04 01:21:31.218243650,Chicken 65,4,Chicken,140,560,Sunday,Dinner,Regular,7,3,May,2025,5,4,6,1
1692,2025-05-04 03:06:22.396479296,Chicken Noodles,1,Chicken,150,150,Sunday,Dinner,New,3,2,May,2025,5,4,6,1
1693,2025-05-04 04:51:13.574714944,Idli,4,Vegetarian,40,160,Sunday,Dinner,Regular,5,1,May,2025,5,4,6,1
1694,2025-05-04 06:36:04.752950590,Paneer Butter Masala,3,Vegetarian,170,510,Sunday,Breakfast,Regular,5,2,May,2025,5,4,6,1
1695,2025-05-04 08:20:55.931186238,Chicken Grill,3,Chicken,220,660,Sunday,Lunch,Regular,6,3,May,2025,5,4,6,1
1696,2025-05-04 10:05:47.109421886,Fried Rice,4,Vegetarian,120,480,Sunday,Dinner,New,7,3,May,2025,5,4,6,1
1697,2025-05-04 11:50:38.287657532,Parotta,3,Vegetarian,60,180,Sunday,Lunch,Regular,6,3,May,2025,5,4,6,1
1698,2025-05-04 13:35:29.465893180,Fried Rice,2,Vegetarian,120,240,Sunday,Lunch,New,5,3,May,2025,5,4,6,1
1699,2025-05-04 15:20:20.644128826,Chicken 65,2,Chicken,140,280,Sunday,Breakfast,Regular,4,2,May,2025,5,4,6,1
1700,2025-05-04 17:05:11.822364474,Chicken Biryani,3,Chicken,180,540,Sunday,Dinner,Regular,3,0,May,2025,5,4,6,1
1701,2025-05-04 18:50:03.000600120,Fried Rice,3,Vegetarian,120,360,Sunday,Lunch,Regular,3,0,May,2025,5,4,6,1
1702,2025-05-04 20:34:54.178835768,Veg Biryani,2,Vegetarian,130,260,Sunday,Dinner,New,5,3,May,2025,5,4,6,1
1703,2025-05-04 22:19:45.357071416,Parotta,3,Vegetarian,60,180,Sunday,Lunch,Regular,6,3,May,2025,5,4,6,1
1704,2025-05-05 00:04:36.535307062,Chicken Noodles,3,Chicken,150,450,Monday,Dinner,Regular,3,0,May,2025,5,5,0,0
1705,2025-05-05 01:49:27.713542710,Mutton Biryani,4,Mutton,240,960,Monday,Dinner,New,5,1,May,2025,5,5,0,0
1706,2025-05-05 03:34:18.891778356,Chicken Fried Rice,1,Chicken,160,160,Monday,Dinner,Regular,4,3,May,2025,5,5,0,0
1707,2025-05-05 05:19:10.070014004,Veg Biryani,2,Vegetarian,130,260,Monday,Lunch,New,2,0,May,2025,5,5,0,0
1708,2025-05-05 07:04:01.248249650,Parotta,4,Vegetarian,60,240,Monday,Lunch,Regular,5,1,May,2025,5,5,0,0
1709,2025-05-05 08:48:52.426485298,Mutton Biryani,1,Mutton,240,240,Monday,Dinner,Regular,1,0,May,2025,5,5,0,0
1710,2025-05-05 10:33:43.604720944,Mutton Biryani,3,Mutton,240,720,Monday,Lunch,Regular,4,1,May,2025,5,5,0,0
1711,2025-05-05 12:18:34.782956592,Chicken Grill,3,Chicken,220,660,Monday,Lunch,Regular,5,2,May,2025,5,5,0,0
1712,2025-05-05 14:03:25.961192240,Parotta,4,Vegetarian,60,240,Monday,Breakfast,New,5,1,May,2025,5,5,0,0
1713,2025-05-05 15:48:17.139427886,Chicken Biryani,3,Chicken,180,540,Monday,Dinner,New,6,3,May,2025,5,5,0,0
1714,2025-05-05 17:33:08.317663534,Idli,5,Vegetarian,40,200,Monday,Breakfast,Regular,6,1,May,2025,5,5,0,0
1715,2025-05-05 19:17:59.495899180,Chicken 65,4,Chicken,140,560,Monday,Dinner,Regular,5,1,May,2025,5,5,0,0
1716,2025-05-05 21:02:50.674134828,Chicken 65,1,Chicken,140,140,Monday,Lunch,New,4,3,May,2025,5,5,0,0
1717,2025-05-05 22:47:41.852370474,Chicken Noodles,4,Chicken,150,600,Monday,Lunch,Regular,6,2,May,2025,5,5,0,0
1718,2025-05-06 00:32:33.030606122,Chicken Noodles,2,Chicken,150,300,Tuesday,Dinner,Regular,3,1,May,2025,5,6,1,0
1719,2025-05-06 02:17:24.208841770,Chicken 65,4,Chicken,140,560,Tuesday,Breakfast,New,6,2,May,2025,5,6,1,0
1720,2025-05-06 04:02:15.387077416,Fried Rice,3,Vegetarian,120,360,Tuesday,Lunch,Regular,3,0,May,2025,5,6,1,0
1721,2025-05-06 05:47:06.565313064,Chicken Biryani,3,Chicken,180,540,Tuesday,Dinner,New,3,0,May,2025,5,6,1,0
1722,2025-05-06 07:31:57.743548710,Veg Meals,5,Vegetarian,100,500,Tuesday,Dinner,Regular,8,3,May,2025,5,6,1,0
1723,2025-05-06 09:16:48.921784358,Fried Rice,5,Vegetarian,120,600,Tuesday,Breakfast,New,7,2,May,2025,5,6,1,0
1724,2025-05-06 11:01:40.100020004,Paneer Butter Masala,5,Vegetarian,170,850,Tuesday,Dinner,Regular,8,3,May,2025,5,6,1,0
1725,2025-05-06 12:46:31.278255652,Fried Rice,1,Vegetarian,120,120,Tuesday,Dinner,Regular,4,3,May,2025,5,6,1,0
1726,2025-05-06 14:31:22.456491300,Chicken Fried Rice,5,Chicken,160,800,Tuesday,Dinner,Regular,6,1,May,2025,5,6,1,0
1727,2025-05-06 16:16:13.634726946,Dosa,1,Vegetarian,50,50,Tuesday,Lunch,Regular,1,0,May,2025,5,6,1,0
1728,2025-05-06 18:01:04.812962594,Idli,5,Vegetarian,40,200,Tuesday,Lunch,Regular,8,3,May,2025,5,6,1,0
1729,2025-05-06 19:45:55.991198240,Chicken Fried Rice,1,Chicken,160,160,Tuesday,Dinner,New,2,1,May,2025,5,6,1,0
1730,2025-05-06 21:30:47.169433888,Chicken Grill,4,Chicken,220,880,Tuesday,Dinner,Regular,5,1,May,2025,5,6,1,0
1731,2025-05-06 23:15:38.347669534,Dosa,4,Vegetarian,50,200,Tuesday,Lunch,Regular,6,2,May,2025,5,6,1,0
1732,2025-05-07 01:00:29.525905182,Dosa,3,Vegetarian,50,150,Wednesday,Lunch,Regular,3,0,May,2025,5,7,2,0
1733,2025-05-07 02:45:20.704140828,Parotta,1,Vegetarian,60,60,Wednesday,Lunch,New,3,2,May,2025,5,7,2,0
1734,2025-05-07 04:30:11.882376476,Chicken Biryani,2,Chicken,180,360,Wednesday,Lunch,New,4,2,May,2025,5,7,2,0
1735,2025-05-07 06:15:03.060612124,Chicken Biryani,3,Chicken,180,540,Wednesday,Lunch,Regular,6,3,May,2025,5,7,2,0
1736,2025-05-07 07:59:54.238847770,Dosa,4,Vegetarian,50,200,Wednesday,Lunch,Regular,6,2,May,2025,5,7,2,0
1737,2025-05-07 09:44:45.417083418,Paneer Butter Masala,1,Vegetarian,170,170,Wednesday,Dinner,Regular,4,3,May,2025,5,7,2,0
1738,2025-05-07 11:29:36.595319064,Fried Rice,5,Vegetarian,120,600,Wednesday,Breakfast,Regular,7,2,May,2025,5,7,2,0
1739,2025-05-07 13:14:27.773554712,Parotta,2,Vegetarian,60,120,Wednesday,Dinner,New,3,1,May,2025,5,7,2,0
1740,2025-05-07 14:59:18.951790358,Idli,4,Vegetarian,40,160,Wednesday,Breakfast,Regular,4,0,May,2025,5,7,2,0
1741,2025-05-07 16:44:10.130026006,Dosa,3,Vegetarian,50,150,Wednesday,Lunch,Regular,3,0,May,2025,5,7,2,0
1742,2025-05-07 18:29:01.308261654,Veg Biryani,1,Vegetarian,130,130,Wednesday,Breakfast,Regular,1,0,May,2025,5,7,2,0
1743,2025-05-07 20:13:52.486497300,Chicken Noodles,2,Chicken,150,300,Wednesday,Lunch,New,3,1,May,2025,5,7,2,0
1744,2025-05-07 21:58:43.664732948,Chicken Noodles,1,Chicken,150,150,Wednesday,Dinner,New,2,1,May,2025,5,7,2,0
1745,2025-05-07 23:43:34.842968594,Chicken Fried Rice,5,Chicken,160,800,Wednesday,Dinner,New,7,2,May,2025,5,7,2,0
1746,2025-05-08 01:28:26.021204242,Chicken Grill,3,Chicken,220,660,Thursday,Lunch,Regular,5,2,May,2025,5,8,3,0
1747,2025-05-08 03:13:17.199439888,Noodles,1,Vegetarian,110,110,Thursday,Lunch,New,3,2,May,2025,5,8,3,0
1748,2025-05-08 04:58:08.377675536,Noodles,4,Vegetarian,110,440,Thursday,Lunch,New,6,2,May,2025,5,8,3,0
1749,2025-05-08 06:42:59.555911184,Chicken Noodles,3,Chicken,150,450,Thursday,Dinner,Regular,3,0,May,2025,5,8,3,0
1750,2025-05-08 08:27:50.734146830,Veg Meals,4,Vegetarian,100,400,Thursday,Dinner,New,6,2,May,2025,5,8,3,0
1751,2025-05-08 10:12:41.912382478,Mutton Biryani,1,Mutton,240,240,Thursday,Lunch,New,2,1,May,2025,5,8,3,0
1752,2025-05-08 11:57:33.090618124,Chicken Fried Rice,3,Chicken,160,480,Thursday,Dinner,New,4,1,May,2025,5,8,3,0
1753,2025-05-08 13:42:24.268853772,Noodles,4,Vegetarian,110,440,Thursday,Dinner,New,5,1,May,2025,5,8,3,0
1754,2025-05-08 15:27:15.447089418,Chicken Noodles,5,Chicken,150,750,Thursday,Breakfast,Regular,8,3,May,2025,5,8,3,0
1755,2025-05-08 17:12:06.625325066,Chicken Grill,5,Chicken,220,1100,Thursday,Lunch,Regular,8,3,May,2025,5,8,3,0
1756,2025-05-08 18:56:57.803560712,Noodles,1,Vegetarian,110,110,Thursday,Dinner,Regular,4,3,May,2025,5,8,3,0
1757,2025-05-08 20:41:48.981796360,Fried Rice,3,Vegetarian,120,360,Thursday,Dinner,Regular,5,2,May,2025,5,8,3,0
1758,2025-05-08 22:26:40.160032008,Fried Rice,2,Vegetarian,120,240,Thursday,Lunch,Regular,2,0,May,2025,5,8,3,0
1759,2025-05-09 00:11:31.338267654,Chicken Biryani,3,Chicken,180,540,Friday,Lunch,Regular,3,0,May,2025,5,9,4,0
1760,2025-05-09 01:56:22.516503302,Paneer Butter Masala,5,Vegetarian,170,850,Friday,Lunch,New,7,2,May,2025,5,9,4,0
1761,2025-05-09 03:41:13.694738948,Chicken Biryani,4,Chicken,180,720,Friday,Lunch,New,6,2,May,2025,5,9,4,0
1762,2025-05-09 05:26:04.872974596,Idli,2,Vegetarian,40,80,Friday,Dinner,Regular,5,3,May,2025,5,9,4,0
1763,2025-05-09 07:10:56.051210242,Dosa,1,Vegetarian,50,50,Friday,Lunch,New,2,1,May,2025,5,9,4,0
1764,2025-05-09 08:55:47.229445890,Veg Biryani,2,Vegetarian,130,260,Friday,Dinner,New,3,1,May,2025,5,9,4,0
1765,2025-05-09 10:40:38.407681538,Chicken Biryani,1,Chicken,180,180,Friday,Dinner,Regular,4,3,May,2025,5,9,4,0
1766,2025-05-09 12:25:29.585917184,Noodles,2,Vegetarian,110,220,Friday,Breakfast,Regular,5,3,May,2025,5,9,4,0
1767,2025-05-09 14:10:20.764152832,Veg Meals,1,Vegetarian,100,100,Friday,Lunch,New,1,0,May,2025,5,9,4,0
1768,2025-05-09 15:55:11.942388478,Parotta,1,Vegetarian,60,60,Friday,Lunch,New,4,3,May,2025,5,9,4,0
1769,2025-05-09 17:40:03.120624126,Chicken Noodles,2,Chicken,150,300,Friday,Dinner,Regular,3,1,May,2025,5,9,4,0
1770,2025-05-09 19:24:54.298859772,Parotta,2,Vegetarian,60,120,Friday,Lunch,Regular,3,1,May,2025,5,9,4,0
1771,2025-05-09 21:09:45.477095420,Chicken Grill,1,Chicken,220,220,Friday,Dinner,New,3,2,May,2025,5,9,4,0
1772,2025-05-09 22:54:36.655331068,Chicken Biryani,5,Chicken,180,900,Friday,Dinner,Regular,5,0,May,2025,5,9,4,0
1773,2025-05-10 00:39:27.833566714,Veg Biryani,2,Vegetarian,130,260,Saturday,Lunch,Regular,4,2,May,2025,5,10,5,1
1774,2025-05-10 02:24:19.011802362,Chicken Grill,3,Chicken,220,660,Saturday,Dinner,Regular,3,0,May,2025,5,10,5,1
1775,2025-05-10 04:09:10.190038008,Mutton Biryani,4,Mutton,240,960,Saturday,Dinner,New,6,2,May,2025,5,10,5,1
1776,2025-05-10 05:54:01.368273656,Mutton Biryani,1,Mutton,240,240,Saturday,Breakfast,New,1,0,May,2025,5,10,5,1
1777,2025-05-10 07:38:52.546509302,Parotta,1,Vegetarian,60,60,Saturday,Lunch,Regular,4,3,May,2025,5,10,5,1
1778,2025-05-10 09:23:43.724744950,Dosa,4,Vegetarian,50,200,Saturday,Dinner,Regular,5,1,May,2025,5,10,5,1
1779,2025-05-10 11:08:34.902980596,Chicken Fried Rice,5,Chicken,160,800,Saturday,Dinner,New,8,3,May,2025,5,10,5,1
1780,2025-05-10 12:53:26.081216244,Dosa,4,Vegetarian,50,200,Saturday,Breakfast,Regular,4,0,May,2025,5,10,5,1
1781,2025-05-10 14:38:17.259451892,Noodles,2,Vegetarian,110,220,Saturday,Breakfast,New,2,0,May,2025,5,10,5,1
1782,2025-05-10 16:23:08.437687538,Fried Rice,4,Vegetarian,120,480,Saturday,Breakfast,New,6,2,May,2025,5,10,5,1
1783,2025-05-10 18:07:59.615923186,Idli,1,Vegetarian,40,40,Saturday,Dinner,Regular,1,0,May,2025,5,10,5,1
1784,2025-05-10 19:52:50.794158832,Dosa,4,Vegetarian,50,200,Saturday,Breakfast,New,7,3,May,2025,5,10,5,1
1785,2025-05-10 21:37:41.972394480,Paneer Butter Masala,3,Vegetarian,170,510,Saturday,Lunch,Regular,3,0,May,2025,5,10,5,1
1786,2025-05-10 23:22:33.150630126,Idli,2,Vegetarian,40,80,Saturday,Dinner,Regular,2,0,May,2025,5,10,5,1
1787,2025-05-11 01:07:24.328865774,Idli,4,Vegetarian,40,160,Sunday,Breakfast,Regular,6,2,May,2025,5,11,6,1
1788,2025-05-11 02:52:15.507101422,Veg Biryani,1,Vegetarian,130,130,Sunday,Dinner,Regular,1,0,May,2025,5,11,6,1
1789,2025-05-11 04:37:06.685337068,Chicken Biryani,2,Chicken,180,360,Sunday,Lunch,Regular,4,2,May,2025,5,11,6,1
1790,2025-05-11 06:21:57.863572716,Veg Biryani,1,Vegetarian,130,130,Sunday,Dinner,New,2,1,May,2025,5,11,6,1
1791,2025-05-11 08:06:49.041808362,Idli,5,Vegetarian,40,200,Sunday,Lunch,Regular,7,2,May,2025,5,11,6,1
1792,2025-05-11 09:51:40.220044010,Chicken Grill,3,Chicken,220,660,Sunday,Dinner,Regular,3,0,May,2025,5,11,6,1
1793,2025-05-11 11:36:31.398279656,Mutton Biryani,5,Mutton,240,1200,Sunday,Dinner,New,6,1,May,2025,5,11,6,1
1794,2025-05-11 13:21:22.576515304,Idli,3,Vegetarian,40,120,Sunday,Lunch,New,3,0,May,2025,5,11,6,1
1795,2025-05-11 15:06:13.754750952,Veg Biryani,4,Vegetarian,130,520,Sunday,Breakfast,New,6,2,May,2025,5,11,6,1
1796,2025-05-11 16:51:04.932986598,Veg Meals,2,Vegetarian,100,200,Sunday,Lunch,Regular,5,3,May,2025,5,11,6,1
1797,2025-05-11 18:35:56.111222246,Chicken Grill,4,Chicken,220,880,Sunday,Lunch,Regular,5,1,May,2025,5,11,6,1
1798,2025-05-11 20:20:47.289457892,Veg Biryani,3,Vegetarian,130,390,Sunday,Dinner,Regular,6,3,May,2025,5,11,6,1
1799,2025-05-11 22:05:38.467693540,Dosa,3,Vegetarian,50,150,Sunday,Dinner,Regular,6,3,May,2025,5,11,6,1
1800,2025-05-11 23:50:29.645929186,Chicken Noodles,3,Chicken,150,450,Sunday,Lunch,Regular,4,1,May,2025,5,11,6,1
1801,2025-05-12 01:35:20.824164834,Parotta,1,Vegetarian,60,60,Monday,Dinner,Regular,4,3,May,2025,5,12,0,0
1802,2025-05-12 03:20:12.002400480,Chicken Fried Rice,2,Chicken,160,320,Monday,Dinner,Regular,5,3,May,2025,5,12,0,0
1803,2025-05-12 05:05:03.180636128,Fried Rice,4,Vegetarian,120,480,Monday,Dinner,Regular,7,3,May,2025,5,12,0,0
1804,2025-05-12 06:49:54.358871776,Veg Biryani,4,Vegetarian,130,520,Monday,Lunch,Regular,7,3,May,2025,5,12,0,0
1805,2025-05-12 08:34:45.537107422,Paneer Butter Masala,5,Vegetarian,170,850,Monday,Lunch,Regular,6,1,May,2025,5,12,0,0
1806,2025-05-12 10:19:36.715343070,Chicken Fried Rice,3,Chicken,160,480,Monday,Lunch,Regular,3,0,May,2025,5,12,0,0
1807,2025-05-12 12:04:27.893578716,Veg Meals,3,Vegetarian,100,300,Monday,Lunch,Regular,6,3,May,2025,5,12,0,0
1808,2025-05-12 13:49:19.071814364,Chicken 65,3,Chicken,140,420,Monday,Lunch,Regular,4,1,May,2025,5,12,0,0
1809,2025-05-12 15:34:10.250050010,Veg Biryani,4,Vegetarian,130,520,Monday,Lunch,Regular,5,1,May,2025,5,12,0,0
1810,2025-05-12 17:19:01.428285658,Chicken Noodles,5,Chicken,150,750,Monday,Breakfast,Regular,6,1,May,2025,5,12,0,0
1811,2025-05-12 19:03:52.606521306,Chicken Fried Rice,1,Chicken,160,160,Monday,Dinner,Regular,2,1,May,2025,5,12,0,0
1812,2025-05-12 20:48:43.784756952,Fried Rice,2,Vegetarian,120,240,Monday,Lunch,Regular,4,2,May,2025,5,12,0,0
1813,2025-05-12 22:33:34.962992600,Idli,1,Vegetarian,40,40,Monday,Breakfast,Regular,1,0,May,2025,5,12,0,0
1814,2025-05-13 00:18:26.141228246,Veg Biryani,4,Vegetarian,130,520,Tuesday,Lunch,New,4,0,May,2025,5,13,1,0
1815,2025-05-13 02:03:17.319463894,Chicken Biryani,3,Chicken,180,540,Tuesday,Lunch,New,6,3,May,2025,5,13,1,0
1816,2025-05-13 03:48:08.497699540,Veg Meals,2,Vegetarian,100,200,Tuesday,Lunch,Regular,3,1,May,2025,5,13,1,0
1817,2025-05-13 05:32:59.675935188,Parotta,4,Vegetarian,60,240,Tuesday,Lunch,Regular,6,2,May,2025,5,13,1,0
1818,2025-05-13 07:17:50.854170834,Chicken Noodles,4,Chicken,150,600,Tuesday,Lunch,Regular,5,1,May,2025,5,13,1,0
1819,2025-05-13 09:02:42.032406482,Noodles,4,Vegetarian,110,440,Tuesday,Lunch,Regular,7,3,May,2025,5,13,1,0
1820,2025-05-13 10:47:33.210642130,Noodles,2,Vegetarian,110,220,Tuesday,Lunch,Regular,2,0,May,2025,5,13,1,0
1821,2025-05-13 12:32:24.388877776,Paneer Butter Masala,2,Vegetarian,170,340,Tuesday,Breakfast,New,5,3,May,2025,5,13,1,0
1822,2025-05-13 14:17:15.567113424,Chicken Fried Rice,5,Chicken,160,800,Tuesday,Dinner,New,8,3,May,2025,5,13,1,0
1823,2025-05-13 16:02:06.745349070,Chicken Noodles,5,Chicken,150,750,Tuesday,Lunch,Regular,8,3,May,2025,5,13,1,0
1824,2025-05-13 17:46:57.923584718,Chicken Grill,1,Chicken,220,220,Tuesday,Lunch,New,4,3,May,2025,5,13,1,0
1825,2025-05-13 19:31:49.101820364,Fried Rice,2,Vegetarian,120,240,Tuesday,Breakfast,Regular,5,3,May,2025,5,13,1,0
1826,2025-05-13 21:16:40.280056012,Parotta,2,Vegetarian,60,120,Tuesday,Lunch,Regular,5,3,May,2025,5,13,1,0
1827,2025-05-13 23:01:31.458291660,Idli,2,Vegetarian,40,80,Tuesday,Lunch,Regular,5,3,May,2025,5,13,1,0
1828,2025-05-14 00:46:22.636527306,Veg Biryani,5,Vegetarian,130,650,Wednesday,Lunch,Regular,5,0,May,2025,5,14,2,0
1829,2025-05-14 02:31:13.814762954,Veg Biryani,4,Vegetarian,130,520,Wednesday,Dinner,Regular,4,0,May,2025,5,14,2,0
1830,2025-05-14 04:16:04.992998600,Noodles,3,Vegetarian,110,330,Wednesday,Breakfast,New,4,1,May,2025,5,14,2,0
1831,2025-05-14 06:00:56.171234248,Veg Biryani,5,Vegetarian,130,650,Wednesday,Lunch,Regular,6,1,May,2025,5,14,2,0
1832,2025-05-14 07:45:47.349469894,Parotta,2,Vegetarian,60,120,Wednesday,Dinner,Regular,4,2,May,2025,5,14,2,0
1833,2025-05-14 09:30:38.527705542,Chicken Biryani,5,Chicken,180,900,Wednesday,Dinner,New,7,2,May,2025,5,14,2,0
1834,2025-05-14 11:15:29.705941190,Chicken 65,1,Chicken,140,140,Wednesday,Breakfast,New,1,0,May,2025,5,14,2,0
1835,2025-05-14 13:00:20.884176836,Paneer Butter Masala,2,Vegetarian,170,340,Wednesday,Lunch,New,2,0,May,2025,5,14,2,0
1836,2025-05-14 14:45:12.062412484,Mutton Biryani,1,Mutton,240,240,Wednesday,Lunch,New,3,2,May,2025,5,14,2,0
1837,2025-05-14 16:30:03.240648130,Dosa,2,Vegetarian,50,100,Wednesday,Breakfast,Regular,2,0,May,2025,5,14,2,0
1838,2025-05-14 18:14:54.418883778,Paneer Butter Masala,5,Vegetarian,170,850,Wednesday,Lunch,Regular,7,2,May,2025,5,14,2,0
1839,2025-05-14 19:59:45.597119424,Chicken Fried Rice,4,Chicken,160,640,Wednesday,Breakfast,Regular,5,1,May,2025,5,14,2,0
1840,2025-05-14 21:44:36.775355072,Chicken Biryani,3,Chicken,180,540,Wednesday,Dinner,Regular,3,0,May,2025,5,14,2,0
1841,2025-05-14 23:29:27.953590718,Paneer Butter Masala,1,Vegetarian,170,170,Wednesday,Lunch,Regular,1,0,May,2025,5,14,2,0
1842,2025-05-15 01:14:19.131826366,Idli,5,Vegetarian,40,200,Thursday,Breakfast,New,7,2,May,2025,5,15,3,0
1843,2025-05-15 02:59:10.310062014,Noodles,4,Vegetarian,110,440,Thursday,Breakfast,Regular,7,3,May,2025,5,15,3,0
1844,2025-05-15 04:44:01.488297660,Veg Meals,5,Vegetarian,100,500,Thursday,Dinner,Regular,8,3,May,2025,5,15,3,0
1845,2025-05-15 06:28:52.666533308,Chicken Fried Rice,1,Chicken,160,160,Thursday,Breakfast,Regular,2,1,May,2025,5,15,3,0
1846,2025-05-15 08:13:43.844768954,Veg Biryani,3,Vegetarian,130,390,Thursday,Dinner,Regular,3,0,May,2025,5,15,3,0
1847,2025-05-15 09:58:35.023004602,Chicken Noodles,5,Chicken,150,750,Thursday,Lunch,Regular,5,0,May,2025,5,15,3,0
1848,2025-05-15 11:43:26.201240248,Idli,2,Vegetarian,40,80,Thursday,Lunch,New,4,2,May,2025,5,15,3,0
1849,2025-05-15 13:28:17.379475896,Chicken Fried Rice,4,Chicken,160,640,Thursday,Lunch,Regular,7,3,May,2025,5,15,3,0
1850,2025-05-15 15:13:08.557711544,Veg Meals,5,Vegetarian,100,500,Thursday,Breakfast,Regular,8,3,May,2025,5,15,3,0
1851,2025-05-15 16:57:59.735947190,Fried Rice,4,Vegetarian,120,480,Thursday,Lunch,New,5,1,May,2025,5,15,3,0
1852,2025-05-15 18:42:50.914182838,Veg Biryani,2,Vegetarian,130,260,Thursday,Breakfast,Regular,5,3,May,2025,5,15,3,0
1853,2025-05-15 20:27:42.092418484,Paneer Butter Masala,3,Vegetarian,170,510,Thursday,Lunch,Regular,6,3,May,2025,5,15,3,0
1854,2025-05-15 22:12:33.270654132,Paneer Butter Masala,3,Vegetarian,170,510,Thursday,Dinner,New,6,3,May,2025,5,15,3,0
1855,2025-05-15 23:57:24.448889778,Chicken Fried Rice,2,Chicken,160,320,Thursday,Lunch,Regular,4,2,May,2025,5,15,3,0
1856,2025-05-16 01:42:15.627125426,Chicken Noodles,4,Chicken,150,600,Friday,Breakfast,New,7,3,May,2025,5,16,4,0
1857,2025-05-16 03:27:06.805361074,Fried Rice,5,Vegetarian,120,600,Friday,Lunch,Regular,6,1,May,2025,5,16,4,0
1858,2025-05-16 05:11:57.983596720,Veg Biryani,2,Vegetarian,130,260,Friday,Dinner,New,5,3,May,2025,5,16,4,0
1859,2025-05-16 06:56:49.161832368,Veg Meals,1,Vegetarian,100,100,Friday,Dinner,Regular,2,1,May,2025,5,16,4,0
1860,2025-05-16 08:41:40.340068014,Chicken 65,4,Chicken,140,560,Friday,Lunch,New,6,2,May,2025,5,16,4,0
1861,2025-05-16 10:26:31.518303662,Paneer Butter Masala,3,Vegetarian,170,510,Friday,Lunch,New,5,2,May,2025,5,16,4,0
1862,2025-05-16 12:11:22.696539308,Veg Meals,2,Vegetarian,100,200,Friday,Lunch,New,3,1,May,2025,5,16,4,0
1863,2025-05-16 13:56:13.874774956,Chicken Biryani,3,Chicken,180,540,Friday,Dinner,Regular,5,2,May,2025,5,16,4,0
1864,2025-05-16 15:41:05.053010602,Paneer Butter Masala,4,Vegetarian,170,680,Friday,Dinner,Regular,4,0,May,2025,5,16,4,0
1865,2025-05-16 17:25:56.231246250,Veg Meals,3,Vegetarian,100,300,Friday,Lunch,Regular,3,0,May,2025,5,16,4,0
1866,2025-05-16 19:10:47.409481898,Chicken Grill,2,Chicken,220,440,Friday,Lunch,Regular,2,0,May,2025,5,16,4,0
1867,2025-05-16 20:55:38.587717544,Noodles,4,Vegetarian,110,440,Friday,Lunch,Regular,4,0,May,2025,5,16,4,0
1868,2025-05-16 22:40:29.765953192,Dosa,1,Vegetarian,50,50,Friday,Lunch,New,1,0,May,2025,5,16,4,0
1869,2025-05-17 00:25:20.944188838,Parotta,2,Vegetarian,60,120,Saturday,Dinner,Regular,4,2,May,2025,5,17,5,1
1870,2025-05-17 02:10:12.122424486,Noodles,5,Vegetarian,110,550,Saturday,Lunch,New,6,1,May,2025,5,17,5,1
1871,2025-05-17 03:55:03.300660132,Dosa,2,Vegetarian,50,100,Saturday,Breakfast,Regular,4,2,May,2025,5,17,5,1
1872,2025-05-17 05:39:54.478895780,Idli,4,Vegetarian,40,160,Saturday,Dinner,Regular,7,3,May,2025,5,17,5,1
1873,2025-05-17 07:24:45.657131428,Veg Meals,2,Vegetarian,100,200,Saturday,Dinner,Regular,2,0,May,2025,5,17,5,1
1874,2025-05-17 09:09:36.835367074,Dosa,1,Vegetarian,50,50,Saturday,Lunch,New,1,0,May,2025,5,17,5,1
1875,2025-05-17 10:54:28.013602722,Veg Biryani,1,Vegetarian,130,130,Saturday,Dinner,Regular,3,2,May,2025,5,17,5,1
1876,2025-05-17 12:39:19.191838368,Chicken 65,5,Chicken,140,700,Saturday,Lunch,New,8,3,May,2025,5,17,5,1
1877,2025-05-17 14:24:10.370074016,Chicken Grill,3,Chicken,220,660,Saturday,Dinner,New,5,2,May,2025,5,17,5,1
1878,2025-05-17 16:09:01.548309662,Chicken Biryani,4,Chicken,180,720,Saturday,Dinner,New,5,1,May,2025,5,17,5,1
1879,2025-05-17 17:53:52.726545310,Veg Meals,4,Vegetarian,100,400,Saturday,Lunch,Regular,4,0,May,2025,5,17,5,1
1880,2025-05-17 19:38:43.904780958,Chicken Biryani,3,Chicken,180,540,Saturday,Dinner,Regular,5,2,May,2025,5,17,5,1
1881,2025-05-17 21:23:35.083016604,Chicken Noodles,1,Chicken,150,150,Saturday,Dinner,New,2,1,May,2025,5,17,5,1
1882,2025-05-17 23:08:26.261252252,Paneer Butter Masala,1,Vegetarian,170,170,Saturday,Lunch,New,1,0,May,2025,5,17,5,1
1883,2025-05-18 00:53:17.439487898,Veg Meals,2,Vegetarian,100,200,Sunday,Lunch,Regular,2,0,May,2025,5,18,6,1
1884,2025-05-18 02:38:08.617723546,Parotta,5,Vegetarian,60,300,Sunday,Dinner,Regular,5,0,May,2025,5,18,6,1
1885,2025-05-18 04:22:59.795959192,Veg Meals,5,Vegetarian,100,500,Sunday,Lunch,New,8,3,May,2025,5,18,6,1
1886,2025-05-18 06:07:50.974194840,Chicken Fried Rice,5,Chicken,160,800,Sunday,Lunch,New,7,2,May,2025,5,18,6,1
1887,2025-05-18 07:52:42.152430486,Chicken 65,2,Chicken,140,280,Sunday,Dinner,Regular,2,0,May,2025,5,18,6,1
1888,2025-05-18 09:37:33.330666134,Chicken Fried Rice,5,Chicken,160,800,Sunday,Dinner,Regular,5,0,May,2025,5,18,6,1
1889,2025-05-18 11:22:24.508901782,Veg Meals,3,Vegetarian,100,300,Sunday,Lunch,Regular,4,1,May,2025,5,18,6,1
1890,2025-05-18 13:07:15.687137428,Chicken Grill,2,Chicken,220,440,Sunday,Lunch,Regular,4,2,May,2025,5,18,6,1
1891,2025-05-18 14:52:06.865373076,Dosa,3,Vegetarian,50,150,Sunday,Lunch,New,4,1,May,2025,5,18,6,1
1892,2025-05-18 16:36:58.043608722,Chicken Biryani,2,Chicken,180,360,Sunday,Lunch,New,4,2,May,2025,5,18,6,1
1893,2025-05-18 18:21:49.221844370,Chicken Grill,5,Chicken,220,1100,Sunday,Breakfast,New,5,0,May,2025,5,18,6,1
1894,2025-05-18 20:06:40.400080016,Veg Meals,3,Vegetarian,100,300,Sunday,Dinner,New,6,3,May,2025,5,18,6,1
1895,2025-05-18 21:51:31.578315664,Dosa,3,Vegetarian,50,150,Sunday,Lunch,Regular,4,1,May,2025,5,18,6,1
1896,2025-05-18 23:36:22.756551312,Chicken Biryani,3,Chicken,180,540,Sunday,Lunch,Regular,6,3,May,2025,5,18,6,1
1897,2025-05-19 01:21:13.934786958,Dosa,2,Vegetarian,50,100,Monday,Lunch,Regular,5,3,May,2025,5,19,0,0
1898,2025-05-19 03:06:05.113022606,Parotta,4,Vegetarian,60,240,Monday,Dinner,New,7,3,May,2025,5,19,0,0
1899,2025-05-19 04:50:56.291258252,Chicken 65,5,Chicken,140,700,Monday,Lunch,Regular,7,2,May,2025,5,19,0,0
1900,2025-05-19 06:35:47.469493900,Noodles,3,Vegetarian,110,330,Monday,Breakfast,Regular,5,2,May,2025,5,19,0,0
1901,2025-05-19 08:20:38.647729546,Fried Rice,4,Vegetarian,120,480,Monday,Breakfast,New,7,3,May,2025,5,19,0,0
1902,2025-05-19 10:05:29.825965194,Idli,5,Vegetarian,40,200,Monday,Lunch,Regular,5,0,May,2025,5,19,0,0
1903,2025-05-19 11:50:21.004200842,Chicken Grill,5,Chicken,220,1100,Monday,Lunch,New,5,0,May,2025,5,19,0,0
1904,2025-05-19 13:35:12.182436488,Paneer Butter Masala,3,Vegetarian,170,510,Monday,Lunch,New,6,3,May,2025,5,19,0,0
1905,2025-05-19 15:20:03.360672136,Chicken Grill,3,Chicken,220,660,Monday,Lunch,Regular,4,1,May,2025,5,19,0,0
1906,2025-05-19 17:04:54.538907782,Fried Rice,2,Vegetarian,120,240,Monday,Breakfast,Regular,3,1,May,2025,5,19,0,0
1907,2025-05-19 18:49:45.717143430,Noodles,4,Vegetarian,110,440,Monday,Lunch,New,6,2,May,2025,5,19,0,0
1908,2025-05-19 20:34:36.895379076,Mutton Biryani,4,Mutton,240,960,Monday,Lunch,New,5,1,May,2025,5,19,0,0
1909,2025-05-19 22:19:28.073614724,Veg Biryani,3,Vegetarian,130,390,Monday,Breakfast,Regular,3,0,May,2025,5,19,0,0
1910,2025-05-20 00:04:19.251850370,Parotta,5,Vegetarian,60,300,Tuesday,Breakfast,Regular,8,3,May,2025,5,20,1,0
1911,2025-05-20 01:49:10.430086018,Veg Meals,3,Vegetarian,100,300,Tuesday,Breakfast,Regular,4,1,May,2025,5,20,1,0
1912,2025-05-20 03:34:01.608321666,Parotta,5,Vegetarian,60,300,Tuesday,Breakfast,New,8,3,May,2025,5,20,1,0
1913,2025-05-20 05:18:52.786557312,Fried Rice,5,Vegetarian,120,600,Tuesday,Dinner,New,6,1,May,2025,5,20,1,0
1914,2025-05-20 07:03:43.964792960,Veg Meals,3,Vegetarian,100,300,Tuesday,Breakfast,New,5,2,May,2025,5,20,1,0
1915,2025-05-20 08:48:35.143028606,Paneer Butter Masala,1,Vegetarian,170,170,Tuesday,Lunch,New,1,0,May,2025,5,20,1,0
1916,2025-05-20 10:33:26.321264254,Chicken Fried Rice,4,Chicken,160,640,Tuesday,Breakfast,New,6,2,May,2025,5,20,1,0
1917,2025-05-20 12:18:17.499499900,Dosa,5,Vegetarian,50,250,Tuesday,Dinner,New,8,3,May,2025,5,20,1,0
1918,2025-05-20 14:03:08.677735548,Veg Biryani,5,Vegetarian,130,650,Tuesday,Dinner,Regular,5,0,May,2025,5,20,1,0
1919,2025-05-20 15:47:59.855971196,Chicken 65,1,Chicken,140,140,Tuesday,Lunch,New,1,0,May,2025,5,20,1,0
1920,2025-05-20 17:32:51.034206842,Chicken 65,2,Chicken,140,280,Tuesday,Lunch,Regular,4,2,May,2025,5,20,1,0
1921,2025-05-20 19:17:42.212442490,Fried Rice,1,Vegetarian,120,120,Tuesday,Lunch,New,2,1,May,2025,5,20,1,0
1922,2025-05-20 21:02:33.390678136,Parotta,1,Vegetarian,60,60,Tuesday,Lunch,Regular,3,2,May,2025,5,20,1,0
1923,2025-05-20 22:47:24.568913784,Chicken 65,5,Chicken,140,700,Tuesday,Breakfast,New,8,3,May,2025,5,20,1,0
1924,2025-05-21 00:32:15.747149430,Paneer Butter Masala,4,Vegetarian,170,680,Wednesday,Dinner,Regular,5,1,May,2025,5,21,2,0
1925,2025-05-21 02:17:06.925385078,Mutton Biryani,1,Mutton,240,240,Wednesday,Lunch,New,3,2,May,2025,5,21,2,0
1926,2025-05-21 04:01:58.103620726,Chicken Grill,2,Chicken,220,440,Wednesday,Dinner,Regular,4,2,May,2025,5,21,2,0
1927,2025-05-21 05:46:49.281856372,Chicken Noodles,3,Chicken,150,450,Wednesday,Breakfast,Regular,4,1,May,2025,5,21,2,0
1928,2025-05-21 07:31:40.460092020,Paneer Butter Masala,1,Vegetarian,170,170,Wednesday,Dinner,Regular,2,1,May,2025,5,21,2,0
1929,2025-05-21 09:16:31.638327666,Veg Meals,1,Vegetarian,100,100,Wednesday,Dinner,New,2,1,May,2025,5,21,2,0
1930,2025-05-21 11:01:22.816563314,Idli,2,Vegetarian,40,80,Wednesday,Breakfast,Regular,4,2,May,2025,5,21,2,0
1931,2025-05-21 12:46:13.994798960,Fried Rice,4,Vegetarian,120,480,Wednesday,Lunch,Regular,5,1,May,2025,5,21,2,0
1932,2025-05-21 14:31:05.173034608,Chicken Fried Rice,1,Chicken,160,160,Wednesday,Breakfast,New,2,1,May,2025,5,21,2,0
1933,2025-05-21 16:15:56.351270254,Dosa,1,Vegetarian,50,50,Wednesday,Lunch,Regular,2,1,May,2025,5,21,2,0
1934,2025-05-21 18:00:47.529505902,Idli,4,Vegetarian,40,160,Wednesday,Lunch,Regular,4,0,May,2025,5,21,2,0
1935,2025-05-21 19:45:38.707741550,Dosa,2,Vegetarian,50,100,Wednesday,Lunch,Regular,5,3,May,2025,5,21,2,0
1936,2025-05-21 21:30:29.885977196,Chicken Biryani,1,Chicken,180,180,Wednesday,Lunch,Regular,2,1,May,2025,5,21,2,0
1937,2025-05-21 23:15:21.064212844,Idli,4,Vegetarian,40,160,Wednesday,Dinner,Regular,7,3,May,2025,5,21,2,0
1938,2025-05-22 01:00:12.242448490,Chicken Noodles,1,Chicken,150,150,Thursday,Breakfast,Regular,2,1,May,2025,5,22,3,0
1939,2025-05-22 02:45:03.420684138,Parotta,3,Vegetarian,60,180,Thursday,Dinner,Regular,4,1,May,2025,5,22,3,0
1940,2025-05-22 04:29:54.598919784,Mutton Biryani,5,Mutton,240,1200,Thursday,Lunch,Regular,5,0,May,2025,5,22,3,0
1941,2025-05-22 06:14:45.777155432,Chicken Grill,3,Chicken,220,660,Thursday,Dinner,Regular,3,0,May,2025,5,22,3,0
1942,2025-05-22 07:59:36.955391080,Chicken Grill,1,Chicken,220,220,Thursday,Lunch,Regular,2,1,May,2025,5,22,3,0
1943,2025-05-22 09:44:28.133626726,Mutton Biryani,2,Mutton,240,480,Thursday,Breakfast,Regular,3,1,May,2025,5,22,3,0
1944,2025-05-22 11:29:19.311862374,Veg Biryani,5,Vegetarian,130,650,Thursday,Dinner,New,6,1,May,2025,5,22,3,0
1945,2025-05-22 13:14:10.490098020,Chicken Biryani,3,Chicken,180,540,Thursday,Lunch,Regular,6,3,May,2025,5,22,3,0
1946,2025-05-22 14:59:01.668333668,Dosa,4,Vegetarian,50,200,Thursday,Dinner,New,5,1,May,2025,5,22,3,0
1947,2025-05-22 16:43:52.846569314,Chicken Noodles,2,Chicken,150,300,Thursday,Lunch,New,5,3,May,2025,5,22,3,0
1948,2025-05-22 18:28:44.024804962,Chicken 65,3,Chicken,140,420,Thursday,Lunch,New,3,0,May,2025,5,22,3,0
1949,2025-05-22 20:13:35.203040610,Idli,4,Vegetarian,40,160,Thursday,Lunch,Regular,7,3,May,2025,5,22,3,0
1950,2025-05-22 21:58:26.381276256,Chicken Biryani,1,Chicken,180,180,Thursday,Dinner,New,2,1,May,2025,5,22,3,0
1951,2025-05-22 23:43:17.559511904,Paneer Butter Masala,4,Vegetarian,170,680,Thursday,Breakfast,Regular,4,0,May,2025,5,22,3,0
1952,2025-05-23 01:28:08.737747550,Fried Rice,3,Vegetarian,120,360,Friday,Dinner,Regular,5,2,May,2025,5,23,4,0
1953,2025-05-23 03:12:59.915983198,Idli,3,Vegetarian,40,120,Friday,Dinner,New,3,0,May,2025,5,23,4,0
1954,2025-05-23 04:57:51.094218844,Chicken Noodles,1,Chicken,150,150,Friday,Breakfast,New,3,2,May,2025,5,23,4,0
1955,2025-05-23 06:42:42.272454492,Chicken Fried Rice,4,Chicken,160,640,Friday,Breakfast,Regular,7,3,May,2025,5,23,4,0
1956,2025-05-23 08:27:33.450690138,Chicken Fried Rice,4,Chicken,160,640,Friday,Dinner,Regular,4,0,May,2025,5,23,4,0
1957,2025-05-23 10:12:24.628925786,Veg Meals,1,Vegetarian,100,100,Friday,Lunch,Regular,1,0,May,2025,5,23,4,0
1958,2025-05-23 11:57:15.807161434,Chicken Biryani,4,Chicken,180,720,Friday,Lunch,Regular,4,0,May,2025,5,23,4,0
1959,2025-05-23 13:42:06.985397080,Parotta,1,Vegetarian,60,60,Friday,Breakfast,Regular,4,3,May,2025,5,23,4,0
1960,2025-05-23 15:26:58.163632728,Chicken Noodles,2,Chicken,150,300,Friday,Lunch,Regular,3,1,May,2025,5,23,4,0
1961,2025-05-23 17:11:49.341868374,Chicken Noodles,3,Chicken,150,450,Friday,Breakfast,Regular,6,3,May,2025,5,23,4,0
1962,2025-05-23 18:56:40.520104022,Mutton Biryani,2,Mutton,240,480,Friday,Lunch,Regular,2,0,May,2025,5,23,4,0
1963,2025-05-23 20:41:31.698339668,Paneer Butter Masala,5,Vegetarian,170,850,Friday,Dinner,Regular,6,1,May,2025,5,23,4,0
1964,2025-05-23 22:26:22.876575316,Parotta,5,Vegetarian,60,300,Friday,Lunch,New,5,0,May,2025,5,23,4,0
1965,2025-05-24 00:11:14.054810964,Paneer Butter Masala,5,Vegetarian,170,850,Saturday,Lunch,Regular,5,0,May,2025,5,24,5,1
1966,2025-05-24 01:56:05.233046610,Dosa,1,Vegetarian,50,50,Saturday,Dinner,Regular,3,2,May,2025,5,24,5,1
1967,2025-05-24 03:40:56.411282258,Dosa,4,Vegetarian,50,200,Saturday,Dinner,Regular,4,0,May,2025,5,24,5,1
1968,2025-05-24 05:25:47.589517904,Chicken 65,2,Chicken,140,280,Saturday,Dinner,New,5,3,May,2025,5,24,5,1
1969,2025-05-24 07:10:38.767753552,Veg Meals,2,Vegetarian,100,200,Saturday,Lunch,Regular,5,3,May,2025,5,24,5,1
1970,2025-05-24 08:55:29.945989198,Chicken Grill,2,Chicken,220,440,Saturday,Dinner,New,5,3,May,2025,5,24,5,1
1971,2025-05-24 10:40:21.124224846,Chicken Fried Rice,2,Chicken,160,320,Saturday,Breakfast,New,3,1,May,2025,5,24,5,1
1972,2025-05-24 12:25:12.302460492,Fried Rice,5,Vegetarian,120,600,Saturday,Breakfast,New,7,2,May,2025,5,24,5,1
1973,2025-05-24 14:10:03.480696140,Dosa,2,Vegetarian,50,100,Saturday,Lunch,Regular,4,2,May,2025,5,24,5,1
1974,2025-05-24 15:54:54.658931788,Parotta,4,Vegetarian,60,240,Saturday,Lunch,New,4,0,May,2025,5,24,5,1
1975,2025-05-24 17:39:45.837167434,Chicken Noodles,5,Chicken,150,750,Saturday,Dinner,New,5,0,May,2025,5,24,5,1
1976,2025-05-24 19:24:37.015403082,Fried Rice,2,Vegetarian,120,240,Saturday,Lunch,New,4,2,May,2025,5,24,5,1
1977,2025-05-24 21:09:28.193638728,Noodles,1,Vegetarian,110,110,Saturday,Dinner,Regular,2,1,May,2025,5,24,5,1
1978,2025-05-24 22:54:19.371874376,Paneer Butter Masala,3,Vegetarian,170,510,Saturday,Dinner,New,6,3,May,2025,5,24,5,1
1979,2025-05-25 00:39:10.550110022,Dosa,3,Vegetarian,50,150,Sunday,Lunch,New,3,0,May,2025,5,25,6,1
1980,2025-05-25 02:24:01.728345670,Chicken Noodles,3,Chicken,150,450,Sunday,Lunch,Regular,5,2,May,2025,5,25,6,1
1981,2025-05-25 04:08:52.906581318,Dosa,5,Vegetarian,50,250,Sunday,Lunch,Regular,6,1,May,2025,5,25,6,1
1982,2025-05-25 05:53:44.084816964,Chicken Fried Rice,2,Chicken,160,320,Sunday,Lunch,New,5,3,May,2025,5,25,6,1
1983,2025-05-25 07:38:35.263052612,Noodles,5,Vegetarian,110,550,Sunday,Breakfast,New,5,0,May,2025,5,25,6,1
1984,2025-05-25 09:23:26.441288258,Idli,4,Vegetarian,40,160,Sunday,Dinner,New,7,3,May,2025,5,25,6,1
1985,2025-05-25 11:08:17.619523906,Dosa,1,Vegetarian,50,50,Sunday,Breakfast,Regular,4,3,May,2025,5,25,6,1
1986,2025-05-25 12:53:08.797759552,Parotta,1,Vegetarian,60,60,Sunday,Breakfast,Regular,3,2,May,2025,5,25,6,1
1987,2025-05-25 14:37:59.975995200,Dosa,3,Vegetarian,50,150,Sunday,Dinner,Regular,5,2,May,2025,5,25,6,1
1988,2025-05-25 16:22:51.154230848,Chicken Grill,3,Chicken,220,660,Sunday,Lunch,New,6,3,May,2025,5,25,6,1
1989,2025-05-25 18:07:42.332466494,Fried Rice,3,Vegetarian,120,360,Sunday,Dinner,Regular,6,3,May,2025,5,25,6,1
1990,2025-05-25 19:52:33.510702142,Fried Rice,2,Vegetarian,120,240,Sunday,Lunch,New,2,0,May,2025,5,25,6,1
1991,2025-05-25 21:37:24.688937788,Chicken Fried Rice,4,Chicken,160,640,Sunday,Lunch,New,5,1,May,2025,5,25,6,1
1992,2025-05-25 23:22:15.867173436,Parotta,4,Vegetarian,60,240,Sunday,Lunch,Regular,5,1,May,2025,5,25,6,1
1993,2025-05-26 01:07:07.045409082,Noodles,4,Vegetarian,110,440,Monday,Lunch,Regular,7,3,May,2025,5,26,0,0
1994,2025-05-26 02:51:58.223644730,Mutton Biryani,4,Mutton,240,960,Monday,Lunch,New,6,2,May,2025,5,26,0,0
1995,2025-05-26 04:36:49.401880376,Parotta,3,Vegetarian,60,180,Monday,Dinner,Regular,4,1,May,2025,5,26,0,0
1996,2025-05-26 06:21:40.580116024,Fried Rice,1,Vegetarian,120,120,Monday,Lunch,Regular,4,3,May,2025,5,26,0,0
1997,2025-05-26 08:06:31.758351672,Chicken Grill,3,Chicken,220,660,Monday,Dinner,Regular,5,2,May,2025,5,26,0,0
1998,2025-05-26 09:51:22.936587318,Idli,4,Vegetarian,40,160,Monday,Breakfast,Regular,4,0,May,2025,5,26,0,0
1999,2025-05-26 11:36:14.114822966,Chicken Fried Rice,3,Chicken,160,480,Monday,Lunch,Regular,4,1,May,2025,5,26,0,0
2000,2025-05-26 13:21:05.293058612,Mutton Biryani,4,Mutton,240,960,Monday,Lunch,Regular,4,0,May,2025,5,26,0,0
2001,2025-05-26 15:05:56.471294260,Chicken Grill,5,Chicken,220,1100,Monday,Dinner,Regular,7,2,May,2025,5,26,0,0
2002,2025-05-26 16:50:47.649529906,Noodles,1,Vegetarian,110,110,Monday,Breakfast,Regular,4,3,May,2025,5,26,0,0
2003,2025-05-26 18:35:38.827765554,Paneer Butter Masala,5,Vegetarian,170,850,Monday,Lunch,New,5,0,May,2025,5,26,0,0
2004,2025-05-26 20:20:30.006001202,Noodles,2,Vegetarian,110,220,Monday,Dinner,Regular,5,3,May,2025,5,26,0,0
2005,2025-05-26 22:05:21.184236848,Chicken Grill,3,Chicken,220,660,Monday,Lunch,New,4,1,May,2025,5,26,0,0
2006,2025-05-26 23:50:12.362472496,Paneer Butter Masala,2,Vegetarian,170,340,Monday,Dinner,New,2,0,May,2025,5,26,0,0
2007,2025-05-27 01:35:03.540708142,Chicken Biryani,3,Chicken,180,540,Tuesday,Breakfast,Regular,4,1,May,2025,5,27,1,0
2008,2025-05-27 03:19:54.718943790,Chicken Fried Rice,5,Chicken,160,800,Tuesday,Dinner,New,6,1,May,2025,5,27,1,0
2009,2025-05-27 05:04:45.897179436,Parotta,4,Vegetarian,60,240,Tuesday,Dinner,Regular,5,1,May,2025,5,27,1,0
2010,2025-05-27 06:49:37.075415084,Paneer Butter Masala,4,Vegetarian,170,680,Tuesday,Dinner,Regular,5,1,May,2025,5,27,1,0
2011,2025-05-27 08:34:28.253650732,Veg Meals,3,Vegetarian,100,300,Tuesday,Lunch,Regular,4,1,May,2025,5,27,1,0
2012,2025-05-27 10:19:19.431886378,Paneer Butter Masala,4,Vegetarian,170,680,Tuesday,Breakfast,New,6,2,May,2025,5,27,1,0
2013,2025-05-27 12:04:10.610122026,Chicken Noodles,5,Chicken,150,750,Tuesday,Dinner,New,5,0,May,2025,5,27,1,0
2014,2025-05-27 13:49:01.788357672,Idli,4,Vegetarian,40,160,Tuesday,Lunch,Regular,7,3,May,2025,5,27,1,0
2015,2025-05-27 15:33:52.966593320,Chicken Noodles,5,Chicken,150,750,Tuesday,Breakfast,Regular,8,3,May,2025,5,27,1,0
2016,2025-05-27 17:18:44.144828966,Parotta,2,Vegetarian,60,120,Tuesday,Dinner,New,4,2,May,2025,5,27,1,0
2017,2025-05-27 19:03:35.323064614,Parotta,5,Vegetarian,60,300,Tuesday,Lunch,New,8,3,May,2025,5,27,1,0
2018,2025-05-27 20:48:26.501300260,Chicken Fried Rice,1,Chicken,160,160,Tuesday,Breakfast,Regular,4,3,May,2025,5,27,1,0
2019,2025-05-27 22:33:17.679535908,Parotta,1,Vegetarian,60,60,Tuesday,Lunch,New,4,3,May,2025,5,27,1,0
2020,2025-05-28 00:18:08.857771556,Fried Rice,1,Vegetarian,120,120,Wednesday,Breakfast,Regular,1,0,May,2025,5,28,2,0
2021,2025-05-28 02:03:00.036007202,Paneer Butter Masala,3,Vegetarian,170,510,Wednesday,Lunch,Regular,6,3,May,2025,5,28,2,0
2022,2025-05-28 03:47:51.214242850,Paneer Butter Masala,3,Vegetarian,170,510,Wednesday,Dinner,Regular,3,0,May,2025,5,28,2,0
2023,2025-05-28 05:32:42.392478496,Chicken Biryani,3,Chicken,180,540,Wednesday,Lunch,New,6,3,May,2025,5,28,2,0
2024,2025-05-28 07:17:33.570714144,Mutton Biryani,5,Mutton,240,1200,Wednesday,Dinner,New,8,3,May,2025,5,28,2,0
2025,2025-05-28 09:02:24.748949790,Parotta,3,Vegetarian,60,180,Wednesday,Dinner,New,3,0,May,2025,5,28,2,0
2026,2025-05-28 10:47:15.927185438,Chicken Noodles,2,Chicken,150,300,Wednesday,Dinner,Regular,4,2,May,2025,5,28,2,0
2027,2025-05-28 12:32:07.105421086,Parotta,1,Vegetarian,60,60,Wednesday,Breakfast,Regular,4,3,May,2025,5,28,2,0
2028,2025-05-28 14:16:58.283656732,Noodles,5,Vegetarian,110,550,Wednesday,Dinner,Regular,6,1,May,2025,5,28,2,0
2029,2025-05-28 16:01:49.461892380,Chicken Biryani,1,Chicken,180,180,Wednesday,Lunch,Regular,2,1,May,2025,5,28,2,0
2030,2025-05-28 17:46:40.640128026,Fried Rice,3,Vegetarian,120,360,Wednesday,Lunch,New,5,2,May,2025,5,28,2,0
2031,2025-05-28 19:31:31.818363674,Fried Rice,5,Vegetarian,120,600,Wednesday,Dinner,Regular,6,1,May,2025,5,28,2,0
2032,2025-05-28 21:16:22.996599320,Dosa,4,Vegetarian,50,200,Wednesday,Lunch,Regular,4,0,May,2025,5,28,2,0
2033,2025-05-28 23:01:14.174834968,Paneer Butter Masala,2,Vegetarian,170,340,Wednesday,Dinner,Regular,5,3,May,2025,5,28,2,0
2034,2025-05-29 00:46:05.353070616,Fried Rice,3,Vegetarian,120,360,Thursday,Breakfast,New,6,3,May,2025,5,29,3,0
2035,2025-05-29 02:30:56.531306262,Paneer Butter Masala,3,Vegetarian,170,510,Thursday,Dinner,Regular,6,3,May,2025,5,29,3,0
2036,2025-05-29 04:15:47.709541910,Dosa,2,Vegetarian,50,100,Thursday,Breakfast,Regular,5,3,May,2025,5,29,3,0
2037,2025-05-29 06:00:38.887777556,Chicken Grill,2,Chicken,220,440,Thursday,Dinner,Regular,3,1,May,2025,5,29,3,0
2038,2025-05-29 07:45:30.066013204,Idli,4,Vegetarian,40,160,Thursday,Breakfast,New,5,1,May,2025,5,29,3,0
2039,2025-05-29 09:30:21.244248850,Chicken 65,3,Chicken,140,420,Thursday,Breakfast,Regular,4,1,May,2025,5,29,3,0
2040,2025-05-29 11:15:12.422484498,Fried Rice,3,Vegetarian,120,360,Thursday,Lunch,New,3,0,May,2025,5,29,3,0
2041,2025-05-29 13:00:03.600720144,Mutton Biryani,1,Mutton,240,240,Thursday,Lunch,Regular,2,1,May,2025,5,29,3,0
2042,2025-05-29 14:44:54.778955792,Noodles,5,Vegetarian,110,550,Thursday,Lunch,Regular,6,1,May,2025,5,29,3,0
2043,2025-05-29 16:29:45.957191440,Veg Biryani,5,Vegetarian,130,650,Thursday,Lunch,Regular,8,3,May,2025,5,29,3,0
2044,2025-05-29 18:14:37.135427086,Chicken Grill,1,Chicken,220,220,Thursday,Lunch,Regular,2,1,May,2025,5,29,3,0
2045,2025-05-29 19:59:28.313662734,Fried Rice,5,Vegetarian,120,600,Thursday,Breakfast,Regular,7,2,May,2025,5,29,3,0
2046,2025-05-29 21:44:19.491898380,Paneer Butter Masala,2,Vegetarian,170,340,Thursday,Lunch,New,4,2,May,2025,5,29,3,0
2047,2025-05-29 23:29:10.670134028,Idli,5,Vegetarian,40,200,Thursday,Dinner,New,8,3,May,2025,5,29,3,0
2048,2025-05-30 01:14:01.848369674,Dosa,5,Vegetarian,50,250,Friday,Dinner,Regular,6,1,May,2025,5,30,4,0
2049,2025-05-30 02:58:53.026605322,Chicken Noodles,1,Chicken,150,150,Friday,Dinner,Regular,3,2,May,2025,5,30,4,0
2050,2025-05-30 04:43:44.204840970,Veg Biryani,4,Vegetarian,130,520,Friday,Dinner,New,6,2,May,2025,5,30,4,0
2051,2025-05-30 06:28:35.383076616,Idli,5,Vegetarian,40,200,Friday,Lunch,New,5,0,May,2025,5,30,4,0
2052,2025-05-30 08:13:26.561312264,Idli,5,Vegetarian,40,200,Friday,Breakfast,Regular,8,3,May,2025,5,30,4,0
2053,2025-05-30 09:58:17.739547910,Fried Rice,4,Vegetarian,120,480,Friday,Lunch,Regular,6,2,May,2025,5,30,4,0
2054,2025-05-30 11:43:08.917783558,Chicken Grill,1,Chicken,220,220,Friday,Dinner,Regular,3,2,May,2025,5,30,4,0
2055,2025-05-30 13:28:00.096019204,Veg Meals,4,Vegetarian,100,400,Friday,Dinner,New,7,3,May,2025,5,30,4,0
2056,2025-05-30 15:12:51.274254852,Veg Biryani,1,Vegetarian,130,130,Friday,Lunch,Regular,2,1,May,2025,5,30,4,0
2057,2025-05-30 16:57:42.452490500,Chicken Fried Rice,2,Chicken,160,320,Friday,Breakfast,Regular,5,3,May,2025,5,30,4,0
2058,2025-05-30 18:42:33.630726146,Chicken 65,1,Chicken,140,140,Friday,Breakfast,Regular,1,0,May,2025,5,30,4,0
2059,2025-05-30 20:27:24.808961794,Chicken Fried Rice,2,Chicken,160,320,Friday,Lunch,Regular,2,0,May,2025,5,30,4,0
2060,2025-05-30 22:12:15.987197440,Veg Meals,2,Vegetarian,100,200,Friday,Lunch,New,2,0,May,2025,5,30,4,0
2061,2025-05-30 23:57:07.165433088,Paneer Butter Masala,1,Vegetarian,170,170,Friday,Breakfast,Regular,3,2,May,2025,5,30,4,0
2062,2025-05-31 01:41:58.343668734,Paneer Butter Masala,3,Vegetarian,170,510,Saturday,Dinner,New,4,1,May,2025,5,31,5,1
2063,2025-05-31 03:26:49.521904382,Noodles,1,Vegetarian,110,110,Saturday,Lunch,New,1,0,May,2025,5,31,5,1
2064,2025-05-31 05:11:40.700140028,Veg Biryani,5,Vegetarian,130,650,Saturday,Dinner,Regular,8,3,May,2025,5,31,5,1
2065,2025-05-31 06:56:31.878375676,Chicken Fried Rice,5,Chicken,160,800,Saturday,Dinner,Regular,5,0,May,2025,5,31,5,1
2066,2025-05-31 08:41:23.056611324,Paneer Butter Masala,3,Vegetarian,170,510,Saturday,Dinner,Regular,5,2,May,2025,5,31,5,1
2067,2025-05-31 10:26:14.234846970,Veg Meals,2,Vegetarian,100,200,Saturday,Dinner,Regular,2,0,May,2025,5,31,5,1
2068,2025-05-31 12:11:05.413082618,Fried Rice,3,Vegetarian,120,360,Saturday,Dinner,Regular,4,1,May,2025,5,31,5,1
2069,2025-05-31 13:55:56.591318264,Chicken Biryani,5,Chicken,180,900,Saturday,Dinner,Regular,5,0,May,2025,5,31,5,1
2070,2025-05-31 15:40:47.769553912,Dosa,3,Vegetarian,50,150,Saturday,Dinner,New,4,1,May,2025,5,31,5,1
2071,2025-05-31 17:25:38.947789558,Chicken Biryani,1,Chicken,180,180,Saturday,Lunch,Regular,2,1,May,2025,5,31,5,1
2072,2025-05-31 19:10:30.126025206,Parotta,3,Vegetarian,60,180,Saturday,Dinner,New,6,3,May,2025,5,31,5,1
2073,2025-05-31 20:55:21.304260854,Chicken Fried Rice,2,Chicken,160,320,Saturday,Dinner,Regular,3,1,May,2025,5,31,5,1
2074,2025-05-31 22:40:12.482496500,Noodles,1,Vegetarian,110,110,Saturday,Dinner,New,3,2,May,2025,5,31,5,1
2075,2025-06-01 00:25:03.660732148,Parotta,4,Vegetarian,60,240,Sunday,Dinner,Regular,6,2,June,2025,6,1,6,1
2076,2025-06-01 02:09:54.838967794,Paneer Butter Masala,5,Vegetarian,170,850,Sunday,Lunch,Regular,6,1,June,2025,6,1,6,1
2077,2025-06-01 03:54:46.017203442,Chicken Noodles,5,Chicken,150,750,Sunday,Breakfast,Regular,6,1,June,2025,6,1,6,1
2078,2025-06-01 05:39:37.195439088,Mutton Biryani,3,Mutton,240,720,Sunday,Lunch,Regular,3,0,June,2025,6,1,6,1
2079,2025-06-01 07:24:28.373674736,Chicken Noodles,1,Chicken,150,150,Sunday,Lunch,Regular,1,0,June,2025,6,1,6,1
2080,2025-06-01 09:09:19.551910384,Veg Meals,4,Vegetarian,100,400,Sunday,Dinner,Regular,7,3,June,2025,6,1,6,1
2081,2025-06-01 10:54:10.730146030,Veg Biryani,1,Vegetarian,130,130,Sunday,Lunch,Regular,1,0,June,2025,6,1,6,1
2082,2025-06-01 12:39:01.908381678,Idli,5,Vegetarian,40,200,Sunday,Lunch,Regular,7,2,June,2025,6,1,6,1
2083,2025-06-01 14:23:53.086617324,Dosa,1,Vegetarian,50,50,Sunday,Lunch,New,1,0,June,2025,6,1,6,1
2084,2025-06-01 16:08:44.264852972,Chicken Fried Rice,4,Chicken,160,640,Sunday,Breakfast,New,7,3,June,2025,6,1,6,1
2085,2025-06-01 17:53:35.443088618,Noodles,3,Vegetarian,110,330,Sunday,Dinner,New,6,3,June,2025,6,1,6,1
2086,2025-06-01 19:38:26.621324266,Noodles,2,Vegetarian,110,220,Sunday,Dinner,New,3,1,June,2025,6,1,6,1
2087,2025-06-01 21:23:17.799559912,Veg Meals,1,Vegetarian,100,100,Sunday,Breakfast,Regular,4,3,June,2025,6,1,6,1
2088,2025-06-01 23:08:08.977795560,Chicken Grill,2,Chicken,220,440,Sunday,Lunch,New,3,1,June,2025,6,1,6,1
2089,2025-06-02 00:53:00.156031208,Paneer Butter Masala,5,Vegetarian,170,850,Monday,Lunch,New,7,2,June,2025,6,2,0,0
2090,2025-06-02 02:37:51.334266854,Mutton Biryani,3,Mutton,240,720,Monday,Breakfast,New,5,2,June,2025,6,2,0,0
2091,2025-06-02 04:22:42.512502502,Chicken 65,3,Chicken,140,420,Monday,Breakfast,Regular,3,0,June,2025,6,2,0,0
2092,2025-06-02 06:07:33.690738148,Chicken 65,1,Chicken,140,140,Monday,Dinner,Regular,4,3,June,2025,6,2,0,0
2093,2025-06-02 07:52:24.868973796,Chicken 65,3,Chicken,140,420,Monday,Lunch,Regular,5,2,June,2025,6,2,0,0
2094,2025-06-02 09:37:16.047209442,Chicken Fried Rice,1,Chicken,160,160,Monday,Lunch,Regular,2,1,June,2025,6,2,0,0
2095,2025-06-02 11:22:07.225445090,Chicken 65,1,Chicken,140,140,Monday,Breakfast,New,4,3,June,2025,6,2,0,0
2096,2025-06-02 13:06:58.403680738,Fried Rice,2,Vegetarian,120,240,Monday,Dinner,Regular,5,3,June,2025,6,2,0,0
2097,2025-06-02 14:51:49.581916384,Chicken Biryani,3,Chicken,180,540,Monday,Dinner,Regular,4,1,June,2025,6,2,0,0
2098,2025-06-02 16:36:40.760152032,Noodles,1,Vegetarian,110,110,Monday,Dinner,New,4,3,June,2025,6,2,0,0
2099,2025-06-02 18:21:31.938387678,Mutton Biryani,2,Mutton,240,480,Monday,Breakfast,Regular,5,3,June,2025,6,2,0,0
2100,2025-06-02 20:06:23.116623326,Chicken Biryani,4,Chicken,180,720,Monday,Dinner,Regular,6,2,June,2025,6,2,0,0
2101,2025-06-02 21:51:14.294858972,Idli,2,Vegetarian,40,80,Monday,Lunch,Regular,3,1,June,2025,6,2,0,0
2102,2025-06-02 23:36:05.473094620,Mutton Biryani,2,Mutton,240,480,Monday,Lunch,Regular,4,2,June,2025,6,2,0,0
2103,2025-06-03 01:20:56.651330268,Chicken Biryani,1,Chicken,180,180,Tuesday,Lunch,New,2,1,June,2025,6,3,1,0
2104,2025-06-03 03:05:47.829565914,Mutton Biryani,5,Mutton,240,1200,Tuesday,Lunch,New,5,0,June,2025,6,3,1,0
2105,2025-06-03 04:50:39.007801562,Idli,5,Vegetarian,40,200,Tuesday,Dinner,New,8,3,June,2025,6,3,1,0
2106,2025-06-03 06:35:30.186037208,Parotta,5,Vegetarian,60,300,Tuesday,Dinner,New,8,3,June,2025,6,3,1,0
2107,2025-06-03 08:20:21.364272856,Fried Rice,2,Vegetarian,120,240,Tuesday,Lunch,New,4,2,June,2025,6,3,1,0
2108,2025-06-03 10:05:12.542508502,Chicken Fried Rice,1,Chicken,160,160,Tuesday,Dinner,Regular,4,3,June,2025,6,3,1,0
2109,2025-06-03 11:50:03.720744150,Chicken Fried Rice,3,Chicken,160,480,Tuesday,Dinner,New,6,3,June,2025,6,3,1,0
2110,2025-06-03 13:34:54.898979796,Veg Meals,2,Vegetarian,100,200,Tuesday,Dinner,Regular,4,2,June,2025,6,3,1,0
2111,2025-06-03 15:19:46.077215444,Paneer Butter Masala,2,Vegetarian,170,340,Tuesday,Lunch,Regular,4,2,June,2025,6,3,1,0
2112,2025-06-03 17:04:37.255451092,Noodles,1,Vegetarian,110,110,Tuesday,Lunch,Regular,2,1,June,2025,6,3,1,0
2113,2025-06-03 18:49:28.433686738,Chicken 65,4,Chicken,140,560,Tuesday,Lunch,Regular,4,0,June,2025,6,3,1,0
2114,2025-06-03 20:34:19.611922386,Fried Rice,2,Vegetarian,120,240,Tuesday,Dinner,Regular,4,2,June,2025,6,3,1,0
2115,2025-06-03 22:19:10.790158032,Chicken Noodles,4,Chicken,150,600,Tuesday,Breakfast,Regular,5,1,June,2025,6,3,1,0
2116,2025-06-04 00:04:01.968393680,Chicken 65,4,Chicken,140,560,Wednesday,Lunch,Regular,6,2,June,2025,6,4,2,0
2117,2025-06-04 01:48:53.146629326,Paneer Butter Masala,5,Vegetarian,170,850,Wednesday,Lunch,Regular,6,1,June,2025,6,4,2,0
2118,2025-06-04 03:33:44.324864974,Noodles,1,Vegetarian,110,110,Wednesday,Lunch,Regular,1,0,June,2025,6,4,2,0
2119,2025-06-04 05:18:35.503100622,Veg Biryani,4,Vegetarian,130,520,Wednesday,Dinner,New,5,1,June,2025,6,4,2,0
2120,2025-06-04 07:03:26.681336268,Paneer Butter Masala,1,Vegetarian,170,170,Wednesday,Dinner,Regular,2,1,June,2025,6,4,2,0
2121,2025-06-04 08:48:17.859571916,Fried Rice,5,Vegetarian,120,600,Wednesday,Dinner,Regular,8,3,June,2025,6,4,2,0
2122,2025-06-04 10:33:09.037807562,Chicken Biryani,1,Chicken,180,180,Wednesday,Dinner,Regular,3,2,June,2025,6,4,2,0
2123,2025-06-04 12:18:00.216043210,Mutton Biryani,2,Mutton,240,480,Wednesday,Lunch,New,3,1,June,2025,6,4,2,0
2124,2025-06-04 14:02:51.394278856,Chicken Noodles,4,Chicken,150,600,Wednesday,Lunch,Regular,6,2,June,2025,6,4,2,0
2125,2025-06-04 15:47:42.572514504,Fried Rice,1,Vegetarian,120,120,Wednesday,Lunch,Regular,2,1,June,2025,6,4,2,0
2126,2025-06-04 17:32:33.750750152,Idli,3,Vegetarian,40,120,Wednesday,Breakfast,New,6,3,June,2025,6,4,2,0
2127,2025-06-04 19:17:24.928985798,Veg Biryani,1,Vegetarian,130,130,Wednesday,Lunch,Regular,4,3,June,2025,6,4,2,0
2128,2025-06-04 21:02:16.107221446,Idli,4,Vegetarian,40,160,Wednesday,Dinner,Regular,4,0,June,2025,6,4,2,0
2129,2025-06-04 22:47:07.285457092,Chicken Fried Rice,5,Chicken,160,800,Wednesday,Lunch,Regular,6,1,June,2025,6,4,2,0
2130,2025-06-05 00:31:58.463692740,Veg Meals,5,Vegetarian,100,500,Thursday,Dinner,Regular,8,3,June,2025,6,5,3,0
2131,2025-06-05 02:16:49.641928386,Chicken Fried Rice,4,Chicken,160,640,Thursday,Lunch,Regular,6,2,June,2025,6,5,3,0
2132,2025-06-05 04:01:40.820164034,Paneer Butter Masala,2,Vegetarian,170,340,Thursday,Breakfast,Regular,3,1,June,2025,6,5,3,0
2133,2025-06-05 05:46:31.998399680,Chicken 65,2,Chicken,140,280,Thursday,Breakfast,New,3,1,June,2025,6,5,3,0
2134,2025-06-05 07:31:23.176635328,Chicken Biryani,5,Chicken,180,900,Thursday,Lunch,Regular,5,0,June,2025,6,5,3,0
2135,2025-06-05 09:16:14.354870976,Chicken Noodles,5,Chicken,150,750,Thursday,Lunch,Regular,7,2,June,2025,6,5,3,0
2136,2025-06-05 11:01:05.533106622,Paneer Butter Masala,4,Vegetarian,170,680,Thursday,Breakfast,Regular,4,0,June,2025,6,5,3,0
2137,2025-06-05 12:45:56.711342270,Dosa,2,Vegetarian,50,100,Thursday,Lunch,Regular,3,1,June,2025,6,5,3,0
2138,2025-06-05 14:30:47.889577916,Veg Biryani,5,Vegetarian,130,650,Thursday,Lunch,New,5,0,June,2025,6,5,3,0
2139,2025-06-05 16:15:39.067813564,Veg Biryani,2,Vegetarian,130,260,Thursday,Lunch,Regular,3,1,June,2025,6,5,3,0
2140,2025-06-05 18:00:30.246049210,Paneer Butter Masala,5,Vegetarian,170,850,Thursday,Dinner,New,6,1,June,2025,6,5,3,0
2141,2025-06-05 19:45:21.424284858,Paneer Butter Masala,1,Vegetarian,170,170,Thursday,Dinner,New,1,0,June,2025,6,5,3,0
2142,2025-06-05 21:30:12.602520506,Fried Rice,3,Vegetarian,120,360,Thursday,Lunch,New,3,0,June,2025,6,5,3,0
2143,2025-06-05 23:15:03.780756152,Chicken 65,1,Chicken,140,140,Thursday,Dinner,New,2,1,June,2025,6,5,3,0
2144,2025-06-06 00:59:54.958991800,Chicken Fried Rice,5,Chicken,160,800,Friday,Dinner,Regular,5,0,June,2025,6,6,4,0
2145,2025-06-06 02:44:46.137227446,Veg Meals,3,Vegetarian,100,300,Friday,Dinner,New,3,0,June,2025,6,6,4,0
2146,2025-06-06 04:29:37.315463094,Chicken 65,3,Chicken,140,420,Friday,Lunch,New,4,1,June,2025,6,6,4,0
2147,2025-06-06 06:14:28.493698740,Mutton Biryani,5,Mutton,240,1200,Friday,Breakfast,Regular,7,2,June,2025,6,6,4,0
2148,2025-06-06 07:59:19.671934388,Fried Rice,5,Vegetarian,120,600,Friday,Dinner,Regular,5,0,June,2025,6,6,4,0
2149,2025-06-06 09:44:10.850170034,Fried Rice,2,Vegetarian,120,240,Friday,Lunch,New,2,0,June,2025,6,6,4,0
2150,2025-06-06 11:29:02.028405682,Chicken Noodles,5,Chicken,150,750,Friday,Dinner,New,8,3,June,2025,6,6,4,0
2151,2025-06-06 13:13:53.206641330,Chicken Biryani,4,Chicken,180,720,Friday,Dinner,New,6,2,June,2025,6,6,4,0
2152,2025-06-06 14:58:44.384876976,Veg Meals,5,Vegetarian,100,500,Friday,Lunch,New,5,0,June,2025,6,6,4,0
2153,2025-06-06 16:43:35.563112624,Noodles,4,Vegetarian,110,440,Friday,Lunch,New,5,1,June,2025,6,6,4,0
2154,2025-06-06 18:28:26.741348270,Parotta,5,Vegetarian,60,300,Friday,Lunch,Regular,8,3,June,2025,6,6,4,0
2155,2025-06-06 20:13:17.919583918,Noodles,2,Vegetarian,110,220,Friday,Lunch,New,5,3,June,2025,6,6,4,0
2156,2025-06-06 21:58:09.097819564,Paneer Butter Masala,4,Vegetarian,170,680,Friday,Lunch,Regular,7,3,June,2025,6,6,4,0
2157,2025-06-06 23:43:00.276055212,Chicken Grill,1,Chicken,220,220,Friday,Lunch,Regular,1,0,June,2025,6,6,4,0
2158,2025-06-07 01:27:51.454290860,Chicken Grill,4,Chicken,220,880,Saturday,Lunch,Regular,5,1,June,2025,6,7,5,1
2159,2025-06-07 03:12:42.632526506,Fried Rice,2,Vegetarian,120,240,Saturday,Breakfast,Regular,5,3,June,2025,6,7,5,1
2160,2025-06-07 04:57:33.810762154,Chicken 65,4,Chicken,140,560,Saturday,Dinner,Regular,6,2,June,2025,6,7,5,1
2161,2025-06-07 06:42:24.988997800,Mutton Biryani,5,Mutton,240,1200,Saturday,Breakfast,Regular,8,3,June,2025,6,7,5,1
2162,2025-06-07 08:27:16.167233448,Chicken Noodles,5,Chicken,150,750,Saturday,Dinner,Regular,8,3,June,2025,6,7,5,1
2163,2025-06-07 10:12:07.345469094,Dosa,2,Vegetarian,50,100,Saturday,Dinner,New,4,2,June,2025,6,7,5,1
2164,2025-06-07 11:56:58.523704742,Chicken Grill,3,Chicken,220,660,Saturday,Lunch,New,6,3,June,2025,6,7,5,1
2165,2025-06-07 13:41:49.701940390,Chicken Noodles,5,Chicken,150,750,Saturday,Dinner,Regular,8,3,June,2025,6,7,5,1
2166,2025-06-07 15:26:40.880176036,Fried Rice,1,Vegetarian,120,120,Saturday,Lunch,Regular,3,2,June,2025,6,7,5,1
2167,2025-06-07 17:11:32.058411684,Chicken Biryani,2,Chicken,180,360,Saturday,Dinner,Regular,2,0,June,2025,6,7,5,1
2168,2025-06-07 18:56:23.236647330,Idli,4,Vegetarian,40,160,Saturday,Lunch,Regular,6,2,June,2025,6,7,5,1
2169,2025-06-07 20:41:14.414882978,Noodles,4,Vegetarian,110,440,Saturday,Lunch,Regular,4,0,June,2025,6,7,5,1
2170,2025-06-07 22:26:05.593118624,Mutton Biryani,1,Mutton,240,240,Saturday,Lunch,Regular,1,0,June,2025,6,7,5,1
2171,2025-06-08 00:10:56.771354272,Chicken Fried Rice,5,Chicken,160,800,Sunday,Lunch,Regular,5,0,June,2025,6,8,6,1
2172,2025-06-08 01:55:47.949589918,Paneer Butter Masala,2,Vegetarian,170,340,Sunday,Lunch,Regular,4,2,June,2025,6,8,6,1
2173,2025-06-08 03:40:39.127825566,Chicken Noodles,1,Chicken,150,150,Sunday,Lunch,Regular,3,2,June,2025,6,8,6,1
2174,2025-06-08 05:25:30.306061214,Chicken Biryani,5,Chicken,180,900,Sunday,Lunch,Regular,5,0,June,2025,6,8,6,1
2175,2025-06-08 07:10:21.484296860,Dosa,2,Vegetarian,50,100,Sunday,Breakfast,New,4,2,June,2025,6,8,6,1
2176,2025-06-08 08:55:12.662532508,Parotta,4,Vegetarian,60,240,Sunday,Breakfast,Regular,4,0,June,2025,6,8,6,1
2177,2025-06-08 10:40:03.840768154,Noodles,2,Vegetarian,110,220,Sunday,Lunch,New,4,2,June,2025,6,8,6,1
2178,2025-06-08 12:24:55.019003802,Chicken Fried Rice,3,Chicken,160,480,Sunday,Breakfast,New,4,1,June,2025,6,8,6,1
2179,2025-06-08 14:09:46.197239448,Noodles,2,Vegetarian,110,220,Sunday,Breakfast,Regular,4,2,June,2025,6,8,6,1
2180,2025-06-08 15:54:37.375475096,Fried Rice,3,Vegetarian,120,360,Sunday,Dinner,New,5,2,June,2025,6,8,6,1
2181,2025-06-08 17:39:28.553710744,Parotta,2,Vegetarian,60,120,Sunday,Breakfast,Regular,4,2,June,2025,6,8,6,1
2182,2025-06-08 19:24:19.731946390,Noodles,3,Vegetarian,110,330,Sunday,Dinner,New,3,0,June,2025,6,8,6,1
2183,2025-06-08 21:09:10.910182038,Veg Meals,4,Vegetarian,100,400,Sunday,Lunch,Regular,4,0,June,2025,6,8,6,1
2184,2025-06-08 22:54:02.088417684,Dosa,5,Vegetarian,50,250,Sunday,Dinner,New,6,1,June,2025,6,8,6,1
2185,2025-06-09 00:38:53.266653332,Chicken Biryani,3,Chicken,180,540,Monday,Lunch,Regular,4,1,June,2025,6,9,0,0
2186,2025-06-09 02:23:44.444888978,Paneer Butter Masala,3,Vegetarian,170,510,Monday,Lunch,New,6,3,June,2025,6,9,0,0
2187,2025-06-09 04:08:35.623124626,Chicken Grill,4,Chicken,220,880,Monday,Lunch,Regular,5,1,June,2025,6,9,0,0
2188,2025-06-09 05:53:26.801360274,Parotta,3,Vegetarian,60,180,Monday,Lunch,New,3,0,June,2025,6,9,0,0
2189,2025-06-09 07:38:17.979595920,Fried Rice,1,Vegetarian,120,120,Monday,Lunch,Regular,2,1,June,2025,6,9,0,0
2190,2025-06-09 09:23:09.157831568,Veg Meals,4,Vegetarian,100,400,Monday,Breakfast,New,5,1,June,2025,6,9,0,0
2191,2025-06-09 11:08:00.336067214,Chicken Fried Rice,1,Chicken,160,160,Monday,Dinner,New,3,2,June,2025,6,9,0,0
2192,2025-06-09 12:52:51.514302862,Chicken 65,4,Chicken,140,560,Monday,Lunch,New,5,1,June,2025,6,9,0,0
2193,2025-06-09 14:37:42.692538508,Veg Biryani,3,Vegetarian,130,390,Monday,Lunch,Regular,6,3,June,2025,6,9,0,0
2194,2025-06-09 16:22:33.870774156,Chicken Noodles,1,Chicken,150,150,Monday,Dinner,Regular,3,2,June,2025,6,9,0,0
2195,2025-06-09 18:07:25.049009802,Paneer Butter Masala,3,Vegetarian,170,510,Monday,Lunch,Regular,3,0,June,2025,6,9,0,0
2196,2025-06-09 19:52:16.227245450,Noodles,4,Vegetarian,110,440,Monday,Dinner,New,7,3,June,2025,6,9,0,0
2197,2025-06-09 21:37:07.405481098,Chicken Grill,3,Chicken,220,660,Monday,Lunch,Regular,3,0,June,2025,6,9,0,0
2198,2025-06-09 23:21:58.583716744,Parotta,1,Vegetarian,60,60,Monday,Dinner,Regular,4,3,June,2025,6,9,0,0
2199,2025-06-10 01:06:49.761952392,Noodles,1,Vegetarian,110,110,Tuesday,Breakfast,New,3,2,June,2025,6,10,1,0
2200,2025-06-10 02:51:40.940188038,Idli,3,Vegetarian,40,120,Tuesday,Dinner,Regular,6,3,June,2025,6,10,1,0
2201,2025-06-10 04:36:32.118423686,Chicken Noodles,2,Chicken,150,300,Tuesday,Dinner,Regular,5,3,June,2025,6,10,1,0
2202,2025-06-10 06:21:23.296659332,Chicken 65,4,Chicken,140,560,Tuesday,Lunch,New,5,1,June,2025,6,10,1,0
2203,2025-06-10 08:06:14.474894980,Veg Meals,4,Vegetarian,100,400,Tuesday,Breakfast,New,4,0,June,2025,6,10,1,0
2204,2025-06-10 09:51:05.653130628,Dosa,3,Vegetarian,50,150,Tuesday,Lunch,New,5,2,June,2025,6,10,1,0
2205,2025-06-10 11:35:56.831366274,Veg Meals,2,Vegetarian,100,200,Tuesday,Dinner,Regular,5,3,June,2025,6,10,1,0
2206,2025-06-10 13:20:48.009601922,Veg Meals,1,Vegetarian,100,100,Tuesday,Lunch,New,1,0,June,2025,6,10,1,0
2207,2025-06-10 15:05:39.187837568,Veg Biryani,5,Vegetarian,130,650,Tuesday,Lunch,New,5,0,June,2025,6,10,1,0
2208,2025-06-10 16:50:30.366073216,Chicken Biryani,5,Chicken,180,900,Tuesday,Breakfast,New,6,1,June,2025,6,10,1,0
2209,2025-06-10 18:35:21.544308862,Veg Meals,3,Vegetarian,100,300,Tuesday,Lunch,New,3,0,June,2025,6,10,1,0
2210,2025-06-10 20:20:12.722544510,Noodles,2,Vegetarian,110,220,Tuesday,Lunch,New,4,2,June,2025,6,10,1,0
2211,2025-06-10 22:05:03.900780158,Chicken 65,2,Chicken,140,280,Tuesday,Dinner,Regular,3,1,June,2025,6,10,1,0
2212,2025-06-10 23:49:55.079015804,Chicken 65,4,Chicken,140,560,Tuesday,Lunch,New,7,3,June,2025,6,10,1,0
2213,2025-06-11 01:34:46.257251452,Dosa,1,Vegetarian,50,50,Wednesday,Dinner,Regular,3,2,June,2025,6,11,2,0
2214,2025-06-11 03:19:37.435487098,Mutton Biryani,2,Mutton,240,480,Wednesday,Lunch,Regular,4,2,June,2025,6,11,2,0
2215,2025-06-11 05:04:28.613722746,Dosa,5,Vegetarian,50,250,Wednesday,Breakfast,Regular,7,2,June,2025,6,11,2,0
2216,2025-06-11 06:49:19.791958392,Noodles,1,Vegetarian,110,110,Wednesday,Lunch,Regular,2,1,June,2025,6,11,2,0
2217,2025-06-11 08:34:10.970194040,Mutton Biryani,1,Mutton,240,240,Wednesday,Lunch,New,1,0,June,2025,6,11,2,0
2218,2025-06-11 10:19:02.148429686,Mutton Biryani,3,Mutton,240,720,Wednesday,Dinner,Regular,5,2,June,2025,6,11,2,0
2219,2025-06-11 12:03:53.326665334,Chicken Grill,2,Chicken,220,440,Wednesday,Dinner,Regular,2,0,June,2025,6,11,2,0
2220,2025-06-11 13:48:44.504900982,Chicken Grill,3,Chicken,220,660,Wednesday,Lunch,Regular,3,0,June,2025,6,11,2,0
2221,2025-06-11 15:33:35.683136628,Chicken Fried Rice,2,Chicken,160,320,Wednesday,Lunch,Regular,4,2,June,2025,6,11,2,0
2222,2025-06-11 17:18:26.861372276,Parotta,4,Vegetarian,60,240,Wednesday,Lunch,Regular,4,0,June,2025,6,11,2,0
2223,2025-06-11 19:03:18.039607922,Parotta,3,Vegetarian,60,180,Wednesday,Dinner,Regular,4,1,June,2025,6,11,2,0
2224,2025-06-11 20:48:09.217843570,Fried Rice,3,Vegetarian,120,360,Wednesday,Dinner,Regular,4,1,June,2025,6,11,2,0
2225,2025-06-11 22:33:00.396079216,Paneer Butter Masala,5,Vegetarian,170,850,Wednesday,Dinner,Regular,8,3,June,2025,6,11,2,0
2226,2025-06-12 00:17:51.574314864,Chicken Biryani,3,Chicken,180,540,Thursday,Lunch,Regular,3,0,June,2025,6,12,3,0
2227,2025-06-12 02:02:42.752550512,Parotta,2,Vegetarian,60,120,Thursday,Lunch,Regular,2,0,June,2025,6,12,3,0
2228,2025-06-12 03:47:33.930786158,Chicken Grill,5,Chicken,220,1100,Thursday,Lunch,Regular,8,3,June,2025,6,12,3,0
2229,2025-06-12 05:32:25.109021806,Chicken Fried Rice,3,Chicken,160,480,Thursday,Lunch,Regular,4,1,June,2025,6,12,3,0
2230,2025-06-12 07:17:16.287257452,Veg Meals,3,Vegetarian,100,300,Thursday,Lunch,New,6,3,June,2025,6,12,3,0
2231,2025-06-12 09:02:07.465493100,Chicken Fried Rice,4,Chicken,160,640,Thursday,Breakfast,Regular,7,3,June,2025,6,12,3,0
2232,2025-06-12 10:46:58.643728746,Veg Meals,3,Vegetarian,100,300,Thursday,Breakfast,New,6,3,June,2025,6,12,3,0
2233,2025-06-12 12:31:49.821964394,Mutton Biryani,1,Mutton,240,240,Thursday,Dinner,Regular,1,0,June,2025,6,12,3,0
2234,2025-06-12 14:16:41.000200042,Fried Rice,5,Vegetarian,120,600,Thursday,Dinner,New,5,0,June,2025,6,12,3,0
2235,2025-06-12 16:01:32.178435688,Paneer Butter Masala,1,Vegetarian,170,170,Thursday,Lunch,New,1,0,June,2025,6,12,3,0
2236,2025-06-12 17:46:23.356671336,Dosa,5,Vegetarian,50,250,Thursday,Lunch,Regular,5,0,June,2025,6,12,3,0
2237,2025-06-12 19:31:14.534906982,Chicken Biryani,4,Chicken,180,720,Thursday,Lunch,New,6,2,June,2025,6,12,3,0
2238,2025-06-12 21:16:05.713142630,Noodles,3,Vegetarian,110,330,Thursday,Dinner,Regular,6,3,June,2025,6,12,3,0
2239,2025-06-12 23:00:56.891378276,Mutton Biryani,3,Mutton,240,720,Thursday,Dinner,Regular,6,3,June,2025,6,12,3,0
2240,2025-06-13 00:45:48.069613924,Dosa,3,Vegetarian,50,150,Friday,Dinner,New,3,0,June,2025,6,13,4,0
2241,2025-06-13 02:30:39.247849570,Parotta,5,Vegetarian,60,300,Friday,Dinner,New,6,1,June,2025,6,13,4,0
2242,2025-06-13 04:15:30.426085218,Fried Rice,3,Vegetarian,120,360,Friday,Lunch,Regular,5,2,June,2025,6,13,4,0
2243,2025-06-13 06:00:21.604320866,Mutton Biryani,1,Mutton,240,240,Friday,Lunch,New,3,2,June,2025,6,13,4,0
2244,2025-06-13 07:45:12.782556512,Chicken Noodles,3,Chicken,150,450,Friday,Lunch,Regular,4,1,June,2025,6,13,4,0
2245,2025-06-13 09:30:03.960792160,Parotta,4,Vegetarian,60,240,Friday,Lunch,Regular,4,0,June,2025,6,13,4,0
2246,2025-06-13 11:14:55.139027806,Dosa,1,Vegetarian,50,50,Friday,Dinner,New,3,2,June,2025,6,13,4,0
2247,2025-06-13 12:59:46.317263454,Chicken Biryani,3,Chicken,180,540,Friday,Lunch,New,5,2,June,2025,6,13,4,0
2248,2025-06-13 14:44:37.495499100,Noodles,3,Vegetarian,110,330,Friday,Breakfast,Regular,6,3,June,2025,6,13,4,0
2249,2025-06-13 16:29:28.673734748,Dosa,2,Vegetarian,50,100,Friday,Lunch,Regular,5,3,June,2025,6,13,4,0
2250,2025-06-13 18:14:19.851970396,Veg Meals,5,Vegetarian,100,500,Friday,Dinner,New,5,0,June,2025,6,13,4,0
2251,2025-06-13 19:59:11.030206042,Mutton Biryani,1,Mutton,240,240,Friday,Lunch,New,1,0,June,2025,6,13,4,0
2252,2025-06-13 21:44:02.208441690,Mutton Biryani,2,Mutton,240,480,Friday,Dinner,Regular,5,3,June,2025,6,13,4,0
2253,2025-06-13 23:28:53.386677336,Noodles,4,Vegetarian,110,440,Friday,Lunch,Regular,7,3,June,2025,6,13,4,0
2254,2025-06-14 01:13:44.564912984,Chicken 65,5,Chicken,140,700,Saturday,Breakfast,Regular,8,3,June,2025,6,14,5,1
2255,2025-06-14 02:58:35.743148630,Chicken Biryani,1,Chicken,180,180,Saturday,Lunch,Regular,2,1,June,2025,6,14,5,1
2256,2025-06-14 04:43:26.921384278,Idli,3,Vegetarian,40,120,Saturday,Dinner,Regular,5,2,June,2025,6,14,5,1
2257,2025-06-14 06:28:18.099619926,Parotta,1,Vegetarian,60,60,Saturday,Lunch,Regular,1,0,June,2025,6,14,5,1
2258,2025-06-14 08:13:09.277855572,Chicken Fried Rice,3,Chicken,160,480,Saturday,Dinner,Regular,3,0,June,2025,6,14,5,1
2259,2025-06-14 09:58:00.456091220,Noodles,5,Vegetarian,110,550,Saturday,Lunch,Regular,6,1,June,2025,6,14,5,1
2260,2025-06-14 11:42:51.634326866,Chicken Biryani,3,Chicken,180,540,Saturday,Breakfast,Regular,6,3,June,2025,6,14,5,1
2261,2025-06-14 13:27:42.812562514,Chicken Fried Rice,4,Chicken,160,640,Saturday,Dinner,Regular,6,2,June,2025,6,14,5,1
2262,2025-06-14 15:12:33.990798160,Chicken Biryani,3,Chicken,180,540,Saturday,Lunch,Regular,6,3,June,2025,6,14,5,1
2263,2025-06-14 16:57:25.169033808,Chicken Biryani,4,Chicken,180,720,Saturday,Lunch,Regular,4,0,June,2025,6,14,5,1
2264,2025-06-14 18:42:16.347269454,Dosa,5,Vegetarian,50,250,Saturday,Dinner,Regular,6,1,June,2025,6,14,5,1
2265,2025-06-14 20:27:07.525505102,Paneer Butter Masala,5,Vegetarian,170,850,Saturday,Lunch,New,7,2,June,2025,6,14,5,1
2266,2025-06-14 22:11:58.703740750,Veg Meals,1,Vegetarian,100,100,Saturday,Dinner,New,3,2,June,2025,6,14,5,1
2267,2025-06-14 23:56:49.881976396,Chicken Biryani,4,Chicken,180,720,Saturday,Breakfast,Regular,6,2,June,2025,6,14,5,1
2268,2025-06-15 01:41:41.060212044,Paneer Butter Masala,4,Vegetarian,170,680,Sunday,Lunch,New,6,2,June,2025,6,15,6,1
2269,2025-06-15 03:26:32.238447690,Chicken 65,2,Chicken,140,280,Sunday,Breakfast,Regular,3,1,June,2025,6,15,6,1
2270,2025-06-15 05:11:23.416683338,Idli,2,Vegetarian,40,80,Sunday,Dinner,New,2,0,June,2025,6,15,6,1
2271,2025-06-15 06:56:14.594918984,Mutton Biryani,2,Mutton,240,480,Sunday,Lunch,Regular,4,2,June,2025,6,15,6,1
2272,2025-06-15 08:41:05.773154632,Veg Biryani,3,Vegetarian,130,390,Sunday,Dinner,New,5,2,June,2025,6,15,6,1
2273,2025-06-15 10:25:56.951390280,Chicken Fried Rice,2,Chicken,160,320,Sunday,Dinner,Regular,2,0,June,2025,6,15,6,1
2274,2025-06-15 12:10:48.129625926,Mutton Biryani,4,Mutton,240,960,Sunday,Lunch,Regular,7,3,June,2025,6,15,6,1
2275,2025-06-15 13:55:39.307861574,Veg Biryani,3,Vegetarian,130,390,Sunday,Lunch,New,5,2,June,2025,6,15,6,1
2276,2025-06-15 15:40:30.486097220,Idli,5,Vegetarian,40,200,Sunday,Lunch,Regular,7,2,June,2025,6,15,6,1
2277,2025-06-15 17:25:21.664332868,Veg Meals,1,Vegetarian,100,100,Sunday,Lunch,New,4,3,June,2025,6,15,6,1
2278,2025-06-15 19:10:12.842568514,Idli,2,Vegetarian,40,80,Sunday,Lunch,New,2,0,June,2025,6,15,6,1
2279,2025-06-15 20:55:04.020804162,Chicken Fried Rice,5,Chicken,160,800,Sunday,Dinner,Regular,5,0,June,2025,6,15,6,1
2280,2025-06-15 22:39:55.199039810,Chicken Fried Rice,4,Chicken,160,640,Sunday,Dinner,New,6,2,June,2025,6,15,6,1
2281,2025-06-16 00:24:46.377275456,Idli,1,Vegetarian,40,40,Monday,Dinner,Regular,1,0,June,2025,6,16,0,0
2282,2025-06-16 02:09:37.555511104,Veg Biryani,5,Vegetarian,130,650,Monday,Dinner,New,8,3,June,2025,6,16,0,0
2283,2025-06-16 03:54:28.733746750,Noodles,1,Vegetarian,110,110,Monday,Dinner,Regular,2,1,June,2025,6,16,0,0
2284,2025-06-16 05:39:19.911982398,Chicken Biryani,2,Chicken,180,360,Monday,Lunch,Regular,5,3,June,2025,6,16,0,0
2285,2025-06-16 07:24:11.090218044,Parotta,4,Vegetarian,60,240,Monday,Dinner,Regular,7,3,June,2025,6,16,0,0
2286,2025-06-16 09:09:02.268453692,Fried Rice,1,Vegetarian,120,120,Monday,Dinner,Regular,2,1,June,2025,6,16,0,0
2287,2025-06-16 10:53:53.446689338,Paneer Butter Masala,5,Vegetarian,170,850,Monday,Lunch,Regular,8,3,June,2025,6,16,0,0
2288,2025-06-16 12:38:44.624924986,Chicken Noodles,2,Chicken,150,300,Monday,Dinner,Regular,4,2,June,2025,6,16,0,0
2289,2025-06-16 14:23:35.803160634,Fried Rice,2,Vegetarian,120,240,Monday,Lunch,Regular,4,2,June,2025,6,16,0,0
2290,2025-06-16 16:08:26.981396280,Mutton Biryani,5,Mutton,240,1200,Monday,Dinner,New,5,0,June,2025,6,16,0,0
2291,2025-06-16 17:53:18.159631928,Dosa,5,Vegetarian,50,250,Monday,Dinner,Regular,5,0,June,2025,6,16,0,0
2292,2025-06-16 19:38:09.337867574,Mutton Biryani,1,Mutton,240,240,Monday,Dinner,New,4,3,June,2025,6,16,0,0
2293,2025-06-16 21:23:00.516103222,Dosa,3,Vegetarian,50,150,Monday,Lunch,New,5,2,June,2025,6,16,0,0
2294,2025-06-16 23:07:51.694338868,Veg Biryani,2,Vegetarian,130,260,Monday,Dinner,Regular,4,2,June,2025,6,16,0,0
2295,2025-06-17 00:52:42.872574516,Dosa,1,Vegetarian,50,50,Tuesday,Lunch,Regular,2,1,June,2025,6,17,1,0
2296,2025-06-17 02:37:34.050810164,Chicken Fried Rice,5,Chicken,160,800,Tuesday,Lunch,Regular,5,0,June,2025,6,17,1,0
2297,2025-06-17 04:22:25.229045810,Noodles,1,Vegetarian,110,110,Tuesday,Dinner,Regular,3,2,June,2025,6,17,1,0
2298,2025-06-17 06:07:16.407281458,Parotta,5,Vegetarian,60,300,Tuesday,Lunch,New,8,3,June,2025,6,17,1,0
2299,2025-06-17 07:52:07.585517104,Parotta,4,Vegetarian,60,240,Tuesday,Dinner,New,6,2,June,2025,6,17,1,0
2300,2025-06-17 09:36:58.763752752,Chicken Fried Rice,5,Chicken,160,800,Tuesday,Lunch,New,5,0,June,2025,6,17,1,0
2301,2025-06-17 11:21:49.941988398,Noodles,5,Vegetarian,110,550,Tuesday,Lunch,Regular,8,3,June,2025,6,17,1,0
2302,2025-06-17 13:06:41.120224046,Veg Meals,5,Vegetarian,100,500,Tuesday,Dinner,Regular,5,0,June,2025,6,17,1,0
2303,2025-06-17 14:51:32.298459692,Chicken 65,3,Chicken,140,420,Tuesday,Lunch,New,5,2,June,2025,6,17,1,0
2304,2025-06-17 16:36:23.476695340,Veg Meals,5,Vegetarian,100,500,Tuesday,Breakfast,Regular,7,2,June,2025,6,17,1,0
2305,2025-06-17 18:21:14.654930988,Fried Rice,2,Vegetarian,120,240,Tuesday,Dinner,Regular,4,2,June,2025,6,17,1,0
2306,2025-06-17 20:06:05.833166634,Veg Biryani,2,Vegetarian,130,260,Tuesday,Lunch,Regular,2,0,June,2025,6,17,1,0
2307,2025-06-17 21:50:57.011402282,Fried Rice,1,Vegetarian,120,120,Tuesday,Dinner,Regular,4,3,June,2025,6,17,1,0
2308,2025-06-17 23:35:48.189637928,Chicken 65,3,Chicken,140,420,Tuesday,Lunch,Regular,5,2,June,2025,6,17,1,0
2309,2025-06-18 01:20:39.367873576,Chicken 65,1,Chicken,140,140,Wednesday,Lunch,Regular,3,2,June,2025,6,18,2,0
2310,2025-06-18 03:05:30.546109222,Mutton Biryani,2,Mutton,240,480,Wednesday,Lunch,New,4,2,June,2025,6,18,2,0
2311,2025-06-18 04:50:21.724344870,Idli,2,Vegetarian,40,80,Wednesday,Lunch,New,3,1,June,2025,6,18,2,0
2312,2025-06-18 06:35:12.902580518,Mutton Biryani,4,Mutton,240,960,Wednesday,Lunch,New,5,1,June,2025,6,18,2,0
2313,2025-06-18 08:20:04.080816164,Idli,5,Vegetarian,40,200,Wednesday,Lunch,Regular,8,3,June,2025,6,18,2,0
2314,2025-06-18 10:04:55.259051812,Chicken Noodles,2,Chicken,150,300,Wednesday,Lunch,Regular,2,0,June,2025,6,18,2,0
2315,2025-06-18 11:49:46.437287458,Dosa,1,Vegetarian,50,50,Wednesday,Breakfast,Regular,3,2,June,2025,6,18,2,0
2316,2025-06-18 13:34:37.615523106,Noodles,1,Vegetarian,110,110,Wednesday,Lunch,New,3,2,June,2025,6,18,2,0
2317,2025-06-18 15:19:28.793758752,Idli,5,Vegetarian,40,200,Wednesday,Breakfast,Regular,5,0,June,2025,6,18,2,0
2318,2025-06-18 17:04:19.971994400,Veg Meals,5,Vegetarian,100,500,Wednesday,Breakfast,Regular,5,0,June,2025,6,18,2,0
2319,2025-06-18 18:49:11.150230048,Fried Rice,4,Vegetarian,120,480,Wednesday,Dinner,Regular,7,3,June,2025,6,18,2,0
2320,2025-06-18 20:34:02.328465694,Chicken Fried Rice,3,Chicken,160,480,Wednesday,Dinner,Regular,3,0,June,2025,6,18,2,0
2321,2025-06-18 22:18:53.506701342,Mutton Biryani,1,Mutton,240,240,Wednesday,Dinner,Regular,3,2,June,2025,6,18,2,0
2322,2025-06-19 00:03:44.684936988,Noodles,5,Vegetarian,110,550,Thursday,Lunch,New,8,3,June,2025,6,19,3,0
2323,2025-06-19 01:48:35.863172636,Veg Biryani,1,Vegetarian,130,130,Thursday,Dinner,New,2,1,June,2025,6,19,3,0
2324,2025-06-19 03:33:27.041408282,Noodles,5,Vegetarian,110,550,Thursday,Dinner,New,8,3,June,2025,6,19,3,0
2325,2025-06-19 05:18:18.219643930,Paneer Butter Masala,2,Vegetarian,170,340,Thursday,Dinner,Regular,5,3,June,2025,6,19,3,0
2326,2025-06-19 07:03:09.397879576,Dosa,1,Vegetarian,50,50,Thursday,Lunch,New,4,3,June,2025,6,19,3,0
2327,2025-06-19 08:48:00.576115224,Paneer Butter Masala,2,Vegetarian,170,340,Thursday,Dinner,Regular,2,0,June,2025,6,19,3,0
2328,2025-06-19 10:32:51.754350872,Chicken Noodles,1,Chicken,150,150,Thursday,Dinner,Regular,3,2,June,2025,6,19,3,0
2329,2025-06-19 12:17:42.932586518,Idli,3,Vegetarian,40,120,Thursday,Dinner,New,3,0,June,2025,6,19,3,0
2330,2025-06-19 14:02:34.110822166,Chicken Noodles,4,Chicken,150,600,Thursday,Breakfast,Regular,6,2,June,2025,6,19,3,0
2331,2025-06-19 15:47:25.289057812,Veg Biryani,2,Vegetarian,130,260,Thursday,Lunch,New,2,0,June,2025,6,19,3,0
2332,2025-06-19 17:32:16.467293460,Veg Meals,5,Vegetarian,100,500,Thursday,Lunch,Regular,8,3,June,2025,6,19,3,0
2333,2025-06-19 19:17:07.645529106,Chicken 65,3,Chicken,140,420,Thursday,Lunch,Regular,5,2,June,2025,6,19,3,0
2334,2025-06-19 21:01:58.823764754,Paneer Butter Masala,1,Vegetarian,170,170,Thursday,Dinner,New,1,0,June,2025,6,19,3,0
2335,2025-06-19 22:46:50.002000402,Parotta,2,Vegetarian,60,120,Thursday,Breakfast,Regular,5,3,June,2025,6,19,3,0
2336,2025-06-20 00:31:41.180236048,Paneer Butter Masala,1,Vegetarian,170,170,Friday,Breakfast,Regular,2,1,June,2025,6,20,4,0
2337,2025-06-20 02:16:32.358471696,Veg Biryani,1,Vegetarian,130,130,Friday,Lunch,Regular,1,0,June,2025,6,20,4,0
2338,2025-06-20 04:01:23.536707342,Chicken Grill,1,Chicken,220,220,Friday,Breakfast,Regular,1,0,June,2025,6,20,4,0
2339,2025-06-20 05:46:14.714942990,Veg Biryani,4,Vegetarian,130,520,Friday,Lunch,New,5,1,June,2025,6,20,4,0
2340,2025-06-20 07:31:05.893178636,Chicken Noodles,4,Chicken,150,600,Friday,Dinner,Regular,4,0,June,2025,6,20,4,0
2341,2025-06-20 09:15:57.071414284,Noodles,5,Vegetarian,110,550,Friday,Lunch,New,6,1,June,2025,6,20,4,0
2342,2025-06-20 11:00:48.249649932,Chicken Fried Rice,2,Chicken,160,320,Friday,Breakfast,New,4,2,June,2025,6,20,4,0
2343,2025-06-20 12:45:39.427885578,Mutton Biryani,3,Mutton,240,720,Friday,Lunch,New,4,1,June,2025,6,20,4,0
2344,2025-06-20 14:30:30.606121226,Chicken Fried Rice,3,Chicken,160,480,Friday,Lunch,New,6,3,June,2025,6,20,4,0
2345,2025-06-20 16:15:21.784356872,Chicken Noodles,3,Chicken,150,450,Friday,Breakfast,Regular,4,1,June,2025,6,20,4,0
2346,2025-06-20 18:00:12.962592520,Mutton Biryani,1,Mutton,240,240,Friday,Dinner,New,3,2,June,2025,6,20,4,0
2347,2025-06-20 19:45:04.140828166,Chicken Grill,4,Chicken,220,880,Friday,Dinner,Regular,5,1,June,2025,6,20,4,0
2348,2025-06-20 21:29:55.319063814,Parotta,2,Vegetarian,60,120,Friday,Dinner,Regular,3,1,June,2025,6,20,4,0
2349,2025-06-20 23:14:46.497299460,Dosa,1,Vegetarian,50,50,Friday,Dinner,Regular,3,2,June,2025,6,20,4,0
2350,2025-06-21 00:59:37.675535108,Fried Rice,4,Vegetarian,120,480,Saturday,Breakfast,Regular,4,0,June,2025,6,21,5,1
2351,2025-06-21 02:44:28.853770756,Chicken Noodles,4,Chicken,150,600,Saturday,Dinner,New,4,0,June,2025,6,21,5,1
2352,2025-06-21 04:29:20.032006402,Noodles,2,Vegetarian,110,220,Saturday,Dinner,Regular,5,3,June,2025,6,21,5,1
2353,2025-06-21 06:14:11.210242050,Idli,2,Vegetarian,40,80,Saturday,Dinner,Regular,5,3,June,2025,6,21,5,1
2354,2025-06-21 07:59:02.388477696,Chicken Noodles,2,Chicken,150,300,Saturday,Breakfast,New,3,1,June,2025,6,21,5,1
2355,2025-06-21 09:43:53.566713344,Chicken Noodles,1,Chicken,150,150,Saturday,Dinner,Regular,1,0,June,2025,6,21,5,1
2356,2025-06-21 11:28:44.744948990,Paneer Butter Masala,5,Vegetarian,170,850,Saturday,Dinner,Regular,5,0,June,2025,6,21,5,1
2357,2025-06-21 13:13:35.923184638,Paneer Butter Masala,2,Vegetarian,170,340,Saturday,Dinner,New,3,1,June,2025,6,21,5,1
2358,2025-06-21 14:58:27.101420286,Mutton Biryani,5,Mutton,240,1200,Saturday,Breakfast,New,7,2,June,2025,6,21,5,1
2359,2025-06-21 16:43:18.279655932,Chicken Biryani,1,Chicken,180,180,Saturday,Dinner,New,1,0,June,2025,6,21,5,1
2360,2025-06-21 18:28:09.457891580,Veg Biryani,5,Vegetarian,130,650,Saturday,Dinner,Regular,8,3,June,2025,6,21,5,1
2361,2025-06-21 20:13:00.636127226,Noodles,3,Vegetarian,110,330,Saturday,Dinner,Regular,4,1,June,2025,6,21,5,1
2362,2025-06-21 21:57:51.814362874,Chicken Biryani,5,Chicken,180,900,Saturday,Lunch,Regular,7,2,June,2025,6,21,5,1
2363,2025-06-21 23:42:42.992598520,Veg Meals,2,Vegetarian,100,200,Saturday,Dinner,Regular,5,3,June,2025,6,21,5,1
2364,2025-06-22 01:27:34.170834168,Chicken Grill,1,Chicken,220,220,Sunday,Lunch,Regular,1,0,June,2025,6,22,6,1
2365,2025-06-22 03:12:25.349069816,Idli,2,Vegetarian,40,80,Sunday,Lunch,Regular,4,2,June,2025,6,22,6,1
2366,2025-06-22 04:57:16.527305462,Paneer Butter Masala,3,Vegetarian,170,510,Sunday,Lunch,Regular,6,3,June,2025,6,22,6,1
2367,2025-06-22 06:42:07.705541110,Parotta,2,Vegetarian,60,120,Sunday,Dinner,Regular,3,1,June,2025,6,22,6,1
2368,2025-06-22 08:26:58.883776756,Chicken 65,2,Chicken,140,280,Sunday,Breakfast,Regular,4,2,June,2025,6,22,6,1
2369,2025-06-22 10:11:50.062012404,Chicken Grill,2,Chicken,220,440,Sunday,Lunch,Regular,4,2,June,2025,6,22,6,1
2370,2025-06-22 11:56:41.240248050,Chicken 65,4,Chicken,140,560,Sunday,Dinner,Regular,5,1,June,2025,6,22,6,1
2371,2025-06-22 13:41:32.418483698,Noodles,3,Vegetarian,110,330,Sunday,Dinner,Regular,3,0,June,2025,6,22,6,1
2372,2025-06-22 15:26:23.596719344,Noodles,2,Vegetarian,110,220,Sunday,Lunch,New,2,0,June,2025,6,22,6,1
2373,2025-06-22 17:11:14.774954992,Veg Meals,2,Vegetarian,100,200,Sunday,Dinner,New,4,2,June,2025,6,22,6,1
2374,2025-06-22 18:56:05.953190640,Chicken 65,2,Chicken,140,280,Sunday,Dinner,Regular,4,2,June,2025,6,22,6,1
2375,2025-06-22 20:40:57.131426286,Noodles,1,Vegetarian,110,110,Sunday,Breakfast,New,3,2,June,2025,6,22,6,1
2376,2025-06-22 22:25:48.309661934,Parotta,4,Vegetarian,60,240,Sunday,Lunch,Regular,7,3,June,2025,6,22,6,1
2377,2025-06-23 00:10:39.487897580,Chicken Fried Rice,1,Chicken,160,160,Monday,Breakfast,Regular,3,2,June,2025,6,23,0,0
2378,2025-06-23 01:55:30.666133228,Chicken Biryani,4,Chicken,180,720,Monday,Lunch,New,4,0,June,2025,6,23,0,0
2379,2025-06-23 03:40:21.844368874,Chicken Noodles,2,Chicken,150,300,Monday,Lunch,New,3,1,June,2025,6,23,0,0
2380,2025-06-23 05:25:13.022604522,Dosa,3,Vegetarian,50,150,Monday,Dinner,New,4,1,June,2025,6,23,0,0
2381,2025-06-23 07:10:04.200840170,Chicken 65,5,Chicken,140,700,Monday,Dinner,New,6,1,June,2025,6,23,0,0
2382,2025-06-23 08:54:55.379075816,Idli,5,Vegetarian,40,200,Monday,Breakfast,Regular,7,2,June,2025,6,23,0,0
2383,2025-06-23 10:39:46.557311464,Chicken Grill,2,Chicken,220,440,Monday,Breakfast,Regular,4,2,June,2025,6,23,0,0
2384,2025-06-23 12:24:37.735547110,Chicken Fried Rice,1,Chicken,160,160,Monday,Lunch,Regular,2,1,June,2025,6,23,0,0
2385,2025-06-23 14:09:28.913782758,Chicken 65,3,Chicken,140,420,Monday,Lunch,Regular,6,3,June,2025,6,23,0,0
2386,2025-06-23 15:54:20.092018404,Chicken Fried Rice,4,Chicken,160,640,Monday,Lunch,Regular,7,3,June,2025,6,23,0,0
2387,2025-06-23 17:39:11.270254052,Chicken Fried Rice,2,Chicken,160,320,Monday,Dinner,Regular,5,3,June,2025,6,23,0,0
2388,2025-06-23 19:24:02.448489700,Chicken 65,3,Chicken,140,420,Monday,Dinner,Regular,6,3,June,2025,6,23,0,0
2389,2025-06-23 21:08:53.626725346,Mutton Biryani,3,Mutton,240,720,Monday,Lunch,Regular,3,0,June,2025,6,23,0,0
2390,2025-06-23 22:53:44.804960994,Veg Biryani,4,Vegetarian,130,520,Monday,Dinner,New,5,1,June,2025,6,23,0,0
2391,2025-06-24 00:38:35.983196640,Idli,3,Vegetarian,40,120,Tuesday,Lunch,New,3,0,June,2025,6,24,1,0
2392,2025-06-24 02:23:27.161432288,Chicken Noodles,1,Chicken,150,150,Tuesday,Dinner,New,3,2,June,2025,6,24,1,0
2393,2025-06-24 04:08:18.339667934,Chicken Noodles,1,Chicken,150,150,Tuesday,Lunch,New,4,3,June,2025,6,24,1,0
2394,2025-06-24 05:53:09.517903582,Idli,1,Vegetarian,40,40,Tuesday,Breakfast,Regular,4,3,June,2025,6,24,1,0
2395,2025-06-24 07:38:00.696139228,Mutton Biryani,3,Mutton,240,720,Tuesday,Dinner,New,4,1,June,2025,6,24,1,0
2396,2025-06-24 09:22:51.874374876,Paneer Butter Masala,1,Vegetarian,170,170,Tuesday,Lunch,Regular,4,3,June,2025,6,24,1,0
2397,2025-06-24 11:07:43.052610524,Noodles,4,Vegetarian,110,440,Tuesday,Dinner,Regular,5,1,June,2025,6,24,1,0
2398,2025-06-24 12:52:34.230846170,Chicken Noodles,3,Chicken,150,450,Tuesday,Lunch,Regular,5,2,June,2025,6,24,1,0
2399,2025-06-24 14:37:25.409081818,Paneer Butter Masala,5,Vegetarian,170,850,Tuesday,Breakfast,Regular,8,3,June,2025,6,24,1,0
2400,2025-06-24 16:22:16.587317464,Chicken Fried Rice,3,Chicken,160,480,Tuesday,Breakfast,New,6,3,June,2025,6,24,1,0
2401,2025-06-24 18:07:07.765553112,Parotta,4,Vegetarian,60,240,Tuesday,Lunch,Regular,4,0,June,2025,6,24,1,0
2402,2025-06-24 19:51:58.943788758,Chicken Grill,5,Chicken,220,1100,Tuesday,Dinner,New,6,1,June,2025,6,24,1,0
2403,2025-06-24 21:36:50.122024406,Chicken Biryani,3,Chicken,180,540,Tuesday,Lunch,Regular,4,1,June,2025,6,24,1,0
2404,2025-06-24 23:21:41.300260054,Chicken Noodles,1,Chicken,150,150,Tuesday,Dinner,Regular,4,3,June,2025,6,24,1,0
2405,2025-06-25 01:06:32.478495700,Idli,2,Vegetarian,40,80,Wednesday,Dinner,Regular,2,0,June,2025,6,25,2,0
2406,2025-06-25 02:51:23.656731348,Parotta,2,Vegetarian,60,120,Wednesday,Dinner,Regular,5,3,June,2025,6,25,2,0
2407,2025-06-25 04:36:14.834966994,Chicken 65,1,Chicken,140,140,Wednesday,Lunch,Regular,2,1,June,2025,6,25,2,0
2408,2025-06-25 06:21:06.013202642,Veg Meals,2,Vegetarian,100,200,Wednesday,Dinner,New,3,1,June,2025,6,25,2,0
2409,2025-06-25 08:05:57.191438288,Veg Biryani,2,Vegetarian,130,260,Wednesday,Lunch,New,5,3,June,2025,6,25,2,0
2410,2025-06-25 09:50:48.369673936,Idli,1,Vegetarian,40,40,Wednesday,Lunch,Regular,3,2,June,2025,6,25,2,0
2411,2025-06-25 11:35:39.547909584,Noodles,1,Vegetarian,110,110,Wednesday,Breakfast,Regular,4,3,June,2025,6,25,2,0
2412,2025-06-25 13:20:30.726145230,Veg Meals,3,Vegetarian,100,300,Wednesday,Lunch,Regular,3,0,June,2025,6,25,2,0
2413,2025-06-25 15:05:21.904380878,Veg Meals,3,Vegetarian,100,300,Wednesday,Breakfast,New,4,1,June,2025,6,25,2,0
2414,2025-06-25 16:50:13.082616524,Chicken Fried Rice,1,Chicken,160,160,Wednesday,Dinner,Regular,2,1,June,2025,6,25,2,0
2415,2025-06-25 18:35:04.260852172,Veg Biryani,4,Vegetarian,130,520,Wednesday,Lunch,Regular,7,3,June,2025,6,25,2,0
2416,2025-06-25 20:19:55.439087818,Chicken Grill,2,Chicken,220,440,Wednesday,Lunch,Regular,4,2,June,2025,6,25,2,0
2417,2025-06-25 22:04:46.617323466,Chicken Grill,3,Chicken,220,660,Wednesday,Dinner,Regular,4,1,June,2025,6,25,2,0
2418,2025-06-25 23:49:37.795559112,Mutton Biryani,2,Mutton,240,480,Wednesday,Lunch,Regular,5,3,June,2025,6,25,2,0
2419,2025-06-26 01:34:28.973794760,Paneer Butter Masala,5,Vegetarian,170,850,Thursday,Lunch,New,7,2,June,2025,6,26,3,0
2420,2025-06-26 03:19:20.152030408,Dosa,1,Vegetarian,50,50,Thursday,Breakfast,Regular,4,3,June,2025,6,26,3,0
2421,2025-06-26 05:04:11.330266054,Veg Meals,4,Vegetarian,100,400,Thursday,Dinner,New,7,3,June,2025,6,26,3,0
2422,2025-06-26 06:49:02.508501702,Mutton Biryani,5,Mutton,240,1200,Thursday,Breakfast,New,8,3,June,2025,6,26,3,0
2423,2025-06-26 08:33:53.686737348,Noodles,5,Vegetarian,110,550,Thursday,Lunch,Regular,6,1,June,2025,6,26,3,0
2424,2025-06-26 10:18:44.864972996,Paneer Butter Masala,5,Vegetarian,170,850,Thursday,Lunch,Regular,7,2,June,2025,6,26,3,0
2425,2025-06-26 12:03:36.043208642,Veg Meals,1,Vegetarian,100,100,Thursday,Dinner,Regular,1,0,June,2025,6,26,3,0
2426,2025-06-26 13:48:27.221444290,Parotta,3,Vegetarian,60,180,Thursday,Dinner,Regular,3,0,June,2025,6,26,3,0
2427,2025-06-26 15:33:18.399679938,Veg Biryani,1,Vegetarian,130,130,Thursday,Dinner,Regular,2,1,June,2025,6,26,3,0
2428,2025-06-26 17:18:09.577915584,Dosa,3,Vegetarian,50,150,Thursday,Breakfast,New,4,1,June,2025,6,26,3,0
2429,2025-06-26 19:03:00.756151232,Chicken 65,5,Chicken,140,700,Thursday,Lunch,Regular,8,3,June,2025,6,26,3,0
2430,2025-06-26 20:47:51.934386878,Chicken Fried Rice,5,Chicken,160,800,Thursday,Lunch,New,8,3,June,2025,6,26,3,0
2431,2025-06-26 22:32:43.112622526,Veg Biryani,4,Vegetarian,130,520,Thursday,Breakfast,Regular,6,2,June,2025,6,26,3,0
2432,2025-06-27 00:17:34.290858172,Mutton Biryani,3,Mutton,240,720,Friday,Lunch,New,6,3,June,2025,6,27,4,0
2433,2025-06-27 02:02:25.469093820,Chicken Biryani,5,Chicken,180,900,Friday,Lunch,Regular,7,2,June,2025,6,27,4,0
2434,2025-06-27 03:47:16.647329468,Fried Rice,2,Vegetarian,120,240,Friday,Lunch,Regular,5,3,June,2025,6,27,4,0
2435,2025-06-27 05:32:07.825565114,Dosa,4,Vegetarian,50,200,Friday,Dinner,New,7,3,June,2025,6,27,4,0
2436,2025-06-27 07:16:59.003800762,Dosa,1,Vegetarian,50,50,Friday,Lunch,Regular,1,0,June,2025,6,27,4,0
2437,2025-06-27 09:01:50.182036408,Noodles,4,Vegetarian,110,440,Friday,Dinner,New,5,1,June,2025,6,27,4,0
2438,2025-06-27 10:46:41.360272056,Chicken Fried Rice,2,Chicken,160,320,Friday,Lunch,New,4,2,June,2025,6,27,4,0
2439,2025-06-27 12:31:32.538507702,Chicken Noodles,3,Chicken,150,450,Friday,Lunch,New,3,0,June,2025,6,27,4,0
2440,2025-06-27 14:16:23.716743350,Chicken Grill,1,Chicken,220,220,Friday,Lunch,Regular,4,3,June,2025,6,27,4,0
2441,2025-06-27 16:01:14.894978996,Chicken Grill,1,Chicken,220,220,Friday,Breakfast,Regular,1,0,June,2025,6,27,4,0
2442,2025-06-27 17:46:06.073214644,Chicken Biryani,3,Chicken,180,540,Friday,Breakfast,Regular,5,2,June,2025,6,27,4,0
2443,2025-06-27 19:30:57.251450292,Parotta,4,Vegetarian,60,240,Friday,Lunch,Regular,5,1,June,2025,6,27,4,0
2444,2025-06-27 21:15:48.429685938,Noodles,5,Vegetarian,110,550,Friday,Dinner,Regular,5,0,June,2025,6,27,4,0
2445,2025-06-27 23:00:39.607921586,Parotta,4,Vegetarian,60,240,Friday,Dinner,Regular,6,2,June,2025,6,27,4,0
2446,2025-06-28 00:45:30.786157232,Chicken 65,2,Chicken,140,280,Saturday,Breakfast,Regular,5,3,June,2025,6,28,5,1
2447,2025-06-28 02:30:21.964392880,Paneer Butter Masala,5,Vegetarian,170,850,Saturday,Dinner,Regular,5,0,June,2025,6,28,5,1
2448,2025-06-28 04:15:13.142628526,Veg Biryani,4,Vegetarian,130,520,Saturday,Dinner,Regular,5,1,June,2025,6,28,5,1
2449,2025-06-28 06:00:04.320864174,Fried Rice,3,Vegetarian,120,360,Saturday,Dinner,New,5,2,June,2025,6,28,5,1
2450,2025-06-28 07:44:55.499099822,Idli,2,Vegetarian,40,80,Saturday,Dinner,Regular,3,1,June,2025,6,28,5,1
2451,2025-06-28 09:29:46.677335468,Chicken Noodles,2,Chicken,150,300,Saturday,Lunch,Regular,5,3,June,2025,6,28,5,1
2452,2025-06-28 11:14:37.855571116,Mutton Biryani,2,Mutton,240,480,Saturday,Lunch,New,3,1,June,2025,6,28,5,1
2453,2025-06-28 12:59:29.033806762,Veg Meals,5,Vegetarian,100,500,Saturday,Lunch,Regular,8,3,June,2025,6,28,5,1
2454,2025-06-28 14:44:20.212042410,Idli,1,Vegetarian,40,40,Saturday,Lunch,New,4,3,June,2025,6,28,5,1
2455,2025-06-28 16:29:11.390278056,Paneer Butter Masala,5,Vegetarian,170,850,Saturday,Lunch,New,5,0,June,2025,6,28,5,1
2456,2025-06-28 18:14:02.568513704,Idli,4,Vegetarian,40,160,Saturday,Lunch,New,7,3,June,2025,6,28,5,1
2457,2025-06-28 19:58:53.746749350,Noodles,1,Vegetarian,110,110,Saturday,Dinner,Regular,2,1,June,2025,6,28,5,1
2458,2025-06-28 21:43:44.924984998,Veg Meals,4,Vegetarian,100,400,Saturday,Dinner,Regular,4,0,June,2025,6,28,5,1
2459,2025-06-28 23:28:36.103220646,Dosa,1,Vegetarian,50,50,Saturday,Dinner,Regular,4,3,June,2025,6,28,5,1
2460,2025-06-29 01:13:27.281456292,Chicken Biryani,5,Chicken,180,900,Sunday,Dinner,New,7,2,June,2025,6,29,6,1
2461,2025-06-29 02:58:18.459691940,Chicken Grill,2,Chicken,220,440,Sunday,Dinner,Regular,4,2,June,2025,6,29,6,1
2462,2025-06-29 04:43:09.637927586,Chicken 65,3,Chicken,140,420,Sunday,Breakfast,Regular,6,3,June,2025,6,29,6,1
2463,2025-06-29 06:28:00.816163234,Parotta,2,Vegetarian,60,120,Sunday,Lunch,New,2,0,June,2025,6,29,6,1
2464,2025-06-29 08:12:51.994398880,Fried Rice,5,Vegetarian,120,600,Sunday,Lunch,Regular,5,0,June,2025,6,29,6,1
2465,2025-06-29 09:57:43.172634528,Noodles,1,Vegetarian,110,110,Sunday,Dinner,New,1,0,June,2025,6,29,6,1
2466,2025-06-29 11:42:34.350870176,Chicken Biryani,2,Chicken,180,360,Sunday,Lunch,New,3,1,June,2025,6,29,6,1
2467,2025-06-29 13:27:25.529105822,Dosa,5,Vegetarian,50,250,Sunday,Dinner,Regular,7,2,June,2025,6,29,6,1
2468,2025-06-29 15:12:16.707341470,Mutton Biryani,4,Mutton,240,960,Sunday,Breakfast,Regular,7,3,June,2025,6,29,6,1
2469,2025-06-29 16:57:07.885577116,Chicken 65,3,Chicken,140,420,Sunday,Lunch,New,6,3,June,2025,6,29,6,1
2470,2025-06-29 18:41:59.063812764,Noodles,2,Vegetarian,110,220,Sunday,Dinner,New,4,2,June,2025,6,29,6,1
2471,2025-06-29 20:26:50.242048410,Dosa,1,Vegetarian,50,50,Sunday,Breakfast,New,2,1,June,2025,6,29,6,1
2472,2025-06-29 22:11:41.420284058,Fried Rice,4,Vegetarian,120,480,Sunday,Lunch,New,4,0,June,2025,6,29,6,1
2473,2025-06-29 23:56:32.598519706,Chicken Grill,5,Chicken,220,1100,Sunday,Lunch,New,7,2,June,2025,6,29,6,1
2474,2025-06-30 01:41:23.776755352,Chicken Grill,3,Chicken,220,660,Monday,Lunch,Regular,6,3,June,2025,6,30,0,0
2475,2025-06-30 03:26:14.954991000,Noodles,1,Vegetarian,110,110,Monday,Dinner,Regular,2,1,June,2025,6,30,0,0
2476,2025-06-30 05:11:06.133226646,Chicken Grill,5,Chicken,220,1100,Monday,Lunch,Regular,8,3,June,2025,6,30,0,0
2477,2025-06-30 06:55:57.311462294,Chicken Biryani,5,Chicken,180,900,Monday,Lunch,Regular,5,0,June,2025,6,30,0,0
2478,2025-06-30 08:40:48.489697940,Chicken Biryani,2,Chicken,180,360,Monday,Breakfast,Regular,4,2,June,2025,6,30,0,0
2479,2025-06-30 10:25:39.667933588,Parotta,2,Vegetarian,60,120,Monday,Dinner,New,2,0,June,2025,6,30,0,0
2480,2025-06-30 12:10:30.846169234,Noodles,1,Vegetarian,110,110,Monday,Lunch,New,2,1,June,2025,6,30,0,0
2481,2025-06-30 13:55:22.024404882,Parotta,5,Vegetarian,60,300,Monday,Dinner,Regular,7,2,June,2025,6,30,0,0
2482,2025-06-30 15:40:13.202640530,Noodles,2,Vegetarian,110,220,Monday,Dinner,New,2,0,June,2025,6,30,0,0
2483,2025-06-30 17:25:04.380876176,Mutton Biryani,3,Mutton,240,720,Monday,Lunch,New,3,0,June,2025,6,30,0,0
2484,2025-06-30 19:09:55.559111824,Noodles,3,Vegetarian,110,330,Monday,Dinner,New,3,0,June,2025,6,30,0,0
2485,2025-06-30 20:54:46.737347470,Fried Rice,5,Vegetarian,120,600,Monday,Dinner,Regular,6,1,June,2025,6,30,0,0
2486,2025-06-30 22:39:37.915583118,Paneer Butter Masala,2,Vegetarian,170,340,Monday,Lunch,Regular,2,0,June,2025,6,30,0,0
2487,2025-07-01 00:24:29.093818764,Chicken 65,1,Chicken,140,140,Tuesday,Breakfast,Regular,4,3,July,2025,7,1,1,0
2488,2025-07-01 02:09:20.272054412,Chicken Fried Rice,1,Chicken,160,160,Tuesday,Dinner,Regular,3,2,July,2025,7,1,1,0
2489,2025-07-01 03:54:11.450290060,Veg Meals,1,Vegetarian,100,100,Tuesday,Dinner,Regular,3,2,July,2025,7,1,1,0
2490,2025-07-01 05:39:02.628525706,Chicken Fried Rice,3,Chicken,160,480,Tuesday,Lunch,Regular,3,0,July,2025,7,1,1,0
2491,2025-07-01 07:23:53.806761354,Dosa,2,Vegetarian,50,100,Tuesday,Lunch,New,3,1,July,2025,7,1,1,0
2492,2025-07-01 09:08:44.984997000,Chicken Grill,2,Chicken,220,440,Tuesday,Dinner,New,5,3,July,2025,7,1,1,0
2493,2025-07-01 10:53:36.163232648,Chicken 65,3,Chicken,140,420,Tuesday,Dinner,New,6,3,July,2025,7,1,1,0
2494,2025-07-01 12:38:27.341468294,Idli,1,Vegetarian,40,40,Tuesday,Dinner,New,3,2,July,2025,7,1,1,0
2495,2025-07-01 14:23:18.519703942,Paneer Butter Masala,1,Vegetarian,170,170,Tuesday,Lunch,New,3,2,July,2025,7,1,1,0
2496,2025-07-01 16:08:09.697939590,Chicken Biryani,5,Chicken,180,900,Tuesday,Dinner,New,8,3,July,2025,7,1,1,0
2497,2025-07-01 17:53:00.876175236,Veg Biryani,4,Vegetarian,130,520,Tuesday,Lunch,New,6,2,July,2025,7,1,1,0
2498,2025-07-01 19:37:52.054410884,Chicken Noodles,2,Chicken,150,300,Tuesday,Lunch,Regular,2,0,July,2025,7,1,1,0
2499,2025-07-01 21:22:43.232646530,Mutton Biryani,2,Mutton,240,480,Tuesday,Dinner,Regular,5,3,July,2025,7,1,1,0
2500,2025-07-01 23:07:34.410882178,Chicken Grill,2,Chicken,220,440,Tuesday,Dinner,Regular,4,2,July,2025,7,1,1,0
2501,2025-07-02 00:52:25.589117824,Chicken Grill,4,Chicken,220,880,Wednesday,Lunch,Regular,4,0,July,2025,7,2,2,0
2502,2025-07-02 02:37:16.767353472,Fried Rice,5,Vegetarian,120,600,Wednesday,Lunch,Regular,5,0,July,2025,7,2,2,0
2503,2025-07-02 04:22:07.945589118,Chicken Grill,4,Chicken,220,880,Wednesday,Dinner,New,7,3,July,2025,7,2,2,0
2504,2025-07-02 06:06:59.123824766,Chicken Biryani,1,Chicken,180,180,Wednesday,Lunch,New,1,0,July,2025,7,2,2,0
2505,2025-07-02 07:51:50.302060414,Chicken Biryani,1,Chicken,180,180,Wednesday,Dinner,New,4,3,July,2025,7,2,2,0
2506,2025-07-02 09:36:41.480296060,Chicken Noodles,2,Chicken,150,300,Wednesday,Dinner,Regular,2,0,July,2025,7,2,2,0
2507,2025-07-02 11:21:32.658531708,Veg Meals,3,Vegetarian,100,300,Wednesday,Breakfast,Regular,6,3,July,2025,7,2,2,0
2508,2025-07-02 13:06:23.836767354,Noodles,2,Vegetarian,110,220,Wednesday,Dinner,New,5,3,July,2025,7,2,2,0
2509,2025-07-02 14:51:15.015003002,Idli,3,Vegetarian,40,120,Wednesday,Dinner,New,6,3,July,2025,7,2,2,0
2510,2025-07-02 16:36:06.193238648,Chicken 65,4,Chicken,140,560,Wednesday,Dinner,Regular,7,3,July,2025,7,2,2,0
2511,2025-07-02 18:20:57.371474296,Chicken Grill,1,Chicken,220,220,Wednesday,Dinner,New,1,0,July,2025,7,2,2,0
2512,2025-07-02 20:05:48.549709944,Chicken Fried Rice,3,Chicken,160,480,Wednesday,Dinner,Regular,6,3,July,2025,7,2,2,0
2513,2025-07-02 21:50:39.727945590,Parotta,4,Vegetarian,60,240,Wednesday,Breakfast,New,6,2,July,2025,7,2,2,0
2514,2025-07-02 23:35:30.906181238,Fried Rice,1,Vegetarian,120,120,Wednesday,Lunch,Regular,1,0,July,2025,7,2,2,0
2515,2025-07-03 01:20:22.084416884,Fried Rice,3,Vegetarian,120,360,Thursday,Dinner,New,6,3,July,2025,7,3,3,0
2516,2025-07-03 03:05:13.262652532,Veg Meals,2,Vegetarian,100,200,Thursday,Lunch,Regular,2,0,July,2025,7,3,3,0
2517,2025-07-03 04:50:04.440888178,Chicken Fried Rice,2,Chicken,160,320,Thursday,Breakfast,New,2,0,July,2025,7,3,3,0
2518,2025-07-03 06:34:55.619123826,Dosa,2,Vegetarian,50,100,Thursday,Dinner,Regular,2,0,July,2025,7,3,3,0
2519,2025-07-03 08:19:46.797359474,Chicken Fried Rice,4,Chicken,160,640,Thursday,Dinner,Regular,4,0,July,2025,7,3,3,0
2520,2025-07-03 10:04:37.975595120,Paneer Butter Masala,2,Vegetarian,170,340,Thursday,Breakfast,New,5,3,July,2025,7,3,3,0
2521,2025-07-03 11:49:29.153830768,Dosa,5,Vegetarian,50,250,Thursday,Dinner,Regular,5,0,July,2025,7,3,3,0
2522,2025-07-03 13:34:20.332066414,Veg Biryani,1,Vegetarian,130,130,Thursday,Dinner,Regular,3,2,July,2025,7,3,3,0
2523,2025-07-03 15:19:11.510302062,Parotta,4,Vegetarian,60,240,Thursday,Lunch,Regular,4,0,July,2025,7,3,3,0
2524,2025-07-03 17:04:02.688537708,Fried Rice,2,Vegetarian,120,240,Thursday,Dinner,Regular,2,0,July,2025,7,3,3,0
2525,2025-07-03 18:48:53.866773356,Chicken Fried Rice,1,Chicken,160,160,Thursday,Lunch,Regular,3,2,July,2025,7,3,3,0
2526,2025-07-03 20:33:45.045009002,Veg Biryani,3,Vegetarian,130,390,Thursday,Breakfast,Regular,6,3,July,2025,7,3,3,0
2527,2025-07-03 22:18:36.223244650,Noodles,2,Vegetarian,110,220,Thursday,Lunch,New,4,2,July,2025,7,3,3,0
2528,2025-07-04 00:03:27.401480298,Mutton Biryani,1,Mutton,240,240,Friday,Lunch,Regular,2,1,July,2025,7,4,4,0
2529,2025-07-04 01:48:18.579715944,Chicken 65,5,Chicken,140,700,Friday,Lunch,Regular,7,2,July,2025,7,4,4,0
2530,2025-07-04 03:33:09.757951592,Veg Biryani,3,Vegetarian,130,390,Friday,Dinner,Regular,6,3,July,2025,7,4,4,0
2531,2025-07-04 05:18:00.936187238,Veg Meals,5,Vegetarian,100,500,Friday,Dinner,Regular,7,2,July,2025,7,4,4,0
2532,2025-07-04 07:02:52.114422886,Paneer Butter Masala,1,Vegetarian,170,170,Friday,Lunch,Regular,1,0,July,2025,7,4,4,0
2533,2025-07-04 08:47:43.292658532,Chicken 65,5,Chicken,140,700,Friday,Dinner,Regular,8,3,July,2025,7,4,4,0
2534,2025-07-04 10:32:34.470894180,Chicken Fried Rice,1,Chicken,160,160,Friday,Breakfast,Regular,2,1,July,2025,7,4,4,0
2535,2025-07-04 12:17:25.649129828,Idli,1,Vegetarian,40,40,Friday,Breakfast,Regular,4,3,July,2025,7,4,4,0
2536,2025-07-04 14:02:16.827365474,Noodles,5,Vegetarian,110,550,Friday,Dinner,Regular,5,0,July,2025,7,4,4,0
2537,2025-07-04 15:47:08.005601122,Veg Biryani,1,Vegetarian,130,130,Friday,Breakfast,Regular,2,1,July,2025,7,4,4,0
2538,2025-07-04 17:31:59.183836768,Parotta,2,Vegetarian,60,120,Friday,Lunch,Regular,5,3,July,2025,7,4,4,0
2539,2025-07-04 19:16:50.362072416,Chicken Fried Rice,1,Chicken,160,160,Friday,Dinner,Regular,4,3,July,2025,7,4,4,0
2540,2025-07-04 21:01:41.540308062,Chicken Grill,4,Chicken,220,880,Friday,Lunch,Regular,4,0,July,2025,7,4,4,0
2541,2025-07-04 22:46:32.718543710,Chicken Biryani,1,Chicken,180,180,Friday,Dinner,New,3,2,July,2025,7,4,4,0
2542,2025-07-05 00:31:23.896779358,Veg Biryani,4,Vegetarian,130,520,Saturday,Lunch,New,6,2,July,2025,7,5,5,1
2543,2025-07-05 02:16:15.075015004,Parotta,1,Vegetarian,60,60,Saturday,Breakfast,Regular,2,1,July,2025,7,5,5,1
2544,2025-07-05 04:01:06.253250652,Paneer Butter Masala,1,Vegetarian,170,170,Saturday,Lunch,Regular,1,0,July,2025,7,5,5,1
2545,2025-07-05 05:45:57.431486298,Mutton Biryani,5,Mutton,240,1200,Saturday,Lunch,New,5,0,July,2025,7,5,5,1
2546,2025-07-05 07:30:48.609721946,Chicken Grill,2,Chicken,220,440,Saturday,Lunch,New,4,2,July,2025,7,5,5,1
2547,2025-07-05 09:15:39.787957592,Mutton Biryani,2,Mutton,240,480,Saturday,Lunch,Regular,4,2,July,2025,7,5,5,1
2548,2025-07-05 11:00:30.966193240,Chicken Fried Rice,3,Chicken,160,480,Saturday,Dinner,Regular,4,1,July,2025,7,5,5,1
2549,2025-07-05 12:45:22.144428886,Chicken Biryani,5,Chicken,180,900,Saturday,Dinner,Regular,7,2,July,2025,7,5,5,1
2550,2025-07-05 14:30:13.322664534,Veg Biryani,5,Vegetarian,130,650,Saturday,Lunch,Regular,6,1,July,2025,7,5,5,1
2551,2025-07-05 16:15:04.500900182,Veg Biryani,2,Vegetarian,130,260,Saturday,Lunch,Regular,5,3,July,2025,7,5,5,1
2552,2025-07-05 17:59:55.679135828,Idli,5,Vegetarian,40,200,Saturday,Lunch,New,6,1,July,2025,7,5,5,1
2553,2025-07-05 19:44:46.857371476,Fried Rice,2,Vegetarian,120,240,Saturday,Dinner,New,3,1,July,2025,7,5,5,1
2554,2025-07-05 21:29:38.035607122,Idli,5,Vegetarian,40,200,Saturday,Dinner,Regular,6,1,July,2025,7,5,5,1
2555,2025-07-05 23:14:29.213842770,Veg Meals,1,Vegetarian,100,100,Saturday,Lunch,New,4,3,July,2025,7,5,5,1
2556,2025-07-06 00:59:20.392078416,Chicken Fried Rice,2,Chicken,160,320,Sunday,Dinner,Regular,4,2,July,2025,7,6,6,1
2557,2025-07-06 02:44:11.570314064,Chicken Fried Rice,2,Chicken,160,320,Sunday,Lunch,Regular,3,1,July,2025,7,6,6,1
2558,2025-07-06 04:29:02.748549712,Chicken Biryani,4,Chicken,180,720,Sunday,Breakfast,Regular,6,2,July,2025,7,6,6,1
2559,2025-07-06 06:13:53.926785358,Idli,5,Vegetarian,40,200,Sunday,Breakfast,Regular,6,1,July,2025,7,6,6,1
2560,2025-07-06 07:58:45.105021006,Parotta,5,Vegetarian,60,300,Sunday,Lunch,New,7,2,July,2025,7,6,6,1
2561,2025-07-06 09:43:36.283256652,Parotta,2,Vegetarian,60,120,Sunday,Lunch,Regular,3,1,July,2025,7,6,6,1
2562,2025-07-06 11:28:27.461492300,Chicken Biryani,1,Chicken,180,180,Sunday,Breakfast,New,3,2,July,2025,7,6,6,1
2563,2025-07-06 13:13:18.639727946,Noodles,1,Vegetarian,110,110,Sunday,Dinner,New,1,0,July,2025,7,6,6,1
2564,2025-07-06 14:58:09.817963594,Fried Rice,1,Vegetarian,120,120,Sunday,Lunch,Regular,4,3,July,2025,7,6,6,1
2565,2025-07-06 16:43:00.996199242,Parotta,5,Vegetarian,60,300,Sunday,Lunch,New,6,1,July,2025,7,6,6,1
2566,2025-07-06 18:27:52.174434888,Dosa,4,Vegetarian,50,200,Sunday,Lunch,Regular,7,3,July,2025,7,6,6,1
2567,2025-07-06 20:12:43.352670536,Veg Meals,2,Vegetarian,100,200,Sunday,Breakfast,Regular,3,1,July,2025,7,6,6,1
2568,2025-07-06 21:57:34.530906182,Chicken 65,3,Chicken,140,420,Sunday,Lunch,New,3,0,July,2025,7,6,6,1
2569,2025-07-06 23:42:25.709141830,Chicken Biryani,4,Chicken,180,720,Sunday,Lunch,New,4,0,July,2025,7,6,6,1
2570,2025-07-07 01:27:16.887377476,Chicken Biryani,3,Chicken,180,540,Monday,Lunch,Regular,6,3,July,2025,7,7,0,0
2571,2025-07-07 03:12:08.065613124,Chicken Noodles,4,Chicken,150,600,Monday,Breakfast,Regular,5,1,July,2025,7,7,0,0
2572,2025-07-07 04:56:59.243848770,Veg Meals,1,Vegetarian,100,100,Monday,Lunch,Regular,3,2,July,2025,7,7,0,0
2573,2025-07-07 06:41:50.422084418,Chicken Grill,5,Chicken,220,1100,Monday,Breakfast,Regular,6,1,July,2025,7,7,0,0
2574,2025-07-07 08:26:41.600320066,Chicken Grill,3,Chicken,220,660,Monday,Dinner,Regular,5,2,July,2025,7,7,0,0
2575,2025-07-07 10:11:32.778555712,Dosa,4,Vegetarian,50,200,Monday,Dinner,Regular,7,3,July,2025,7,7,0,0
2576,2025-07-07 11:56:23.956791360,Idli,5,Vegetarian,40,200,Monday,Breakfast,New,8,3,July,2025,7,7,0,0
2577,2025-07-07 13:41:15.135027006,Veg Meals,3,Vegetarian,100,300,Monday,Lunch,Regular,3,0,July,2025,7,7,0,0
2578,2025-07-07 15:26:06.313262654,Noodles,2,Vegetarian,110,220,Monday,Breakfast,Regular,4,2,July,2025,7,7,0,0
2579,2025-07-07 17:10:57.491498300,Chicken Fried Rice,4,Chicken,160,640,Monday,Lunch,Regular,5,1,July,2025,7,7,0,0
2580,2025-07-07 18:55:48.669733948,Chicken Fried Rice,2,Chicken,160,320,Monday,Lunch,Regular,2,0,July,2025,7,7,0,0
2581,2025-07-07 20:40:39.847969596,Mutton Biryani,1,Mutton,240,240,Monday,Lunch,Regular,4,3,July,2025,7,7,0,0
2582,2025-07-07 22:25:31.026205242,Dosa,2,Vegetarian,50,100,Monday,Lunch,New,2,0,July,2025,7,7,0,0
2583,2025-07-08 00:10:22.204440890,Chicken Biryani,2,Chicken,180,360,Tuesday,Dinner,Regular,3,1,July,2025,7,8,1,0
2584,2025-07-08 01:55:13.382676536,Dosa,4,Vegetarian,50,200,Tuesday,Lunch,Regular,5,1,July,2025,7,8,1,0
2585,2025-07-08 03:40:04.560912184,Dosa,1,Vegetarian,50,50,Tuesday,Lunch,Regular,4,3,July,2025,7,8,1,0
2586,2025-07-08 05:24:55.739147830,Paneer Butter Masala,2,Vegetarian,170,340,Tuesday,Lunch,New,2,0,July,2025,7,8,1,0
2587,2025-07-08 07:09:46.917383478,Dosa,5,Vegetarian,50,250,Tuesday,Dinner,Regular,7,2,July,2025,7,8,1,0
2588,2025-07-08 08:54:38.095619126,Chicken Grill,3,Chicken,220,660,Tuesday,Dinner,Regular,5,2,July,2025,7,8,1,0
2589,2025-07-08 10:39:29.273854772,Paneer Butter Masala,2,Vegetarian,170,340,Tuesday,Lunch,Regular,4,2,July,2025,7,8,1,0
2590,2025-07-08 12:24:20.452090420,Dosa,1,Vegetarian,50,50,Tuesday,Dinner,New,2,1,July,2025,7,8,1,0
2591,2025-07-08 14:09:11.630326066,Fried Rice,2,Vegetarian,120,240,Tuesday,Lunch,Regular,2,0,July,2025,7,8,1,0
2592,2025-07-08 15:54:02.808561714,Chicken 65,3,Chicken,140,420,Tuesday,Dinner,New,5,2,July,2025,7,8,1,0
2593,2025-07-08 17:38:53.986797360,Chicken Fried Rice,1,Chicken,160,160,Tuesday,Dinner,Regular,1,0,July,2025,7,8,1,0
2594,2025-07-08 19:23:45.165033008,Paneer Butter Masala,4,Vegetarian,170,680,Tuesday,Breakfast,Regular,7,3,July,2025,7,8,1,0
2595,2025-07-08 21:08:36.343268654,Mutton Biryani,1,Mutton,240,240,Tuesday,Dinner,New,3,2,July,2025,7,8,1,0
2596,2025-07-08 22:53:27.521504302,Veg Meals,4,Vegetarian,100,400,Tuesday,Lunch,Regular,4,0,July,2025,7,8,1,0
2597,2025-07-09 00:38:18.699739950,Chicken 65,1,Chicken,140,140,Wednesday,Lunch,Regular,2,1,July,2025,7,9,2,0
2598,2025-07-09 02:23:09.877975596,Mutton Biryani,3,Mutton,240,720,Wednesday,Lunch,Regular,6,3,July,2025,7,9,2,0
2599,2025-07-09 04:08:01.056211244,Chicken Noodles,3,Chicken,150,450,Wednesday,Dinner,Regular,6,3,July,2025,7,9,2,0
2600,2025-07-09 05:52:52.234446890,Mutton Biryani,1,Mutton,240,240,Wednesday,Lunch,Regular,4,3,July,2025,7,9,2,0
2601,2025-07-09 07:37:43.412682538,Chicken Fried Rice,2,Chicken,160,320,Wednesday,Breakfast,Regular,5,3,July,2025,7,9,2,0
2602,2025-07-09 09:22:34.590918184,Chicken Fried Rice,3,Chicken,160,480,Wednesday,Dinner,New,4,1,July,2025,7,9,2,0
2603,2025-07-09 11:07:25.769153832,Paneer Butter Masala,4,Vegetarian,170,680,Wednesday,Breakfast,New,5,1,July,2025,7,9,2,0
2604,2025-07-09 12:52:16.947389480,Dosa,4,Vegetarian,50,200,Wednesday,Breakfast,Regular,6,2,July,2025,7,9,2,0
2605,2025-07-09 14:37:08.125625126,Veg Biryani,5,Vegetarian,130,650,Wednesday,Lunch,New,6,1,July,2025,7,9,2,0
2606,2025-07-09 16:21:59.303860774,Chicken Noodles,4,Chicken,150,600,Wednesday,Lunch,Regular,5,1,July,2025,7,9,2,0
2607,2025-07-09 18:06:50.482096420,Paneer Butter Masala,5,Vegetarian,170,850,Wednesday,Lunch,New,8,3,July,2025,7,9,2,0
2608,2025-07-09 19:51:41.660332068,Fried Rice,1,Vegetarian,120,120,Wednesday,Breakfast,Regular,2,1,July,2025,7,9,2,0
2609,2025-07-09 21:36:32.838567714,Chicken Biryani,1,Chicken,180,180,Wednesday,Dinner,Regular,4,3,July,2025,7,9,2,0
2610,2025-07-09 23:21:24.016803362,Parotta,1,Vegetarian,60,60,Wednesday,Dinner,Regular,1,0,July,2025,7,9,2,0
2611,2025-07-10 01:06:15.195039008,Veg Meals,2,Vegetarian,100,200,Thursday,Lunch,Regular,2,0,July,2025,7,10,3,0
2612,2025-07-10 02:51:06.373274656,Mutton Biryani,2,Mutton,240,480,Thursday,Lunch,Regular,2,0,July,2025,7,10,3,0
2613,2025-07-10 04:35:57.551510304,Veg Biryani,5,Vegetarian,130,650,Thursday,Lunch,Regular,5,0,July,2025,7,10,3,0
2614,2025-07-10 06:20:48.729745950,Dosa,4,Vegetarian,50,200,Thursday,Dinner,New,4,0,July,2025,7,10,3,0
2615,2025-07-10 08:05:39.907981598,Chicken Grill,4,Chicken,220,880,Thursday,Breakfast,Regular,4,0,July,2025,7,10,3,0
2616,2025-07-10 09:50:31.086217244,Chicken Biryani,1,Chicken,180,180,Thursday,Breakfast,Regular,1,0,July,2025,7,10,3,0
2617,2025-07-10 11:35:22.264452892,Noodles,3,Vegetarian,110,330,Thursday,Dinner,Regular,6,3,July,2025,7,10,3,0
2618,2025-07-10 13:20:13.442688538,Idli,2,Vegetarian,40,80,Thursday,Lunch,Regular,5,3,July,2025,7,10,3,0
2619,2025-07-10 15:05:04.620924186,Veg Biryani,2,Vegetarian,130,260,Thursday,Lunch,New,5,3,July,2025,7,10,3,0
2620,2025-07-10 16:49:55.799159834,Chicken Grill,1,Chicken,220,220,Thursday,Dinner,New,4,3,July,2025,7,10,3,0
2621,2025-07-10 18:34:46.977395480,Chicken Noodles,2,Chicken,150,300,Thursday,Dinner,Regular,3,1,July,2025,7,10,3,0
2622,2025-07-10 20:19:38.155631128,Noodles,1,Vegetarian,110,110,Thursday,Lunch,Regular,2,1,July,2025,7,10,3,0
2623,2025-07-10 22:04:29.333866774,Paneer Butter Masala,5,Vegetarian,170,850,Thursday,Dinner,Regular,7,2,July,2025,7,10,3,0
2624,2025-07-10 23:49:20.512102422,Dosa,4,Vegetarian,50,200,Thursday,Breakfast,Regular,5,1,July,2025,7,10,3,0
2625,2025-07-11 01:34:11.690338068,Chicken Biryani,3,Chicken,180,540,Friday,Dinner,New,6,3,July,2025,7,11,4,0
2626,2025-07-11 03:19:02.868573716,Chicken Biryani,4,Chicken,180,720,Friday,Lunch,New,7,3,July,2025,7,11,4,0
2627,2025-07-11 05:03:54.046809364,Chicken Biryani,4,Chicken,180,720,Friday,Dinner,Regular,4,0,July,2025,7,11,4,0
2628,2025-07-11 06:48:45.225045010,Chicken Noodles,5,Chicken,150,750,Friday,Dinner,New,5,0,July,2025,7,11,4,0
2629,2025-07-11 08:33:36.403280658,Noodles,2,Vegetarian,110,220,Friday,Dinner,New,4,2,July,2025,7,11,4,0
2630,2025-07-11 10:18:27.581516304,Mutton Biryani,3,Mutton,240,720,Friday,Dinner,Regular,4,1,July,2025,7,11,4,0
2631,2025-07-11 12:03:18.759751952,Idli,2,Vegetarian,40,80,Friday,Lunch,Regular,5,3,July,2025,7,11,4,0
2632,2025-07-11 13:48:09.937987598,Fried Rice,4,Vegetarian,120,480,Friday,Lunch,New,5,1,July,2025,7,11,4,0
2633,2025-07-11 15:33:01.116223246,Chicken Noodles,1,Chicken,150,150,Friday,Lunch,Regular,3,2,July,2025,7,11,4,0
2634,2025-07-11 17:17:52.294458892,Parotta,4,Vegetarian,60,240,Friday,Dinner,Regular,4,0,July,2025,7,11,4,0
2635,2025-07-11 19:02:43.472694540,Veg Meals,2,Vegetarian,100,200,Friday,Dinner,New,5,3,July,2025,7,11,4,0
2636,2025-07-11 20:47:34.650930188,Veg Meals,4,Vegetarian,100,400,Friday,Lunch,Regular,4,0,July,2025,7,11,4,0
2637,2025-07-11 22:32:25.829165834,Idli,1,Vegetarian,40,40,Friday,Dinner,Regular,4,3,July,2025,7,11,4,0
2638,2025-07-12 00:17:17.007401482,Chicken Fried Rice,5,Chicken,160,800,Saturday,Dinner,Regular,5,0,July,2025,7,12,5,1
2639,2025-07-12 02:02:08.185637128,Veg Meals,2,Vegetarian,100,200,Saturday,Dinner,Regular,2,0,July,2025,7,12,5,1
2640,2025-07-12 03:46:59.363872776,Dosa,4,Vegetarian,50,200,Saturday,Dinner,Regular,6,2,July,2025,7,12,5,1
2641,2025-07-12 05:31:50.542108422,Chicken Noodles,2,Chicken,150,300,Saturday,Lunch,New,3,1,July,2025,7,12,5,1
2642,2025-07-12 07:16:41.720344070,Chicken Grill,5,Chicken,220,1100,Saturday,Breakfast,New,5,0,July,2025,7,12,5,1
2643,2025-07-12 09:01:32.898579718,Idli,4,Vegetarian,40,160,Saturday,Breakfast,New,7,3,July,2025,7,12,5,1
2644,2025-07-12 10:46:24.076815364,Parotta,4,Vegetarian,60,240,Saturday,Lunch,Regular,5,1,July,2025,7,12,5,1
2645,2025-07-12 12:31:15.255051012,Chicken Fried Rice,2,Chicken,160,320,Saturday,Dinner,New,3,1,July,2025,7,12,5,1
2646,2025-07-12 14:16:06.433286658,Mutton Biryani,2,Mutton,240,480,Saturday,Dinner,Regular,2,0,July,2025,7,12,5,1
2647,2025-07-12 16:00:57.611522306,Noodles,1,Vegetarian,110,110,Saturday,Dinner,New,1,0,July,2025,7,12,5,1
2648,2025-07-12 17:45:48.789757952,Chicken Grill,5,Chicken,220,1100,Saturday,Dinner,Regular,5,0,July,2025,7,12,5,1
2649,2025-07-12 19:30:39.967993600,Paneer Butter Masala,1,Vegetarian,170,170,Saturday,Breakfast,New,2,1,July,2025,7,12,5,1
2650,2025-07-12 21:15:31.146229248,Idli,4,Vegetarian,40,160,Saturday,Breakfast,Regular,6,2,July,2025,7,12,5,1
2651,2025-07-12 23:00:22.324464894,Dosa,2,Vegetarian,50,100,Saturday,Breakfast,New,2,0,July,2025,7,12,5,1
2652,2025-07-13 00:45:13.502700542,Noodles,4,Vegetarian,110,440,Sunday,Lunch,New,5,1,July,2025,7,13,6,1
2653,2025-07-13 02:30:04.680936188,Chicken Grill,4,Chicken,220,880,Sunday,Lunch,Regular,5,1,July,2025,7,13,6,1
2654,2025-07-13 04:14:55.859171836,Chicken Fried Rice,3,Chicken,160,480,Sunday,Breakfast,Regular,6,3,July,2025,7,13,6,1
2655,2025-07-13 05:59:47.037407482,Chicken Grill,3,Chicken,220,660,Sunday,Lunch,New,3,0,July,2025,7,13,6,1
2656,2025-07-13 07:44:38.215643130,Noodles,4,Vegetarian,110,440,Sunday,Breakfast,New,6,2,July,2025,7,13,6,1
2657,2025-07-13 09:29:29.393878776,Chicken 65,2,Chicken,140,280,Sunday,Dinner,Regular,5,3,July,2025,7,13,6,1
2658,2025-07-13 11:14:20.572114424,Fried Rice,4,Vegetarian,120,480,Sunday,Lunch,Regular,4,0,July,2025,7,13,6,1
2659,2025-07-13 12:59:11.750350072,Veg Biryani,3,Vegetarian,130,390,Sunday,Lunch,Regular,6,3,July,2025,7,13,6,1
2660,2025-07-13 14:44:02.928585718,Mutton Biryani,2,Mutton,240,480,Sunday,Lunch,Regular,2,0,July,2025,7,13,6,1
2661,2025-07-13 16:28:54.106821366,Veg Meals,4,Vegetarian,100,400,Sunday,Dinner,New,7,3,July,2025,7,13,6,1
2662,2025-07-13 18:13:45.285057012,Chicken Fried Rice,5,Chicken,160,800,Sunday,Lunch,Regular,7,2,July,2025,7,13,6,1
2663,2025-07-13 19:58:36.463292660,Noodles,5,Vegetarian,110,550,Sunday,Lunch,Regular,8,3,July,2025,7,13,6,1
2664,2025-07-13 21:43:27.641528306,Fried Rice,4,Vegetarian,120,480,Sunday,Dinner,Regular,7,3,July,2025,7,13,6,1
2665,2025-07-13 23:28:18.819763954,Fried Rice,2,Vegetarian,120,240,Sunday,Lunch,New,5,3,July,2025,7,13,6,1
2666,2025-07-14 01:13:09.997999602,Paneer Butter Masala,4,Vegetarian,170,680,Monday,Dinner,Regular,4,0,July,2025,7,14,0,0
2667,2025-07-14 02:58:01.176235248,Chicken Grill,4,Chicken,220,880,Monday,Lunch,New,4,0,July,2025,7,14,0,0
2668,2025-07-14 04:42:52.354470896,Veg Biryani,3,Vegetarian,130,390,Monday,Lunch,Regular,5,2,July,2025,7,14,0,0
2669,2025-07-14 06:27:43.532706542,Fried Rice,5,Vegetarian,120,600,Monday,Breakfast,Regular,8,3,July,2025,7,14,0,0
2670,2025-07-14 08:12:34.710942190,Veg Biryani,3,Vegetarian,130,390,Monday,Dinner,Regular,4,1,July,2025,7,14,0,0
2671,2025-07-14 09:57:25.889177836,Chicken Grill,3,Chicken,220,660,Monday,Lunch,Regular,6,3,July,2025,7,14,0,0
2672,2025-07-14 11:42:17.067413484,Noodles,4,Vegetarian,110,440,Monday,Breakfast,Regular,5,1,July,2025,7,14,0,0
2673,2025-07-14 13:27:08.245649132,Dosa,3,Vegetarian,50,150,Monday,Lunch,Regular,4,1,July,2025,7,14,0,0
2674,2025-07-14 15:11:59.423884778,Chicken 65,5,Chicken,140,700,Monday,Lunch,Regular,8,3,July,2025,7,14,0,0
2675,2025-07-14 16:56:50.602120426,Fried Rice,3,Vegetarian,120,360,Monday,Breakfast,New,4,1,July,2025,7,14,0,0
2676,2025-07-14 18:41:41.780356072,Chicken Noodles,5,Chicken,150,750,Monday,Dinner,New,6,1,July,2025,7,14,0,0
2677,2025-07-14 20:26:32.958591720,Chicken 65,3,Chicken,140,420,Monday,Dinner,Regular,6,3,July,2025,7,14,0,0
2678,2025-07-14 22:11:24.136827366,Chicken Grill,5,Chicken,220,1100,Monday,Breakfast,New,5,0,July,2025,7,14,0,0
2679,2025-07-14 23:56:15.315063014,Paneer Butter Masala,3,Vegetarian,170,510,Monday,Lunch,Regular,6,3,July,2025,7,14,0,0
2680,2025-07-15 01:41:06.493298660,Mutton Biryani,3,Mutton,240,720,Tuesday,Dinner,Regular,5,2,July,2025,7,15,1,0
2681,2025-07-15 03:25:57.671534308,Chicken Noodles,2,Chicken,150,300,Tuesday,Lunch,Regular,3,1,July,2025,7,15,1,0
2682,2025-07-15 05:10:48.849769956,Chicken Fried Rice,5,Chicken,160,800,Tuesday,Lunch,Regular,7,2,July,2025,7,15,1,0
2683,2025-07-15 06:55:40.028005602,Veg Meals,5,Vegetarian,100,500,Tuesday,Lunch,Regular,6,1,July,2025,7,15,1,0
2684,2025-07-15 08:40:31.206241250,Paneer Butter Masala,5,Vegetarian,170,850,Tuesday,Dinner,Regular,5,0,July,2025,7,15,1,0
2685,2025-07-15 10:25:22.384476896,Chicken 65,1,Chicken,140,140,Tuesday,Dinner,Regular,2,1,July,2025,7,15,1,0
2686,2025-07-15 12:10:13.562712544,Chicken Grill,3,Chicken,220,660,Tuesday,Dinner,New,6,3,July,2025,7,15,1,0
2687,2025-07-15 13:55:04.740948190,Chicken 65,5,Chicken,140,700,Tuesday,Breakfast,Regular,6,1,July,2025,7,15,1,0
2688,2025-07-15 15:39:55.919183838,Veg Meals,1,Vegetarian,100,100,Tuesday,Lunch,New,3,2,July,2025,7,15,1,0
2689,2025-07-15 17:24:47.097419486,Fried Rice,2,Vegetarian,120,240,Tuesday,Dinner,Regular,5,3,July,2025,7,15,1,0
2690,2025-07-15 19:09:38.275655132,Paneer Butter Masala,5,Vegetarian,170,850,Tuesday,Breakfast,Regular,7,2,July,2025,7,15,1,0
2691,2025-07-15 20:54:29.453890780,Noodles,5,Vegetarian,110,550,Tuesday,Dinner,Regular,5,0,July,2025,7,15,1,0
2692,2025-07-15 22:39:20.632126426,Chicken Noodles,1,Chicken,150,150,Tuesday,Dinner,Regular,3,2,July,2025,7,15,1,0
2693,2025-07-16 00:24:11.810362074,Parotta,3,Vegetarian,60,180,Wednesday,Breakfast,Regular,5,2,July,2025,7,16,2,0
2694,2025-07-16 02:09:02.988597720,Idli,2,Vegetarian,40,80,Wednesday,Dinner,Regular,4,2,July,2025,7,16,2,0
2695,2025-07-16 03:53:54.166833368,Chicken 65,5,Chicken,140,700,Wednesday,Lunch,New,8,3,July,2025,7,16,2,0
2696,2025-07-16 05:38:45.345069016,Veg Meals,3,Vegetarian,100,300,Wednesday,Dinner,Regular,3,0,July,2025,7,16,2,0
2697,2025-07-16 07:23:36.523304662,Chicken Fried Rice,2,Chicken,160,320,Wednesday,Lunch,Regular,2,0,July,2025,7,16,2,0
2698,2025-07-16 09:08:27.701540310,Chicken Fried Rice,4,Chicken,160,640,Wednesday,Lunch,New,4,0,July,2025,7,16,2,0
2699,2025-07-16 10:53:18.879775956,Chicken Biryani,4,Chicken,180,720,Wednesday,Dinner,Regular,6,2,July,2025,7,16,2,0
2700,2025-07-16 12:38:10.058011604,Paneer Butter Masala,2,Vegetarian,170,340,Wednesday,Dinner,New,5,3,July,2025,7,16,2,0
2701,2025-07-16 14:23:01.236247250,Chicken 65,1,Chicken,140,140,Wednesday,Breakfast,Regular,4,3,July,2025,7,16,2,0
2702,2025-07-16 16:07:52.414482898,Idli,2,Vegetarian,40,80,Wednesday,Lunch,New,5,3,July,2025,7,16,2,0
2703,2025-07-16 17:52:43.592718544,Dosa,2,Vegetarian,50,100,Wednesday,Breakfast,New,4,2,July,2025,7,16,2,0
2704,2025-07-16 19:37:34.770954192,Veg Meals,1,Vegetarian,100,100,Wednesday,Lunch,Regular,1,0,July,2025,7,16,2,0
2705,2025-07-16 21:22:25.949189840,Fried Rice,1,Vegetarian,120,120,Wednesday,Lunch,New,3,2,July,2025,7,16,2,0
2706,2025-07-16 23:07:17.127425486,Veg Biryani,3,Vegetarian,130,390,Wednesday,Lunch,New,6,3,July,2025,7,16,2,0
2707,2025-07-17 00:52:08.305661134,Noodles,3,Vegetarian,110,330,Thursday,Lunch,Regular,5,2,July,2025,7,17,3,0
2708,2025-07-17 02:36:59.483896780,Idli,1,Vegetarian,40,40,Thursday,Breakfast,Regular,2,1,July,2025,7,17,3,0
2709,2025-07-17 04:21:50.662132428,Veg Biryani,4,Vegetarian,130,520,Thursday,Breakfast,Regular,4,0,July,2025,7,17,3,0
2710,2025-07-17 06:06:41.840368074,Paneer Butter Masala,4,Vegetarian,170,680,Thursday,Breakfast,Regular,4,0,July,2025,7,17,3,0
2711,2025-07-17 07:51:33.018603722,Veg Biryani,2,Vegetarian,130,260,Thursday,Lunch,Regular,5,3,July,2025,7,17,3,0
2712,2025-07-17 09:36:24.196839370,Parotta,5,Vegetarian,60,300,Thursday,Dinner,Regular,7,2,July,2025,7,17,3,0
2713,2025-07-17 11:21:15.375075016,Chicken Biryani,2,Chicken,180,360,Thursday,Breakfast,New,5,3,July,2025,7,17,3,0
2714,2025-07-17 13:06:06.553310664,Idli,2,Vegetarian,40,80,Thursday,Dinner,New,4,2,July,2025,7,17,3,0
2715,2025-07-17 14:50:57.731546310,Paneer Butter Masala,5,Vegetarian,170,850,Thursday,Dinner,Regular,6,1,July,2025,7,17,3,0
2716,2025-07-17 16:35:48.909781958,Idli,1,Vegetarian,40,40,Thursday,Dinner,Regular,1,0,July,2025,7,17,3,0
2717,2025-07-17 18:20:40.088017604,Parotta,4,Vegetarian,60,240,Thursday,Dinner,New,4,0,July,2025,7,17,3,0
2718,2025-07-17 20:05:31.266253252,Chicken 65,2,Chicken,140,280,Thursday,Dinner,Regular,4,2,July,2025,7,17,3,0
2719,2025-07-17 21:50:22.444488900,Chicken 65,5,Chicken,140,700,Thursday,Breakfast,Regular,5,0,July,2025,7,17,3,0
2720,2025-07-17 23:35:13.622724546,Chicken 65,3,Chicken,140,420,Thursday,Lunch,Regular,5,2,July,2025,7,17,3,0
2721,2025-07-18 01:20:04.800960194,Mutton Biryani,2,Mutton,240,480,Friday,Dinner,Regular,5,3,July,2025,7,18,4,0
2722,2025-07-18 03:04:55.979195840,Veg Biryani,4,Vegetarian,130,520,Friday,Lunch,New,5,1,July,2025,7,18,4,0
2723,2025-07-18 04:49:47.157431488,Mutton Biryani,1,Mutton,240,240,Friday,Dinner,Regular,3,2,July,2025,7,18,4,0
2724,2025-07-18 06:34:38.335667134,Chicken Biryani,2,Chicken,180,360,Friday,Breakfast,New,3,1,July,2025,7,18,4,0
2725,2025-07-18 08:19:29.513902782,Noodles,2,Vegetarian,110,220,Friday,Dinner,Regular,5,3,July,2025,7,18,4,0
2726,2025-07-18 10:04:20.692138428,Parotta,5,Vegetarian,60,300,Friday,Lunch,Regular,8,3,July,2025,7,18,4,0
2727,2025-07-18 11:49:11.870374076,Paneer Butter Masala,3,Vegetarian,170,510,Friday,Lunch,Regular,6,3,July,2025,7,18,4,0
2728,2025-07-18 13:34:03.048609724,Idli,3,Vegetarian,40,120,Friday,Lunch,New,5,2,July,2025,7,18,4,0
2729,2025-07-18 15:18:54.226845370,Fried Rice,1,Vegetarian,120,120,Friday,Dinner,Regular,2,1,July,2025,7,18,4,0
2730,2025-07-18 17:03:45.405081018,Paneer Butter Masala,4,Vegetarian,170,680,Friday,Dinner,Regular,5,1,July,2025,7,18,4,0
2731,2025-07-18 18:48:36.583316664,Veg Biryani,1,Vegetarian,130,130,Friday,Lunch,Regular,1,0,July,2025,7,18,4,0
2732,2025-07-18 20:33:27.761552312,Mutton Biryani,2,Mutton,240,480,Friday,Dinner,Regular,4,2,July,2025,7,18,4,0
2733,2025-07-18 22:18:18.939787958,Mutton Biryani,2,Mutton,240,480,Friday,Lunch,New,2,0,July,2025,7,18,4,0
2734,2025-07-19 00:03:10.118023606,Chicken Grill,3,Chicken,220,660,Saturday,Breakfast,Regular,3,0,July,2025,7,19,5,1
2735,2025-07-19 01:48:01.296259254,Mutton Biryani,4,Mutton,240,960,Saturday,Breakfast,Regular,6,2,July,2025,7,19,5,1
2736,2025-07-19 03:32:52.474494900,Noodles,5,Vegetarian,110,550,Saturday,Breakfast,Regular,5,0,July,2025,7,19,5,1
2737,2025-07-19 05:17:43.652730548,Dosa,4,Vegetarian,50,200,Saturday,Lunch,New,4,0,July,2025,7,19,5,1
2738,2025-07-19 07:02:34.830966194,Idli,2,Vegetarian,40,80,Saturday,Lunch,New,2,0,July,2025,7,19,5,1
2739,2025-07-19 08:47:26.009201842,Dosa,5,Vegetarian,50,250,Saturday,Dinner,Regular,8,3,July,2025,7,19,5,1
2740,2025-07-19 10:32:17.187437488,Idli,4,Vegetarian,40,160,Saturday,Dinner,Regular,6,2,July,2025,7,19,5,1
2741,2025-07-19 12:17:08.365673136,Parotta,4,Vegetarian,60,240,Saturday,Breakfast,New,7,3,July,2025,7,19,5,1
2742,2025-07-19 14:01:59.543908784,Idli,5,Vegetarian,40,200,Saturday,Lunch,New,5,0,July,2025,7,19,5,1
2743,2025-07-19 15:46:50.722144430,Dosa,2,Vegetarian,50,100,Saturday,Lunch,Regular,2,0,July,2025,7,19,5,1
2744,2025-07-19 17:31:41.900380078,Paneer Butter Masala,4,Vegetarian,170,680,Saturday,Lunch,New,7,3,July,2025,7,19,5,1
2745,2025-07-19 19:16:33.078615724,Idli,5,Vegetarian,40,200,Saturday,Breakfast,Regular,5,0,July,2025,7,19,5,1
2746,2025-07-19 21:01:24.256851372,Parotta,2,Vegetarian,60,120,Saturday,Breakfast,Regular,4,2,July,2025,7,19,5,1
2747,2025-07-19 22:46:15.435087018,Parotta,5,Vegetarian,60,300,Saturday,Dinner,Regular,6,1,July,2025,7,19,5,1
2748,2025-07-20 00:31:06.613322666,Chicken Biryani,5,Chicken,180,900,Sunday,Dinner,Regular,8,3,July,2025,7,20,6,1
2749,2025-07-20 02:15:57.791558312,Idli,4,Vegetarian,40,160,Sunday,Breakfast,Regular,5,1,July,2025,7,20,6,1
2750,2025-07-20 04:00:48.969793960,Fried Rice,2,Vegetarian,120,240,Sunday,Lunch,New,3,1,July,2025,7,20,6,1
2751,2025-07-20 05:45:40.148029608,Chicken Grill,4,Chicken,220,880,Sunday,Lunch,Regular,5,1,July,2025,7,20,6,1
2752,2025-07-20 07:30:31.326265254,Chicken 65,1,Chicken,140,140,Sunday,Dinner,New,4,3,July,2025,7,20,6,1
2753,2025-07-20 09:15:22.504500902,Chicken Fried Rice,1,Chicken,160,160,Sunday,Lunch,Regular,1,0,July,2025,7,20,6,1
2754,2025-07-20 11:00:13.682736548,Parotta,2,Vegetarian,60,120,Sunday,Breakfast,Regular,4,2,July,2025,7,20,6,1
2755,2025-07-20 12:45:04.860972196,Chicken Noodles,5,Chicken,150,750,Sunday,Dinner,Regular,5,0,July,2025,7,20,6,1
2756,2025-07-20 14:29:56.039207842,Chicken 65,4,Chicken,140,560,Sunday,Lunch,Regular,6,2,July,2025,7,20,6,1
2757,2025-07-20 16:14:47.217443490,Noodles,4,Vegetarian,110,440,Sunday,Lunch,Regular,4,0,July,2025,7,20,6,1
2758,2025-07-20 17:59:38.395679138,Veg Biryani,2,Vegetarian,130,260,Sunday,Lunch,Regular,3,1,July,2025,7,20,6,1
2759,2025-07-20 19:44:29.573914784,Idli,2,Vegetarian,40,80,Sunday,Lunch,Regular,3,1,July,2025,7,20,6,1
2760,2025-07-20 21:29:20.752150432,Dosa,1,Vegetarian,50,50,Sunday,Lunch,Regular,3,2,July,2025,7,20,6,1
2761,2025-07-20 23:14:11.930386078,Chicken Fried Rice,3,Chicken,160,480,Sunday,Lunch,Regular,6,3,July,2025,7,20,6,1
2762,2025-07-21 00:59:03.108621726,Chicken Noodles,2,Chicken,150,300,Monday,Lunch,Regular,2,0,July,2025,7,21,0,0
2763,2025-07-21 02:43:54.286857372,Chicken 65,3,Chicken,140,420,Monday,Breakfast,New,4,1,July,2025,7,21,0,0
2764,2025-07-21 04:28:45.465093020,Idli,2,Vegetarian,40,80,Monday,Dinner,New,4,2,July,2025,7,21,0,0
2765,2025-07-21 06:13:36.643328666,Chicken Biryani,5,Chicken,180,900,Monday,Breakfast,New,5,0,July,2025,7,21,0,0
2766,2025-07-21 07:58:27.821564314,Veg Biryani,5,Vegetarian,130,650,Monday,Breakfast,New,7,2,July,2025,7,21,0,0
2767,2025-07-21 09:43:18.999799962,Chicken Fried Rice,1,Chicken,160,160,Monday,Dinner,Regular,4,3,July,2025,7,21,0,0
2768,2025-07-21 11:28:10.178035608,Chicken Grill,1,Chicken,220,220,Monday,Dinner,Regular,4,3,July,2025,7,21,0,0
2769,2025-07-21 13:13:01.356271256,Chicken Biryani,3,Chicken,180,540,Monday,Dinner,Regular,3,0,July,2025,7,21,0,0
2770,2025-07-21 14:57:52.534506902,Chicken Noodles,2,Chicken,150,300,Monday,Lunch,Regular,5,3,July,2025,7,21,0,0
2771,2025-07-21 16:42:43.712742550,Noodles,4,Vegetarian,110,440,Monday,Lunch,Regular,4,0,July,2025,7,21,0,0
2772,2025-07-21 18:27:34.890978196,Chicken Fried Rice,1,Chicken,160,160,Monday,Dinner,Regular,1,0,July,2025,7,21,0,0
2773,2025-07-21 20:12:26.069213844,Chicken Biryani,4,Chicken,180,720,Monday,Dinner,Regular,7,3,July,2025,7,21,0,0
2774,2025-07-21 21:57:17.247449492,Veg Biryani,4,Vegetarian,130,520,Monday,Lunch,Regular,6,2,July,2025,7,21,0,0
2775,2025-07-21 23:42:08.425685138,Chicken Grill,2,Chicken,220,440,Monday,Dinner,Regular,4,2,July,2025,7,21,0,0
2776,2025-07-22 01:26:59.603920786,Chicken Biryani,3,Chicken,180,540,Tuesday,Breakfast,Regular,3,0,July,2025,7,22,1,0
2777,2025-07-22 03:11:50.782156432,Mutton Biryani,2,Mutton,240,480,Tuesday,Dinner,Regular,3,1,July,2025,7,22,1,0
2778,2025-07-22 04:56:41.960392080,Chicken Grill,1,Chicken,220,220,Tuesday,Dinner,Regular,1,0,July,2025,7,22,1,0
2779,2025-07-22 06:41:33.138627726,Chicken Noodles,4,Chicken,150,600,Tuesday,Dinner,New,6,2,July,2025,7,22,1,0
2780,2025-07-22 08:26:24.316863374,Noodles,2,Vegetarian,110,220,Tuesday,Dinner,Regular,2,0,July,2025,7,22,1,0
2781,2025-07-22 10:11:15.495099022,Veg Biryani,2,Vegetarian,130,260,Tuesday,Dinner,Regular,4,2,July,2025,7,22,1,0
2782,2025-07-22 11:56:06.673334668,Fried Rice,2,Vegetarian,120,240,Tuesday,Breakfast,Regular,5,3,July,2025,7,22,1,0
2783,2025-07-22 13:40:57.851570316,Idli,1,Vegetarian,40,40,Tuesday,Lunch,Regular,1,0,July,2025,7,22,1,0
2784,2025-07-22 15:25:49.029805962,Dosa,3,Vegetarian,50,150,Tuesday,Breakfast,New,3,0,July,2025,7,22,1,0
2785,2025-07-22 17:10:40.208041610,Veg Meals,2,Vegetarian,100,200,Tuesday,Lunch,Regular,5,3,July,2025,7,22,1,0
2786,2025-07-22 18:55:31.386277256,Paneer Butter Masala,1,Vegetarian,170,170,Tuesday,Dinner,Regular,4,3,July,2025,7,22,1,0
2787,2025-07-22 20:40:22.564512904,Paneer Butter Masala,4,Vegetarian,170,680,Tuesday,Lunch,Regular,5,1,July,2025,7,22,1,0
2788,2025-07-22 22:25:13.742748550,Dosa,5,Vegetarian,50,250,Tuesday,Lunch,Regular,8,3,July,2025,7,22,1,0
2789,2025-07-23 00:10:04.920984198,Veg Meals,1,Vegetarian,100,100,Wednesday,Lunch,New,2,1,July,2025,7,23,2,0
2790,2025-07-23 01:54:56.099219846,Dosa,5,Vegetarian,50,250,Wednesday,Dinner,New,8,3,July,2025,7,23,2,0
2791,2025-07-23 03:39:47.277455492,Chicken Fried Rice,2,Chicken,160,320,Wednesday,Breakfast,Regular,4,2,July,2025,7,23,2,0
2792,2025-07-23 05:24:38.455691140,Chicken Noodles,2,Chicken,150,300,Wednesday,Lunch,New,2,0,July,2025,7,23,2,0
2793,2025-07-23 07:09:29.633926786,Veg Biryani,1,Vegetarian,130,130,Wednesday,Breakfast,Regular,4,3,July,2025,7,23,2,0
2794,2025-07-23 08:54:20.812162434,Chicken Grill,5,Chicken,220,1100,Wednesday,Dinner,Regular,7,2,July,2025,7,23,2,0
2795,2025-07-23 10:39:11.990398080,Chicken Fried Rice,2,Chicken,160,320,Wednesday,Breakfast,New,5,3,July,2025,7,23,2,0
2796,2025-07-23 12:24:03.168633728,Chicken Noodles,4,Chicken,150,600,Wednesday,Dinner,Regular,4,0,July,2025,7,23,2,0
2797,2025-07-23 14:08:54.346869376,Idli,3,Vegetarian,40,120,Wednesday,Lunch,Regular,6,3,July,2025,7,23,2,0
2798,2025-07-23 15:53:45.525105022,Mutton Biryani,3,Mutton,240,720,Wednesday,Breakfast,New,6,3,July,2025,7,23,2,0
2799,2025-07-23 17:38:36.703340670,Paneer Butter Masala,2,Vegetarian,170,340,Wednesday,Dinner,New,2,0,July,2025,7,23,2,0
2800,2025-07-23 19:23:27.881576316,Veg Biryani,5,Vegetarian,130,650,Wednesday,Breakfast,Regular,8,3,July,2025,7,23,2,0
2801,2025-07-23 21:08:19.059811964,Dosa,2,Vegetarian,50,100,Wednesday,Lunch,Regular,2,0,July,2025,7,23,2,0
2802,2025-07-23 22:53:10.238047610,Chicken Biryani,5,Chicken,180,900,Wednesday,Breakfast,Regular,6,1,July,2025,7,23,2,0
2803,2025-07-24 00:38:01.416283258,Fried Rice,4,Vegetarian,120,480,Thursday,Lunch,Regular,7,3,July,2025,7,24,3,0
2804,2025-07-24 02:22:52.594518906,Veg Biryani,5,Vegetarian,130,650,Thursday,Lunch,Regular,7,2,July,2025,7,24,3,0
2805,2025-07-24 04:07:43.772754552,Parotta,2,Vegetarian,60,120,Thursday,Lunch,Regular,5,3,July,2025,7,24,3,0
2806,2025-07-24 05:52:34.950990200,Noodles,4,Vegetarian,110,440,Thursday,Breakfast,Regular,4,0,July,2025,7,24,3,0
2807,2025-07-24 07:37:26.129225846,Veg Meals,1,Vegetarian,100,100,Thursday,Lunch,Regular,1,0,July,2025,7,24,3,0
2808,2025-07-24 09:22:17.307461494,Chicken Noodles,3,Chicken,150,450,Thursday,Dinner,New,5,2,July,2025,7,24,3,0
2809,2025-07-24 11:07:08.485697140,Chicken 65,2,Chicken,140,280,Thursday,Dinner,Regular,4,2,July,2025,7,24,3,0
2810,2025-07-24 12:51:59.663932788,Idli,2,Vegetarian,40,80,Thursday,Lunch,Regular,2,0,July,2025,7,24,3,0
2811,2025-07-24 14:36:50.842168434,Mutton Biryani,2,Mutton,240,480,Thursday,Lunch,Regular,3,1,July,2025,7,24,3,0
2812,2025-07-24 16:21:42.020404082,Idli,4,Vegetarian,40,160,Thursday,Lunch,Regular,5,1,July,2025,7,24,3,0
2813,2025-07-24 18:06:33.198639730,Veg Biryani,1,Vegetarian,130,130,Thursday,Lunch,New,1,0,July,2025,7,24,3,0
2814,2025-07-24 19:51:24.376875376,Paneer Butter Masala,5,Vegetarian,170,850,Thursday,Breakfast,Regular,6,1,July,2025,7,24,3,0
2815,2025-07-24 21:36:15.555111024,Veg Meals,1,Vegetarian,100,100,Thursday,Lunch,Regular,3,2,July,2025,7,24,3,0
2816,2025-07-24 23:21:06.733346670,Chicken 65,4,Chicken,140,560,Thursday,Lunch,Regular,5,1,July,2025,7,24,3,0
2817,2025-07-25 01:05:57.911582318,Parotta,2,Vegetarian,60,120,Friday,Lunch,Regular,4,2,July,2025,7,25,4,0
2818,2025-07-25 02:50:49.089817964,Chicken Grill,3,Chicken,220,660,Friday,Lunch,Regular,6,3,July,2025,7,25,4,0
2819,2025-07-25 04:35:40.268053612,Chicken Biryani,2,Chicken,180,360,Friday,Dinner,Regular,4,2,July,2025,7,25,4,0
2820,2025-07-25 06:20:31.446289260,Chicken 65,5,Chicken,140,700,Friday,Breakfast,Regular,8,3,July,2025,7,25,4,0
2821,2025-07-25 08:05:22.624524906,Chicken Noodles,3,Chicken,150,450,Friday,Dinner,New,5,2,July,2025,7,25,4,0
2822,2025-07-25 09:50:13.802760554,Dosa,2,Vegetarian,50,100,Friday,Dinner,Regular,4,2,July,2025,7,25,4,0
2823,2025-07-25 11:35:04.980996200,Parotta,3,Vegetarian,60,180,Friday,Lunch,Regular,4,1,July,2025,7,25,4,0
2824,2025-07-25 13:19:56.159231848,Chicken Biryani,1,Chicken,180,180,Friday,Lunch,Regular,3,2,July,2025,7,25,4,0
2825,2025-07-25 15:04:47.337467494,Fried Rice,4,Vegetarian,120,480,Friday,Lunch,New,4,0,July,2025,7,25,4,0
2826,2025-07-25 16:49:38.515703142,Mutton Biryani,2,Mutton,240,480,Friday,Breakfast,Regular,5,3,July,2025,7,25,4,0
2827,2025-07-25 18:34:29.693938790,Dosa,5,Vegetarian,50,250,Friday,Lunch,New,8,3,July,2025,7,25,4,0
2828,2025-07-25 20:19:20.872174436,Veg Biryani,1,Vegetarian,130,130,Friday,Dinner,Regular,3,2,July,2025,7,25,4,0
2829,2025-07-25 22:04:12.050410084,Chicken 65,2,Chicken,140,280,Friday,Breakfast,New,2,0,July,2025,7,25,4,0
2830,2025-07-25 23:49:03.228645730,Paneer Butter Masala,1,Vegetarian,170,170,Friday,Lunch,Regular,3,2,July,2025,7,25,4,0
2831,2025-07-26 01:33:54.406881378,Chicken Biryani,5,Chicken,180,900,Saturday,Dinner,Regular,7,2,July,2025,7,26,5,1
2832,2025-07-26 03:18:45.585117024,Noodles,2,Vegetarian,110,220,Saturday,Dinner,Regular,3,1,July,2025,7,26,5,1
2833,2025-07-26 05:03:36.763352672,Chicken Fried Rice,5,Chicken,160,800,Saturday,Lunch,Regular,7,2,July,2025,7,26,5,1
2834,2025-07-26 06:48:27.941588318,Noodles,3,Vegetarian,110,330,Saturday,Dinner,Regular,5,2,July,2025,7,26,5,1
2835,2025-07-26 08:33:19.119823966,Chicken Grill,5,Chicken,220,1100,Saturday,Lunch,New,6,1,July,2025,7,26,5,1
2836,2025-07-26 10:18:10.298059614,Noodles,3,Vegetarian,110,330,Saturday,Breakfast,Regular,4,1,July,2025,7,26,5,1
2837,2025-07-26 12:03:01.476295260,Fried Rice,2,Vegetarian,120,240,Saturday,Lunch,New,2,0,July,2025,7,26,5,1
2838,2025-07-26 13:47:52.654530908,Chicken Grill,3,Chicken,220,660,Saturday,Lunch,New,4,1,July,2025,7,26,5,1
2839,2025-07-26 15:32:43.832766554,Parotta,2,Vegetarian,60,120,Saturday,Dinner,New,5,3,July,2025,7,26,5,1
2840,2025-07-26 17:17:35.011002202,Mutton Biryani,2,Mutton,240,480,Saturday,Breakfast,Regular,5,3,July,2025,7,26,5,1
2841,2025-07-26 19:02:26.189237848,Parotta,4,Vegetarian,60,240,Saturday,Lunch,Regular,4,0,July,2025,7,26,5,1
2842,2025-07-26 20:47:17.367473496,Chicken Fried Rice,2,Chicken,160,320,Saturday,Lunch,Regular,4,2,July,2025,7,26,5,1
2843,2025-07-26 22:32:08.545709144,Chicken Noodles,3,Chicken,150,450,Saturday,Lunch,Regular,3,0,July,2025,7,26,5,1
2844,2025-07-27 00:16:59.723944790,Mutton Biryani,4,Mutton,240,960,Sunday,Breakfast,New,5,1,July,2025,7,27,6,1
2845,2025-07-27 02:01:50.902180438,Noodles,4,Vegetarian,110,440,Sunday,Lunch,Regular,6,2,July,2025,7,27,6,1
2846,2025-07-27 03:46:42.080416084,Paneer Butter Masala,2,Vegetarian,170,340,Sunday,Dinner,New,2,0,July,2025,7,27,6,1
2847,2025-07-27 05:31:33.258651732,Idli,5,Vegetarian,40,200,Sunday,Lunch,Regular,5,0,July,2025,7,27,6,1
2848,2025-07-27 07:16:24.436887378,Chicken Noodles,5,Chicken,150,750,Sunday,Lunch,New,8,3,July,2025,7,27,6,1
2849,2025-07-27 09:01:15.615123026,Mutton Biryani,4,Mutton,240,960,Sunday,Lunch,New,4,0,July,2025,7,27,6,1
2850,2025-07-27 10:46:06.793358674,Mutton Biryani,2,Mutton,240,480,Sunday,Lunch,Regular,4,2,July,2025,7,27,6,1
2851,2025-07-27 12:30:57.971594320,Chicken Fried Rice,5,Chicken,160,800,Sunday,Lunch,Regular,5,0,July,2025,7,27,6,1
2852,2025-07-27 14:15:49.149829968,Veg Biryani,2,Vegetarian,130,260,Sunday,Dinner,Regular,2,0,July,2025,7,27,6,1
2853,2025-07-27 16:00:40.328065614,Noodles,2,Vegetarian,110,220,Sunday,Dinner,Regular,3,1,July,2025,7,27,6,1
2854,2025-07-27 17:45:31.506301262,Chicken Fried Rice,4,Chicken,160,640,Sunday,Lunch,New,4,0,July,2025,7,27,6,1
2855,2025-07-27 19:30:22.684536908,Mutton Biryani,4,Mutton,240,960,Sunday,Lunch,Regular,6,2,July,2025,7,27,6,1
2856,2025-07-27 21:15:13.862772556,Chicken Biryani,1,Chicken,180,180,Sunday,Dinner,Regular,4,3,July,2025,7,27,6,1
2857,2025-07-27 23:00:05.041008202,Chicken Noodles,5,Chicken,150,750,Sunday,Lunch,New,8,3,July,2025,7,27,6,1
2858,2025-07-28 00:44:56.219243850,Chicken Fried Rice,5,Chicken,160,800,Monday,Lunch,New,8,3,July,2025,7,28,0,0
2859,2025-07-28 02:29:47.397479498,Veg Biryani,5,Vegetarian,130,650,Monday,Lunch,New,8,3,July,2025,7,28,0,0
2860,2025-07-28 04:14:38.575715144,Veg Meals,3,Vegetarian,100,300,Monday,Dinner,Regular,4,1,July,2025,7,28,0,0
2861,2025-07-28 05:59:29.753950792,Chicken 65,2,Chicken,140,280,Monday,Lunch,New,4,2,July,2025,7,28,0,0
2862,2025-07-28 07:44:20.932186438,Parotta,4,Vegetarian,60,240,Monday,Dinner,Regular,5,1,July,2025,7,28,0,0
2863,2025-07-28 09:29:12.110422086,Mutton Biryani,5,Mutton,240,1200,Monday,Dinner,Regular,8,3,July,2025,7,28,0,0
2864,2025-07-28 11:14:03.288657732,Noodles,1,Vegetarian,110,110,Monday,Lunch,New,2,1,July,2025,7,28,0,0
2865,2025-07-28 12:58:54.466893380,Idli,5,Vegetarian,40,200,Monday,Dinner,Regular,5,0,July,2025,7,28,0,0
2866,2025-07-28 14:43:45.645129028,Chicken 65,2,Chicken,140,280,Monday,Dinner,Regular,4,2,July,2025,7,28,0,0
2867,2025-07-28 16:28:36.823364676,Chicken Grill,2,Chicken,220,440,Monday,Lunch,Regular,2,0,July,2025,7,28,0,0
2868,2025-07-28 18:13:28.001600320,Paneer Butter Masala,4,Vegetarian,170,680,Monday,Breakfast,Regular,5,1,July,2025,7,28,0,0
2869,2025-07-28 19:58:19.179835968,Paneer Butter Masala,3,Vegetarian,170,510,Monday,Breakfast,Regular,3,0,July,2025,7,28,0,0
2870,2025-07-28 21:43:10.358071616,Dosa,4,Vegetarian,50,200,Monday,Lunch,Regular,5,1,July,2025,7,28,0,0
2871,2025-07-28 23:28:01.536307264,Veg Biryani,5,Vegetarian,130,650,Monday,Lunch,New,6,1,July,2025,7,28,0,0
2872,2025-07-29 01:12:52.714542908,Idli,1,Vegetarian,40,40,Tuesday,Lunch,New,3,2,July,2025,7,29,1,0
2873,2025-07-29 02:57:43.892778556,Veg Meals,4,Vegetarian,100,400,Tuesday,Breakfast,Regular,6,2,July,2025,7,29,1,0
2874,2025-07-29 04:42:35.071014204,Veg Meals,3,Vegetarian,100,300,Tuesday,Dinner,New,5,2,July,2025,7,29,1,0
2875,2025-07-29 06:27:26.249249852,Dosa,4,Vegetarian,50,200,Tuesday,Lunch,Regular,7,3,July,2025,7,29,1,0
2876,2025-07-29 08:12:17.427485500,Veg Biryani,2,Vegetarian,130,260,Tuesday,Lunch,New,4,2,July,2025,7,29,1,0
2877,2025-07-29 09:57:08.605721144,Noodles,5,Vegetarian,110,550,Tuesday,Lunch,Regular,5,0,July,2025,7,29,1,0
2878,2025-07-29 11:41:59.783956792,Chicken Biryani,5,Chicken,180,900,Tuesday,Lunch,New,7,2,July,2025,7,29,1,0
2879,2025-07-29 13:26:50.962192440,Noodles,5,Vegetarian,110,550,Tuesday,Lunch,Regular,7,2,July,2025,7,29,1,0
2880,2025-07-29 15:11:42.140428088,Parotta,5,Vegetarian,60,300,Tuesday,Lunch,Regular,7,2,July,2025,7,29,1,0
2881,2025-07-29 16:56:33.318663736,Chicken 65,5,Chicken,140,700,Tuesday,Breakfast,New,6,1,July,2025,7,29,1,0
2882,2025-07-29 18:41:24.496899380,Chicken Noodles,5,Chicken,150,750,Tuesday,Dinner,New,6,1,July,2025,7,29,1,0
2883,2025-07-29 20:26:15.675135028,Veg Meals,1,Vegetarian,100,100,Tuesday,Dinner,Regular,3,2,July,2025,7,29,1,0
2884,2025-07-29 22:11:06.853370676,Paneer Butter Masala,3,Vegetarian,170,510,Tuesday,Lunch,New,4,1,July,2025,7,29,1,0
2885,2025-07-29 23:55:58.031606324,Veg Biryani,5,Vegetarian,130,650,Tuesday,Dinner,Regular,6,1,July,2025,7,29,1,0
2886,2025-07-30 01:40:49.209841968,Noodles,3,Vegetarian,110,330,Wednesday,Dinner,New,6,3,July,2025,7,30,2,0
2887,2025-07-30 03:25:40.388077616,Chicken Noodles,5,Chicken,150,750,Wednesday,Breakfast,Regular,5,0,July,2025,7,30,2,0
2888,2025-07-30 05:10:31.566313264,Parotta,4,Vegetarian,60,240,Wednesday,Dinner,Regular,5,1,July,2025,7,30,2,0
2889,2025-07-30 06:55:22.744548912,Mutton Biryani,5,Mutton,240,1200,Wednesday,Dinner,Regular,5,0,July,2025,7,30,2,0
2890,2025-07-30 08:40:13.922784560,Chicken Grill,2,Chicken,220,440,Wednesday,Lunch,Regular,3,1,July,2025,7,30,2,0
2891,2025-07-30 10:25:05.101020204,Chicken 65,1,Chicken,140,140,Wednesday,Breakfast,Regular,3,2,July,2025,7,30,2,0
2892,2025-07-30 12:09:56.279255852,Parotta,4,Vegetarian,60,240,Wednesday,Breakfast,Regular,5,1,July,2025,7,30,2,0
2893,2025-07-30 13:54:47.457491500,Parotta,4,Vegetarian,60,240,Wednesday,Breakfast,Regular,5,1,July,2025,7,30,2,0
2894,2025-07-30 15:39:38.635727148,Noodles,2,Vegetarian,110,220,Wednesday,Dinner,New,2,0,July,2025,7,30,2,0
2895,2025-07-30 17:24:29.813962792,Chicken Biryani,5,Chicken,180,900,Wednesday,Lunch,New,7,2,July,2025,7,30,2,0
2896,2025-07-30 19:09:20.992198440,Dosa,1,Vegetarian,50,50,Wednesday,Dinner,Regular,4,3,July,2025,7,30,2,0
2897,2025-07-30 20:54:12.170434088,Veg Meals,4,Vegetarian,100,400,Wednesday,Dinner,Regular,4,0,July,2025,7,30,2,0
2898,2025-07-30 22:39:03.348669736,Chicken Grill,1,Chicken,220,220,Wednesday,Dinner,New,3,2,July,2025,7,30,2,0
2899,2025-07-31 00:23:54.526905384,Chicken 65,4,Chicken,140,560,Thursday,Dinner,New,6,2,July,2025,7,31,3,0
2900,2025-07-31 02:08:45.705141028,Mutton Biryani,5,Mutton,240,1200,Thursday,Breakfast,Regular,5,0,July,2025,7,31,3,0
2901,2025-07-31 03:53:36.883376676,Mutton Biryani,4,Mutton,240,960,Thursday,Lunch,Regular,5,1,July,2025,7,31,3,0
2902,2025-07-31 05:38:28.061612324,Chicken Fried Rice,4,Chicken,160,640,Thursday,Dinner,Regular,6,2,July,2025,7,31,3,0
2903,2025-07-31 07:23:19.239847972,Parotta,3,Vegetarian,60,180,Thursday,Breakfast,Regular,6,3,July,2025,7,31,3,0
2904,2025-07-31 09:08:10.418083620,Veg Biryani,5,Vegetarian,130,650,Thursday,Breakfast,Regular,6,1,July,2025,7,31,3,0
2905,2025-07-31 10:53:01.596319264,Chicken Biryani,2,Chicken,180,360,Thursday,Dinner,Regular,2,0,July,2025,7,31,3,0
2906,2025-07-31 12:37:52.774554912,Chicken Grill,2,Chicken,220,440,Thursday,Dinner,Regular,2,0,July,2025,7,31,3,0
2907,2025-07-31 14:22:43.952790560,Noodles,5,Vegetarian,110,550,Thursday,Lunch,New,5,0,July,2025,7,31,3,0
2908,2025-07-31 16:07:35.131026208,Mutton Biryani,2,Mutton,240,480,Thursday,Dinner,Regular,2,0,July,2025,7,31,3,0
2909,2025-07-31 17:52:26.309261852,Chicken 65,5,Chicken,140,700,Thursday,Dinner,Regular,8,3,July,2025,7,31,3,0
2910,2025-07-31 19:37:17.487497500,Chicken Fried Rice,2,Chicken,160,320,Thursday,Lunch,Regular,5,3,July,2025,7,31,3,0
2911,2025-07-31 21:22:08.665733148,Paneer Butter Masala,3,Vegetarian,170,510,Thursday,Breakfast,New,5,2,July,2025,7,31,3,0
2912,2025-07-31 23:06:59.843968796,Veg Meals,2,Vegetarian,100,200,Thursday,Dinner,Regular,5,3,July,2025,7,31,3,0
2913,2025-08-01 00:51:51.022204444,Chicken 65,4,Chicken,140,560,Friday,Lunch,New,4,0,August,2025,8,1,4,0
2914,2025-08-01 02:36:42.200440088,Chicken Biryani,5,Chicken,180,900,Friday,Breakfast,New,8,3,August,2025,8,1,4,0
2915,2025-08-01 04:21:33.378675736,Veg Biryani,1,Vegetarian,130,130,Friday,Lunch,Regular,2,1,August,2025,8,1,4,0
2916,2025-08-01 06:06:24.556911384,Chicken Fried Rice,1,Chicken,160,160,Friday,Dinner,Regular,2,1,August,2025,8,1,4,0
2917,2025-08-01 07:51:15.735147032,Paneer Butter Masala,5,Vegetarian,170,850,Friday,Lunch,Regular,7,2,August,2025,8,1,4,0
2918,2025-08-01 09:36:06.913382676,Chicken Fried Rice,3,Chicken,160,480,Friday,Lunch,Regular,3,0,August,2025,8,1,4,0
2919,2025-08-01 11:20:58.091618324,Dosa,2,Vegetarian,50,100,Friday,Lunch,Regular,5,3,August,2025,8,1,4,0
2920,2025-08-01 13:05:49.269853972,Chicken Grill,3,Chicken,220,660,Friday,Dinner,Regular,5,2,August,2025,8,1,4,0
2921,2025-08-01 14:50:40.448089620,Chicken Fried Rice,1,Chicken,160,160,Friday,Breakfast,Regular,3,2,August,2025,8,1,4,0
2922,2025-08-01 16:35:31.626325268,Fried Rice,5,Vegetarian,120,600,Friday,Lunch,New,8,3,August,2025,8,1,4,0
2923,2025-08-01 18:20:22.804560912,Dosa,5,Vegetarian,50,250,Friday,Dinner,Regular,7,2,August,2025,8,1,4,0
2924,2025-08-01 20:05:13.982796560,Dosa,3,Vegetarian,50,150,Friday,Breakfast,Regular,3,0,August,2025,8,1,4,0
2925,2025-08-01 21:50:05.161032208,Chicken Biryani,3,Chicken,180,540,Friday,Dinner,New,6,3,August,2025,8,1,4,0
2926,2025-08-01 23:34:56.339267856,Fried Rice,2,Vegetarian,120,240,Friday,Dinner,Regular,3,1,August,2025,8,1,4,0
2927,2025-08-02 01:19:47.517503504,Chicken Noodles,4,Chicken,150,600,Saturday,Dinner,Regular,5,1,August,2025,8,2,5,1
2928,2025-08-02 03:04:38.695739148,Chicken 65,4,Chicken,140,560,Saturday,Lunch,Regular,7,3,August,2025,8,2,5,1
2929,2025-08-02 04:49:29.873974796,Veg Meals,2,Vegetarian,100,200,Saturday,Dinner,Regular,4,2,August,2025,8,2,5,1
2930,2025-08-02 06:34:21.052210444,Veg Biryani,4,Vegetarian,130,520,Saturday,Dinner,Regular,6,2,August,2025,8,2,5,1
2931,2025-08-02 08:19:12.230446092,Idli,1,Vegetarian,40,40,Saturday,Dinner,New,2,1,August,2025,8,2,5,1
2932,2025-08-02 10:04:03.408681736,Chicken 65,4,Chicken,140,560,Saturday,Breakfast,New,5,1,August,2025,8,2,5,1
2933,2025-08-02 11:48:54.586917384,Chicken Fried Rice,2,Chicken,160,320,Saturday,Dinner,Regular,2,0,August,2025,8,2,5,1
2934,2025-08-02 13:33:45.765153032,Veg Biryani,4,Vegetarian,130,520,Saturday,Lunch,Regular,6,2,August,2025,8,2,5,1
2935,2025-08-02 15:18:36.943388680,Mutton Biryani,5,Mutton,240,1200,Saturday,Breakfast,Regular,5,0,August,2025,8,2,5,1
2936,2025-08-02 17:03:28.121624328,Chicken Noodles,3,Chicken,150,450,Saturday,Lunch,Regular,4,1,August,2025,8,2,5,1
2937,2025-08-02 18:48:19.299859972,Mutton Biryani,1,Mutton,240,240,Saturday,Dinner,Regular,2,1,August,2025,8,2,5,1
2938,2025-08-02 20:33:10.478095620,Fried Rice,5,Vegetarian,120,600,Saturday,Lunch,Regular,6,1,August,2025,8,2,5,1
2939,2025-08-02 22:18:01.656331268,Mutton Biryani,5,Mutton,240,1200,Saturday,Lunch,New,6,1,August,2025,8,2,5,1
2940,2025-08-03 00:02:52.834566916,Noodles,2,Vegetarian,110,220,Sunday,Dinner,New,2,0,August,2025,8,3,6,1
2941,2025-08-03 01:47:44.012802560,Chicken Grill,3,Chicken,220,660,Sunday,Lunch,Regular,4,1,August,2025,8,3,6,1
2942,2025-08-03 03:32:35.191038208,Chicken 65,3,Chicken,140,420,Sunday,Dinner,Regular,6,3,August,2025,8,3,6,1
2943,2025-08-03 05:17:26.369273856,Idli,1,Vegetarian,40,40,Sunday,Lunch,Regular,3,2,August,2025,8,3,6,1
2944,2025-08-03 07:02:17.547509504,Noodles,2,Vegetarian,110,220,Sunday,Lunch,Regular,3,1,August,2025,8,3,6,1
2945,2025-08-03 08:47:08.725745152,Chicken Biryani,1,Chicken,180,180,Sunday,Dinner,Regular,3,2,August,2025,8,3,6,1
2946,2025-08-03 10:31:59.903980796,Idli,4,Vegetarian,40,160,Sunday,Dinner,Regular,5,1,August,2025,8,3,6,1
2947,2025-08-03 12:16:51.082216444,Mutton Biryani,5,Mutton,240,1200,Sunday,Lunch,Regular,5,0,August,2025,8,3,6,1
2948,2025-08-03 14:01:42.260452092,Chicken Fried Rice,1,Chicken,160,160,Sunday,Dinner,Regular,3,2,August,2025,8,3,6,1
2949,2025-08-03 15:46:33.438687740,Paneer Butter Masala,5,Vegetarian,170,850,Sunday,Breakfast,Regular,5,0,August,2025,8,3,6,1
2950,2025-08-03 17:31:24.616923388,Chicken Noodles,2,Chicken,150,300,Sunday,Lunch,Regular,3,1,August,2025,8,3,6,1
2951,2025-08-03 19:16:15.795159032,Veg Meals,4,Vegetarian,100,400,Sunday,Lunch,New,7,3,August,2025,8,3,6,1
2952,2025-08-03 21:01:06.973394680,Parotta,2,Vegetarian,60,120,Sunday,Breakfast,Regular,5,3,August,2025,8,3,6,1
2953,2025-08-03 22:45:58.151630328,Idli,4,Vegetarian,40,160,Sunday,Lunch,Regular,7,3,August,2025,8,3,6,1
2954,2025-08-04 00:30:49.329865976,Veg Meals,4,Vegetarian,100,400,Monday,Lunch,Regular,7,3,August,2025,8,4,0,0
2955,2025-08-04 02:15:40.508101620,Veg Meals,5,Vegetarian,100,500,Monday,Breakfast,Regular,8,3,August,2025,8,4,0,0
2956,2025-08-04 04:00:31.686337268,Mutton Biryani,2,Mutton,240,480,Monday,Lunch,Regular,2,0,August,2025,8,4,0,0
2957,2025-08-04 05:45:22.864572916,Chicken Noodles,2,Chicken,150,300,Monday,Lunch,New,5,3,August,2025,8,4,0,0
2958,2025-08-04 07:30:14.042808564,Veg Biryani,1,Vegetarian,130,130,Monday,Lunch,Regular,2,1,August,2025,8,4,0,0
2959,2025-08-04 09:15:05.221044212,Chicken 65,2,Chicken,140,280,Monday,Dinner,New,2,0,August,2025,8,4,0,0
2960,2025-08-04 10:59:56.399279856,Veg Meals,1,Vegetarian,100,100,Monday,Dinner,New,1,0,August,2025,8,4,0,0
2961,2025-08-04 12:44:47.577515504,Dosa,3,Vegetarian,50,150,Monday,Lunch,Regular,6,3,August,2025,8,4,0,0
2962,2025-08-04 14:29:38.755751152,Chicken Grill,3,Chicken,220,660,Monday,Dinner,Regular,5,2,August,2025,8,4,0,0
2963,2025-08-04 16:14:29.933986800,Chicken Noodles,3,Chicken,150,450,Monday,Dinner,Regular,4,1,August,2025,8,4,0,0
2964,2025-08-04 17:59:21.112222444,Chicken Fried Rice,2,Chicken,160,320,Monday,Lunch,Regular,2,0,August,2025,8,4,0,0
2965,2025-08-04 19:44:12.290458092,Fried Rice,2,Vegetarian,120,240,Monday,Breakfast,Regular,3,1,August,2025,8,4,0,0
2966,2025-08-04 21:29:03.468693740,Chicken Fried Rice,1,Chicken,160,160,Monday,Dinner,New,3,2,August,2025,8,4,0,0
2967,2025-08-04 23:13:54.646929388,Chicken Noodles,4,Chicken,150,600,Monday,Lunch,New,4,0,August,2025,8,4,0,0
2968,2025-08-05 00:58:45.825165036,Chicken Fried Rice,1,Chicken,160,160,Tuesday,Dinner,Regular,2,1,August,2025,8,5,1,0
2969,2025-08-05 02:43:37.003400680,Veg Meals,3,Vegetarian,100,300,Tuesday,Dinner,New,6,3,August,2025,8,5,1,0
2970,2025-08-05 04:28:28.181636328,Chicken 65,1,Chicken,140,140,Tuesday,Dinner,Regular,1,0,August,2025,8,5,1,0
2971,2025-08-05 06:13:19.359871976,Chicken Fried Rice,4,Chicken,160,640,Tuesday,Dinner,Regular,4,0,August,2025,8,5,1,0
2972,2025-08-05 07:58:10.538107624,Idli,2,Vegetarian,40,80,Tuesday,Lunch,Regular,2,0,August,2025,8,5,1,0
2973,2025-08-05 09:43:01.716343272,Dosa,1,Vegetarian,50,50,Tuesday,Breakfast,New,1,0,August,2025,8,5,1,0
2974,2025-08-05 11:27:52.894578916,Chicken Fried Rice,3,Chicken,160,480,Tuesday,Dinner,Regular,6,3,August,2025,8,5,1,0
2975,2025-08-05 13:12:44.072814564,Dosa,3,Vegetarian,50,150,Tuesday,Lunch,Regular,5,2,August,2025,8,5,1,0
2976,2025-08-05 14:57:35.251050212,Paneer Butter Masala,2,Vegetarian,170,340,Tuesday,Dinner,New,4,2,August,2025,8,5,1,0
2977,2025-08-05 16:42:26.429285860,Mutton Biryani,1,Mutton,240,240,Tuesday,Dinner,Regular,2,1,August,2025,8,5,1,0
2978,2025-08-05 18:27:17.607521504,Chicken Biryani,4,Chicken,180,720,Tuesday,Dinner,Regular,7,3,August,2025,8,5,1,0
2979,2025-08-05 20:12:08.785757152,Chicken 65,2,Chicken,140,280,Tuesday,Lunch,Regular,5,3,August,2025,8,5,1,0
2980,2025-08-05 21:56:59.963992800,Veg Meals,1,Vegetarian,100,100,Tuesday,Lunch,Regular,2,1,August,2025,8,5,1,0
2981,2025-08-05 23:41:51.142228448,Chicken Biryani,5,Chicken,180,900,Tuesday,Lunch,New,8,3,August,2025,8,5,1,0
2982,2025-08-06 01:26:42.320464096,Veg Meals,3,Vegetarian,100,300,Wednesday,Lunch,Regular,6,3,August,2025,8,6,2,0
2983,2025-08-06 03:11:33.498699740,Mutton Biryani,4,Mutton,240,960,Wednesday,Dinner,New,4,0,August,2025,8,6,2,0
2984,2025-08-06 04:56:24.676935388,Veg Meals,4,Vegetarian,100,400,Wednesday,Dinner,New,4,0,August,2025,8,6,2,0
2985,2025-08-06 06:41:15.855171036,Paneer Butter Masala,4,Vegetarian,170,680,Wednesday,Dinner,New,4,0,August,2025,8,6,2,0
2986,2025-08-06 08:26:07.033406684,Chicken 65,3,Chicken,140,420,Wednesday,Breakfast,New,6,3,August,2025,8,6,2,0
2987,2025-08-06 10:10:58.211642328,Chicken Noodles,1,Chicken,150,150,Wednesday,Lunch,Regular,4,3,August,2025,8,6,2,0
2988,2025-08-06 11:55:49.389877976,Chicken Noodles,2,Chicken,150,300,Wednesday,Dinner,New,4,2,August,2025,8,6,2,0
2989,2025-08-06 13:40:40.568113624,Dosa,1,Vegetarian,50,50,Wednesday,Lunch,Regular,1,0,August,2025,8,6,2,0
2990,2025-08-06 15:25:31.746349272,Mutton Biryani,2,Mutton,240,480,Wednesday,Lunch,Regular,3,1,August,2025,8,6,2,0
2991,2025-08-06 17:10:22.924584920,Dosa,4,Vegetarian,50,200,Wednesday,Dinner,Regular,7,3,August,2025,8,6,2,0
2992,2025-08-06 18:55:14.102820564,Paneer Butter Masala,1,Vegetarian,170,170,Wednesday,Dinner,Regular,1,0,August,2025,8,6,2,0
2993,2025-08-06 20:40:05.281056212,Chicken Grill,4,Chicken,220,880,Wednesday,Lunch,Regular,6,2,August,2025,8,6,2,0
2994,2025-08-06 22:24:56.459291860,Chicken Fried Rice,5,Chicken,160,800,Wednesday,Dinner,Regular,5,0,August,2025,8,6,2,0
2995,2025-08-07 00:09:47.637527508,Parotta,4,Vegetarian,60,240,Thursday,Breakfast,Regular,6,2,August,2025,8,7,3,0
2996,2025-08-07 01:54:38.815763152,Chicken Grill,4,Chicken,220,880,Thursday,Dinner,Regular,6,2,August,2025,8,7,3,0
2997,2025-08-07 03:39:29.993998800,Chicken Fried Rice,2,Chicken,160,320,Thursday,Breakfast,Regular,5,3,August,2025,8,7,3,0
2998,2025-08-07 05:24:21.172234448,Chicken 65,5,Chicken,140,700,Thursday,Breakfast,Regular,7,2,August,2025,8,7,3,0
2999,2025-08-07 07:09:12.350470096,Dosa,4,Vegetarian,50,200,Thursday,Dinner,Regular,6,2,August,2025,8,7,3,0
3000,2025-08-07 08:54:03.528705744,Chicken 65,4,Chicken,140,560,Thursday,Lunch,Regular,5,1,August,2025,8,7,3,0
3001,2025-08-07 10:38:54.706941388,Paneer Butter Masala,5,Vegetarian,170,850,Thursday,Dinner,New,7,2,August,2025,8,7,3,0
3002,2025-08-07 12:23:45.885177036,Noodles,5,Vegetarian,110,550,Thursday,Dinner,New,6,1,August,2025,8,7,3,0
3003,2025-08-07 14:08:37.063412684,Noodles,1,Vegetarian,110,110,Thursday,Dinner,New,2,1,August,2025,8,7,3,0
3004,2025-08-07 15:53:28.241648332,Noodles,2,Vegetarian,110,220,Thursday,Dinner,Regular,2,0,August,2025,8,7,3,0
3005,2025-08-07 17:38:19.419883980,Paneer Butter Masala,5,Vegetarian,170,850,Thursday,Lunch,New,5,0,August,2025,8,7,3,0
3006,2025-08-07 19:23:10.598119624,Veg Meals,5,Vegetarian,100,500,Thursday,Dinner,Regular,8,3,August,2025,8,7,3,0
3007,2025-08-07 21:08:01.776355272,Chicken 65,3,Chicken,140,420,Thursday,Breakfast,Regular,6,3,August,2025,8,7,3,0
3008,2025-08-07 22:52:52.954590920,Chicken Fried Rice,5,Chicken,160,800,Thursday,Lunch,Regular,8,3,August,2025,8,7,3,0
3009,2025-08-08 00:37:44.132826568,Paneer Butter Masala,2,Vegetarian,170,340,Friday,Dinner,Regular,4,2,August,2025,8,8,4,0
3010,2025-08-08 02:22:35.311062212,Noodles,4,Vegetarian,110,440,Friday,Lunch,Regular,4,0,August,2025,8,8,4,0
3011,2025-08-08 04:07:26.489297860,Mutton Biryani,4,Mutton,240,960,Friday,Lunch,Regular,6,2,August,2025,8,8,4,0
3012,2025-08-08 05:52:17.667533508,Paneer Butter Masala,4,Vegetarian,170,680,Friday,Lunch,Regular,4,0,August,2025,8,8,4,0
3013,2025-08-08 07:37:08.845769156,Fried Rice,4,Vegetarian,120,480,Friday,Dinner,Regular,6,2,August,2025,8,8,4,0
3014,2025-08-08 09:22:00.024004804,Veg Meals,3,Vegetarian,100,300,Friday,Dinner,Regular,6,3,August,2025,8,8,4,0
3015,2025-08-08 11:06:51.202240448,Chicken Fried Rice,5,Chicken,160,800,Friday,Breakfast,Regular,5,0,August,2025,8,8,4,0
3016,2025-08-08 12:51:42.380476096,Noodles,4,Vegetarian,110,440,Friday,Lunch,New,4,0,August,2025,8,8,4,0
3017,2025-08-08 14:36:33.558711744,Veg Biryani,1,Vegetarian,130,130,Friday,Dinner,Regular,2,1,August,2025,8,8,4,0
3018,2025-08-08 16:21:24.736947392,Chicken Noodles,4,Chicken,150,600,Friday,Lunch,Regular,4,0,August,2025,8,8,4,0
3019,2025-08-08 18:06:15.915183036,Chicken Noodles,5,Chicken,150,750,Friday,Breakfast,Regular,5,0,August,2025,8,8,4,0
3020,2025-08-08 19:51:07.093418684,Chicken Grill,4,Chicken,220,880,Friday,Lunch,Regular,6,2,August,2025,8,8,4,0
3021,2025-08-08 21:35:58.271654332,Chicken Noodles,3,Chicken,150,450,Friday,Lunch,Regular,6,3,August,2025,8,8,4,0
3022,2025-08-08 23:20:49.449889980,Chicken Fried Rice,2,Chicken,160,320,Friday,Breakfast,Regular,3,1,August,2025,8,8,4,0
3023,2025-08-09 01:05:40.628125628,Idli,2,Vegetarian,40,80,Saturday,Dinner,New,4,2,August,2025,8,9,5,1
3024,2025-08-09 02:50:31.806361272,Dosa,5,Vegetarian,50,250,Saturday,Lunch,Regular,5,0,August,2025,8,9,5,1
3025,2025-08-09 04:35:22.984596920,Chicken Fried Rice,2,Chicken,160,320,Saturday,Dinner,New,4,2,August,2025,8,9,5,1
3026,2025-08-09 06:20:14.162832568,Veg Meals,2,Vegetarian,100,200,Saturday,Dinner,Regular,5,3,August,2025,8,9,5,1
3027,2025-08-09 08:05:05.341068216,Fried Rice,1,Vegetarian,120,120,Saturday,Dinner,Regular,2,1,August,2025,8,9,5,1
3028,2025-08-09 09:49:56.519303864,Chicken Fried Rice,5,Chicken,160,800,Saturday,Breakfast,New,7,2,August,2025,8,9,5,1
3029,2025-08-09 11:34:47.697539508,Paneer Butter Masala,5,Vegetarian,170,850,Saturday,Lunch,Regular,5,0,August,2025,8,9,5,1
3030,2025-08-09 13:19:38.875775156,Parotta,2,Vegetarian,60,120,Saturday,Breakfast,Regular,4,2,August,2025,8,9,5,1
3031,2025-08-09 15:04:30.054010804,Dosa,2,Vegetarian,50,100,Saturday,Dinner,New,2,0,August,2025,8,9,5,1
3032,2025-08-09 16:49:21.232246452,Veg Biryani,2,Vegetarian,130,260,Saturday,Breakfast,Regular,3,1,August,2025,8,9,5,1
3033,2025-08-09 18:34:12.410482096,Chicken Noodles,3,Chicken,150,450,Saturday,Lunch,New,4,1,August,2025,8,9,5,1
3034,2025-08-09 20:19:03.588717744,Dosa,4,Vegetarian,50,200,Saturday,Lunch,Regular,6,2,August,2025,8,9,5,1
3035,2025-08-09 22:03:54.766953392,Chicken Noodles,3,Chicken,150,450,Saturday,Lunch,Regular,4,1,August,2025,8,9,5,1
3036,2025-08-09 23:48:45.945189040,Chicken Grill,5,Chicken,220,1100,Saturday,Lunch,Regular,8,3,August,2025,8,9,5,1
3037,2025-08-10 01:33:37.123424688,Dosa,1,Vegetarian,50,50,Sunday,Lunch,Regular,3,2,August,2025,8,10,6,1
3038,2025-08-10 03:18:28.301660332,Noodles,4,Vegetarian,110,440,Sunday,Breakfast,Regular,4,0,August,2025,8,10,6,1
3039,2025-08-10 05:03:19.479895980,Veg Meals,1,Vegetarian,100,100,Sunday,Breakfast,New,3,2,August,2025,8,10,6,1
3040,2025-08-10 06:48:10.658131628,Veg Meals,5,Vegetarian,100,500,Sunday,Lunch,Regular,5,0,August,2025,8,10,6,1
3041,2025-08-10 08:33:01.836367276,Chicken Noodles,5,Chicken,150,750,Sunday,Dinner,Regular,6,1,August,2025,8,10,6,1
3042,2025-08-10 10:17:53.014602920,Veg Biryani,1,Vegetarian,130,130,Sunday,Lunch,New,1,0,August,2025,8,10,6,1
3043,2025-08-10 12:02:44.192838568,Noodles,1,Vegetarian,110,110,Sunday,Lunch,Regular,1,0,August,2025,8,10,6,1
3044,2025-08-10 13:47:35.371074216,Chicken Biryani,1,Chicken,180,180,Sunday,Lunch,New,1,0,August,2025,8,10,6,1
3045,2025-08-10 15:32:26.549309864,Chicken 65,5,Chicken,140,700,Sunday,Lunch,Regular,5,0,August,2025,8,10,6,1
3046,2025-08-10 17:17:17.727545512,Chicken 65,2,Chicken,140,280,Sunday,Dinner,Regular,5,3,August,2025,8,10,6,1
3047,2025-08-10 19:02:08.905781156,Veg Biryani,1,Vegetarian,130,130,Sunday,Breakfast,Regular,1,0,August,2025,8,10,6,1
3048,2025-08-10 20:47:00.084016804,Parotta,4,Vegetarian,60,240,Sunday,Dinner,Regular,6,2,August,2025,8,10,6,1
3049,2025-08-10 22:31:51.262252452,Chicken Biryani,5,Chicken,180,900,Sunday,Dinner,Regular,8,3,August,2025,8,10,6,1
3050,2025-08-11 00:16:42.440488100,Chicken Grill,3,Chicken,220,660,Monday,Dinner,New,3,0,August,2025,8,11,0,0
3051,2025-08-11 02:01:33.618723748,Veg Biryani,3,Vegetarian,130,390,Monday,Breakfast,Regular,3,0,August,2025,8,11,0,0
3052,2025-08-11 03:46:24.796959392,Noodles,4,Vegetarian,110,440,Monday,Lunch,Regular,4,0,August,2025,8,11,0,0
3053,2025-08-11 05:31:15.975195040,Chicken 65,2,Chicken,140,280,Monday,Dinner,Regular,5,3,August,2025,8,11,0,0
3054,2025-08-11 07:16:07.153430688,Paneer Butter Masala,1,Vegetarian,170,170,Monday,Breakfast,Regular,1,0,August,2025,8,11,0,0
3055,2025-08-11 09:00:58.331666336,Chicken 65,5,Chicken,140,700,Monday,Dinner,New,5,0,August,2025,8,11,0,0
3056,2025-08-11 10:45:49.509901980,Chicken 65,1,Chicken,140,140,Monday,Dinner,Regular,1,0,August,2025,8,11,0,0
3057,2025-08-11 12:30:40.688137628,Noodles,5,Vegetarian,110,550,Monday,Dinner,New,6,1,August,2025,8,11,0,0
3058,2025-08-11 14:15:31.866373276,Mutton Biryani,3,Mutton,240,720,Monday,Breakfast,New,5,2,August,2025,8,11,0,0
3059,2025-08-11 16:00:23.044608924,Veg Biryani,1,Vegetarian,130,130,Monday,Dinner,Regular,1,0,August,2025,8,11,0,0
3060,2025-08-11 17:45:14.222844572,Chicken Fried Rice,4,Chicken,160,640,Monday,Dinner,New,6,2,August,2025,8,11,0,0
3061,2025-08-11 19:30:05.401080216,Chicken Grill,2,Chicken,220,440,Monday,Dinner,New,3,1,August,2025,8,11,0,0
3062,2025-08-11 21:14:56.579315864,Chicken 65,4,Chicken,140,560,Monday,Breakfast,Regular,5,1,August,2025,8,11,0,0
3063,2025-08-11 22:59:47.757551512,Veg Meals,2,Vegetarian,100,200,Monday,Breakfast,New,2,0,August,2025,8,11,0,0
3064,2025-08-12 00:44:38.935787160,Paneer Butter Masala,1,Vegetarian,170,170,Tuesday,Lunch,New,3,2,August,2025,8,12,1,0
3065,2025-08-12 02:29:30.114022804,Chicken Noodles,1,Chicken,150,150,Tuesday,Breakfast,New,4,3,August,2025,8,12,1,0
3066,2025-08-12 04:14:21.292258452,Veg Biryani,2,Vegetarian,130,260,Tuesday,Lunch,New,2,0,August,2025,8,12,1,0
3067,2025-08-12 05:59:12.470494100,Fried Rice,3,Vegetarian,120,360,Tuesday,Dinner,Regular,6,3,August,2025,8,12,1,0
3068,2025-08-12 07:44:03.648729748,Noodles,5,Vegetarian,110,550,Tuesday,Lunch,Regular,6,1,August,2025,8,12,1,0
3069,2025-08-12 09:28:54.826965396,Mutton Biryani,4,Mutton,240,960,Tuesday,Dinner,Regular,5,1,August,2025,8,12,1,0
3070,2025-08-12 11:13:46.005201040,Veg Meals,4,Vegetarian,100,400,Tuesday,Breakfast,Regular,6,2,August,2025,8,12,1,0
3071,2025-08-12 12:58:37.183436688,Veg Biryani,4,Vegetarian,130,520,Tuesday,Breakfast,New,7,3,August,2025,8,12,1,0
3072,2025-08-12 14:43:28.361672336,Chicken Grill,1,Chicken,220,220,Tuesday,Breakfast,New,4,3,August,2025,8,12,1,0
3073,2025-08-12 16:28:19.539907984,Paneer Butter Masala,4,Vegetarian,170,680,Tuesday,Lunch,New,4,0,August,2025,8,12,1,0
3074,2025-08-12 18:13:10.718143632,Mutton Biryani,5,Mutton,240,1200,Tuesday,Dinner,Regular,7,2,August,2025,8,12,1,0
3075,2025-08-12 19:58:01.896379276,Chicken Grill,5,Chicken,220,1100,Tuesday,Breakfast,Regular,7,2,August,2025,8,12,1,0
3076,2025-08-12 21:42:53.074614924,Veg Meals,2,Vegetarian,100,200,Tuesday,Dinner,Regular,5,3,August,2025,8,12,1,0
3077,2025-08-12 23:27:44.252850572,Veg Biryani,1,Vegetarian,130,130,Tuesday,Lunch,Regular,2,1,August,2025,8,12,1,0
3078,2025-08-13 01:12:35.431086220,Chicken Fried Rice,5,Chicken,160,800,Wednesday,Dinner,New,7,2,August,2025,8,13,2,0
3079,2025-08-13 02:57:26.609321864,Veg Meals,3,Vegetarian,100,300,Wednesday,Breakfast,Regular,4,1,August,2025,8,13,2,0
3080,2025-08-13 04:42:17.787557512,Fried Rice,1,Vegetarian,120,120,Wednesday,Lunch,Regular,1,0,August,2025,8,13,2,0
3081,2025-08-13 06:27:08.965793160,Chicken Grill,1,Chicken,220,220,Wednesday,Breakfast,Regular,3,2,August,2025,8,13,2,0
3082,2025-08-13 08:12:00.144028808,Mutton Biryani,5,Mutton,240,1200,Wednesday,Lunch,Regular,7,2,August,2025,8,13,2,0
3083,2025-08-13 09:56:51.322264456,Mutton Biryani,3,Mutton,240,720,Wednesday,Lunch,Regular,3,0,August,2025,8,13,2,0
3084,2025-08-13 11:41:42.500500100,Chicken Grill,2,Chicken,220,440,Wednesday,Dinner,Regular,4,2,August,2025,8,13,2,0
3085,2025-08-13 13:26:33.678735748,Idli,5,Vegetarian,40,200,Wednesday,Dinner,Regular,8,3,August,2025,8,13,2,0
3086,2025-08-13 15:11:24.856971396,Veg Biryani,3,Vegetarian,130,390,Wednesday,Dinner,Regular,6,3,August,2025,8,13,2,0
3087,2025-08-13 16:56:16.035207044,Idli,1,Vegetarian,40,40,Wednesday,Lunch,Regular,1,0,August,2025,8,13,2,0
3088,2025-08-13 18:41:07.213442688,Parotta,3,Vegetarian,60,180,Wednesday,Breakfast,New,4,1,August,2025,8,13,2,0
3089,2025-08-13 20:25:58.391678336,Veg Biryani,1,Vegetarian,130,130,Wednesday,Lunch,Regular,2,1,August,2025,8,13,2,0
3090,2025-08-13 22:10:49.569913984,Chicken Grill,5,Chicken,220,1100,Wednesday,Dinner,Regular,7,2,August,2025,8,13,2,0
3091,2025-08-13 23:55:40.748149632,Chicken Biryani,5,Chicken,180,900,Wednesday,Dinner,New,6,1,August,2025,8,13,2,0
3092,2025-08-14 01:40:31.926385280,Paneer Butter Masala,4,Vegetarian,170,680,Thursday,Dinner,Regular,5,1,August,2025,8,14,3,0
3093,2025-08-14 03:25:23.104620924,Chicken Grill,4,Chicken,220,880,Thursday,Dinner,New,4,0,August,2025,8,14,3,0
3094,2025-08-14 05:10:14.282856572,Idli,4,Vegetarian,40,160,Thursday,Breakfast,Regular,5,1,August,2025,8,14,3,0
3095,2025-08-14 06:55:05.461092220,Chicken Fried Rice,5,Chicken,160,800,Thursday,Lunch,Regular,6,1,August,2025,8,14,3,0
3096,2025-08-14 08:39:56.639327868,Paneer Butter Masala,2,Vegetarian,170,340,Thursday,Breakfast,New,3,1,August,2025,8,14,3,0
3097,2025-08-14 10:24:47.817563516,Chicken Grill,5,Chicken,220,1100,Thursday,Lunch,New,8,3,August,2025,8,14,3,0
3098,2025-08-14 12:09:38.995799160,Chicken Grill,3,Chicken,220,660,Thursday,Breakfast,Regular,6,3,August,2025,8,14,3,0
3099,2025-08-14 13:54:30.174034808,Chicken Fried Rice,5,Chicken,160,800,Thursday,Lunch,Regular,5,0,August,2025,8,14,3,0
3100,2025-08-14 15:39:21.352270456,Chicken Grill,5,Chicken,220,1100,Thursday,Dinner,Regular,7,2,August,2025,8,14,3,0
3101,2025-08-14 17:24:12.530506104,Paneer Butter Masala,1,Vegetarian,170,170,Thursday,Dinner,Regular,1,0,August,2025,8,14,3,0
3102,2025-08-14 19:09:03.708741748,Chicken 65,1,Chicken,140,140,Thursday,Dinner,Regular,3,2,August,2025,8,14,3,0
3103,2025-08-14 20:53:54.886977396,Chicken Biryani,1,Chicken,180,180,Thursday,Dinner,Regular,3,2,August,2025,8,14,3,0
3104,2025-08-14 22:38:46.065213044,Chicken Noodles,5,Chicken,150,750,Thursday,Breakfast,New,6,1,August,2025,8,14,3,0
3105,2025-08-15 00:23:37.243448692,Chicken Biryani,2,Chicken,180,360,Friday,Breakfast,New,3,1,August,2025,8,15,4,0
3106,2025-08-15 02:08:28.421684340,Noodles,3,Vegetarian,110,330,Friday,Dinner,New,3,0,August,2025,8,15,4,0
3107,2025-08-15 03:53:19.599919984,Fried Rice,3,Vegetarian,120,360,Friday,Lunch,New,3,0,August,2025,8,15,4,0
3108,2025-08-15 05:38:10.778155632,Chicken Grill,2,Chicken,220,440,Friday,Lunch,Regular,2,0,August,2025,8,15,4,0
3109,2025-08-15 07:23:01.956391280,Chicken 65,2,Chicken,140,280,Friday,Lunch,New,5,3,August,2025,8,15,4,0
3110,2025-08-15 09:07:53.134626928,Veg Biryani,3,Vegetarian,130,390,Friday,Lunch,Regular,6,3,August,2025,8,15,4,0
3111,2025-08-15 10:52:44.312862572,Chicken Grill,4,Chicken,220,880,Friday,Lunch,Regular,7,3,August,2025,8,15,4,0
3112,2025-08-15 12:37:35.491098220,Idli,1,Vegetarian,40,40,Friday,Lunch,New,4,3,August,2025,8,15,4,0
3113,2025-08-15 14:22:26.669333868,Veg Meals,1,Vegetarian,100,100,Friday,Lunch,Regular,4,3,August,2025,8,15,4,0
3114,2025-08-15 16:07:17.847569516,Chicken 65,3,Chicken,140,420,Friday,Dinner,New,4,1,August,2025,8,15,4,0
3115,2025-08-15 17:52:09.025805164,Chicken Fried Rice,2,Chicken,160,320,Friday,Lunch,Regular,4,2,August,2025,8,15,4,0
3116,2025-08-15 19:37:00.204040808,Chicken 65,4,Chicken,140,560,Friday,Lunch,New,7,3,August,2025,8,15,4,0
3117,2025-08-15 21:21:51.382276456,Noodles,3,Vegetarian,110,330,Friday,Breakfast,Regular,3,0,August,2025,8,15,4,0
3118,2025-08-15 23:06:42.560512104,Chicken Fried Rice,1,Chicken,160,160,Friday,Lunch,Regular,3,2,August,2025,8,15,4,0
3119,2025-08-16 00:51:33.738747752,Parotta,5,Vegetarian,60,300,Saturday,Dinner,Regular,8,3,August,2025,8,16,5,1
3120,2025-08-16 02:36:24.916983400,Chicken Noodles,2,Chicken,150,300,Saturday,Dinner,Regular,5,3,August,2025,8,16,5,1
3121,2025-08-16 04:21:16.095219044,Dosa,5,Vegetarian,50,250,Saturday,Dinner,Regular,6,1,August,2025,8,16,5,1
3122,2025-08-16 06:06:07.273454692,Paneer Butter Masala,3,Vegetarian,170,510,Saturday,Lunch,Regular,4,1,August,2025,8,16,5,1
3123,2025-08-16 07:50:58.451690340,Chicken 65,1,Chicken,140,140,Saturday,Lunch,Regular,2,1,August,2025,8,16,5,1
3124,2025-08-16 09:35:49.629925988,Paneer Butter Masala,4,Vegetarian,170,680,Saturday,Lunch,Regular,7,3,August,2025,8,16,5,1
3125,2025-08-16 11:20:40.808161632,Mutton Biryani,5,Mutton,240,1200,Saturday,Lunch,Regular,6,1,August,2025,8,16,5,1
3126,2025-08-16 13:05:31.986397280,Idli,4,Vegetarian,40,160,Saturday,Lunch,New,7,3,August,2025,8,16,5,1
3127,2025-08-16 14:50:23.164632928,Chicken Grill,1,Chicken,220,220,Saturday,Lunch,Regular,3,2,August,2025,8,16,5,1
3128,2025-08-16 16:35:14.342868576,Idli,5,Vegetarian,40,200,Saturday,Lunch,Regular,7,2,August,2025,8,16,5,1
3129,2025-08-16 18:20:05.521104224,Paneer Butter Masala,4,Vegetarian,170,680,Saturday,Dinner,Regular,7,3,August,2025,8,16,5,1
3130,2025-08-16 20:04:56.699339868,Chicken Biryani,4,Chicken,180,720,Saturday,Breakfast,New,4,0,August,2025,8,16,5,1
3131,2025-08-16 21:49:47.877575516,Dosa,5,Vegetarian,50,250,Saturday,Dinner,Regular,8,3,August,2025,8,16,5,1
3132,2025-08-16 23:34:39.055811164,Chicken Biryani,1,Chicken,180,180,Saturday,Breakfast,Regular,3,2,August,2025,8,16,5,1
3133,2025-08-17 01:19:30.234046812,Parotta,4,Vegetarian,60,240,Sunday,Breakfast,Regular,6,2,August,2025,8,17,6,1
3134,2025-08-17 03:04:21.412282456,Dosa,3,Vegetarian,50,150,Sunday,Dinner,Regular,6,3,August,2025,8,17,6,1
3135,2025-08-17 04:49:12.590518104,Dosa,5,Vegetarian,50,250,Sunday,Dinner,New,8,3,August,2025,8,17,6,1
3136,2025-08-17 06:34:03.768753752,Chicken Biryani,2,Chicken,180,360,Sunday,Breakfast,New,5,3,August,2025,8,17,6,1
3137,2025-08-17 08:18:54.946989400,Chicken Fried Rice,2,Chicken,160,320,Sunday,Lunch,New,4,2,August,2025,8,17,6,1
3138,2025-08-17 10:03:46.125225048,Noodles,1,Vegetarian,110,110,Sunday,Breakfast,Regular,1,0,August,2025,8,17,6,1
3139,2025-08-17 11:48:37.303460692,Paneer Butter Masala,3,Vegetarian,170,510,Sunday,Lunch,Regular,6,3,August,2025,8,17,6,1
3140,2025-08-17 13:33:28.481696340,Chicken Biryani,4,Chicken,180,720,Sunday,Dinner,New,6,2,August,2025,8,17,6,1
3141,2025-08-17 15:18:19.659931988,Idli,2,Vegetarian,40,80,Sunday,Dinner,Regular,5,3,August,2025,8,17,6,1
3142,2025-08-17 17:03:10.838167636,Chicken Fried Rice,1,Chicken,160,160,Sunday,Dinner,Regular,3,2,August,2025,8,17,6,1
3143,2025-08-17 18:48:02.016403284,Idli,3,Vegetarian,40,120,Sunday,Lunch,New,6,3,August,2025,8,17,6,1
3144,2025-08-17 20:32:53.194638928,Noodles,3,Vegetarian,110,330,Sunday,Dinner,New,5,2,August,2025,8,17,6,1
3145,2025-08-17 22:17:44.372874576,Parotta,1,Vegetarian,60,60,Sunday,Lunch,Regular,4,3,August,2025,8,17,6,1
3146,2025-08-18 00:02:35.551110224,Chicken Grill,1,Chicken,220,220,Monday,Dinner,Regular,2,1,August,2025,8,18,0,0
3147,2025-08-18 01:47:26.729345872,Noodles,4,Vegetarian,110,440,Monday,Dinner,Regular,7,3,August,2025,8,18,0,0
3148,2025-08-18 03:32:17.907581516,Fried Rice,1,Vegetarian,120,120,Monday,Lunch,Regular,3,2,August,2025,8,18,0,0
3149,2025-08-18 05:17:09.085817164,Veg Biryani,4,Vegetarian,130,520,Monday,Lunch,Regular,7,3,August,2025,8,18,0,0
3150,2025-08-18 07:02:00.264052812,Chicken Fried Rice,4,Chicken,160,640,Monday,Lunch,Regular,4,0,August,2025,8,18,0,0
3151,2025-08-18 08:46:51.442288460,Parotta,5,Vegetarian,60,300,Monday,Breakfast,Regular,8,3,August,2025,8,18,0,0
3152,2025-08-18 10:31:42.620524108,Fried Rice,3,Vegetarian,120,360,Monday,Dinner,Regular,6,3,August,2025,8,18,0,0
3153,2025-08-18 12:16:33.798759752,Mutton Biryani,3,Mutton,240,720,Monday,Lunch,Regular,6,3,August,2025,8,18,0,0
3154,2025-08-18 14:01:24.976995400,Parotta,3,Vegetarian,60,180,Monday,Lunch,Regular,3,0,August,2025,8,18,0,0
3155,2025-08-18 15:46:16.155231048,Chicken Biryani,5,Chicken,180,900,Monday,Lunch,New,5,0,August,2025,8,18,0,0
3156,2025-08-18 17:31:07.333466696,Chicken Biryani,4,Chicken,180,720,Monday,Dinner,Regular,4,0,August,2025,8,18,0,0
3157,2025-08-18 19:15:58.511702340,Noodles,4,Vegetarian,110,440,Monday,Breakfast,Regular,5,1,August,2025,8,18,0,0
3158,2025-08-18 21:00:49.689937988,Veg Biryani,1,Vegetarian,130,130,Monday,Dinner,Regular,1,0,August,2025,8,18,0,0
3159,2025-08-18 22:45:40.868173636,Parotta,5,Vegetarian,60,300,Monday,Dinner,New,6,1,August,2025,8,18,0,0
3160,2025-08-19 00:30:32.046409284,Paneer Butter Masala,1,Vegetarian,170,170,Tuesday,Dinner,New,4,3,August,2025,8,19,1,0
3161,2025-08-19 02:15:23.224644932,Chicken Noodles,5,Chicken,150,750,Tuesday,Lunch,Regular,6,1,August,2025,8,19,1,0
3162,2025-08-19 04:00:14.402880576,Chicken Grill,1,Chicken,220,220,Tuesday,Lunch,New,4,3,August,2025,8,19,1,0
3163,2025-08-19 05:45:05.581116224,Noodles,2,Vegetarian,110,220,Tuesday,Lunch,Regular,3,1,August,2025,8,19,1,0
3164,2025-08-19 07:29:56.759351872,Chicken Biryani,3,Chicken,180,540,Tuesday,Lunch,Regular,3,0,August,2025,8,19,1,0
3165,2025-08-19 09:14:47.937587520,Veg Biryani,3,Vegetarian,130,390,Tuesday,Breakfast,Regular,3,0,August,2025,8,19,1,0
3166,2025-08-19 10:59:39.115823168,Chicken Grill,4,Chicken,220,880,Tuesday,Dinner,New,5,1,August,2025,8,19,1,0
3167,2025-08-19 12:44:30.294058812,Parotta,2,Vegetarian,60,120,Tuesday,Lunch,New,3,1,August,2025,8,19,1,0
3168,2025-08-19 14:29:21.472294460,Paneer Butter Masala,3,Vegetarian,170,510,Tuesday,Dinner,New,3,0,August,2025,8,19,1,0
3169,2025-08-19 16:14:12.650530108,Parotta,4,Vegetarian,60,240,Tuesday,Breakfast,New,7,3,August,2025,8,19,1,0
3170,2025-08-19 17:59:03.828765756,Dosa,2,Vegetarian,50,100,Tuesday,Dinner,Regular,5,3,August,2025,8,19,1,0
3171,2025-08-19 19:43:55.007001400,Veg Biryani,3,Vegetarian,130,390,Tuesday,Dinner,Regular,6,3,August,2025,8,19,1,0
3172,2025-08-19 21:28:46.185237048,Fried Rice,1,Vegetarian,120,120,Tuesday,Dinner,New,4,3,August,2025,8,19,1,0
3173,2025-08-19 23:13:37.363472696,Chicken Biryani,5,Chicken,180,900,Tuesday,Dinner,New,7,2,August,2025,8,19,1,0
3174,2025-08-20 00:58:28.541708344,Paneer Butter Masala,2,Vegetarian,170,340,Wednesday,Dinner,New,5,3,August,2025,8,20,2,0
3175,2025-08-20 02:43:19.719943992,Chicken Noodles,4,Chicken,150,600,Wednesday,Dinner,Regular,6,2,August,2025,8,20,2,0
3176,2025-08-20 04:28:10.898179636,Parotta,2,Vegetarian,60,120,Wednesday,Lunch,Regular,4,2,August,2025,8,20,2,0
3177,2025-08-20 06:13:02.076415284,Chicken Noodles,4,Chicken,150,600,Wednesday,Lunch,Regular,4,0,August,2025,8,20,2,0
3178,2025-08-20 07:57:53.254650932,Parotta,2,Vegetarian,60,120,Wednesday,Breakfast,Regular,2,0,August,2025,8,20,2,0
3179,2025-08-20 09:42:44.432886580,Chicken Biryani,4,Chicken,180,720,Wednesday,Breakfast,Regular,5,1,August,2025,8,20,2,0
3180,2025-08-20 11:27:35.611122224,Chicken Grill,3,Chicken,220,660,Wednesday,Lunch,Regular,6,3,August,2025,8,20,2,0
3181,2025-08-20 13:12:26.789357872,Chicken 65,1,Chicken,140,140,Wednesday,Breakfast,New,4,3,August,2025,8,20,2,0
3182,2025-08-20 14:57:17.967593520,Chicken Grill,3,Chicken,220,660,Wednesday,Lunch,Regular,3,0,August,2025,8,20,2,0
3183,2025-08-20 16:42:09.145829168,Parotta,1,Vegetarian,60,60,Wednesday,Breakfast,New,1,0,August,2025,8,20,2,0
3184,2025-08-20 18:27:00.324064816,Idli,3,Vegetarian,40,120,Wednesday,Breakfast,Regular,3,0,August,2025,8,20,2,0
3185,2025-08-20 20:11:51.502300460,Veg Meals,3,Vegetarian,100,300,Wednesday,Dinner,New,4,1,August,2025,8,20,2,0
3186,2025-08-20 21:56:42.680536108,Chicken 65,2,Chicken,140,280,Wednesday,Breakfast,Regular,5,3,August,2025,8,20,2,0
3187,2025-08-20 23:41:33.858771756,Fried Rice,5,Vegetarian,120,600,Wednesday,Dinner,New,6,1,August,2025,8,20,2,0
3188,2025-08-21 01:26:25.037007404,Chicken 65,4,Chicken,140,560,Thursday,Breakfast,Regular,6,2,August,2025,8,21,3,0
3189,2025-08-21 03:11:16.215243052,Chicken Noodles,4,Chicken,150,600,Thursday,Dinner,New,6,2,August,2025,8,21,3,0
3190,2025-08-21 04:56:07.393478696,Veg Biryani,4,Vegetarian,130,520,Thursday,Dinner,Regular,7,3,August,2025,8,21,3,0
3191,2025-08-21 06:40:58.571714344,Chicken Noodles,1,Chicken,150,150,Thursday,Dinner,Regular,1,0,August,2025,8,21,3,0
3192,2025-08-21 08:25:49.749949992,Noodles,4,Vegetarian,110,440,Thursday,Dinner,Regular,4,0,August,2025,8,21,3,0
3193,2025-08-21 10:10:40.928185640,Chicken Noodles,4,Chicken,150,600,Thursday,Breakfast,Regular,5,1,August,2025,8,21,3,0
3194,2025-08-21 11:55:32.106421284,Fried Rice,2,Vegetarian,120,240,Thursday,Dinner,Regular,4,2,August,2025,8,21,3,0
3195,2025-08-21 13:40:23.284656932,Idli,3,Vegetarian,40,120,Thursday,Dinner,New,5,2,August,2025,8,21,3,0
3196,2025-08-21 15:25:14.462892580,Chicken Grill,4,Chicken,220,880,Thursday,Dinner,Regular,7,3,August,2025,8,21,3,0
3197,2025-08-21 17:10:05.641128228,Chicken Grill,5,Chicken,220,1100,Thursday,Dinner,Regular,7,2,August,2025,8,21,3,0
3198,2025-08-21 18:54:56.819363876,Veg Meals,4,Vegetarian,100,400,Thursday,Lunch,Regular,4,0,August,2025,8,21,3,0
3199,2025-08-21 20:39:47.997599520,Mutton Biryani,1,Mutton,240,240,Thursday,Dinner,Regular,1,0,August,2025,8,21,3,0
3200,2025-08-21 22:24:39.175835168,Parotta,1,Vegetarian,60,60,Thursday,Lunch,Regular,1,0,August,2025,8,21,3,0
3201,2025-08-22 00:09:30.354070816,Idli,1,Vegetarian,40,40,Friday,Lunch,Regular,4,3,August,2025,8,22,4,0
3202,2025-08-22 01:54:21.532306464,Mutton Biryani,4,Mutton,240,960,Friday,Breakfast,Regular,5,1,August,2025,8,22,4,0
3203,2025-08-22 03:39:12.710542108,Noodles,2,Vegetarian,110,220,Friday,Dinner,Regular,4,2,August,2025,8,22,4,0
3204,2025-08-22 05:24:03.888777756,Chicken Biryani,5,Chicken,180,900,Friday,Breakfast,New,8,3,August,2025,8,22,4,0
3205,2025-08-22 07:08:55.067013404,Parotta,4,Vegetarian,60,240,Friday,Lunch,New,5,1,August,2025,8,22,4,0
3206,2025-08-22 08:53:46.245249052,Parotta,2,Vegetarian,60,120,Friday,Lunch,Regular,5,3,August,2025,8,22,4,0
3207,2025-08-22 10:38:37.423484700,Dosa,2,Vegetarian,50,100,Friday,Dinner,Regular,4,2,August,2025,8,22,4,0
3208,2025-08-22 12:23:28.601720344,Dosa,4,Vegetarian,50,200,Friday,Dinner,Regular,4,0,August,2025,8,22,4,0
3209,2025-08-22 14:08:19.779955992,Chicken Fried Rice,4,Chicken,160,640,Friday,Lunch,New,5,1,August,2025,8,22,4,0
3210,2025-08-22 15:53:10.958191640,Chicken Fried Rice,2,Chicken,160,320,Friday,Breakfast,Regular,3,1,August,2025,8,22,4,0
3211,2025-08-22 17:38:02.136427288,Chicken Noodles,2,Chicken,150,300,Friday,Dinner,Regular,5,3,August,2025,8,22,4,0
3212,2025-08-22 19:22:53.314662936,Chicken Biryani,2,Chicken,180,360,Friday,Dinner,Regular,5,3,August,2025,8,22,4,0
3213,2025-08-22 21:07:44.492898580,Chicken 65,4,Chicken,140,560,Friday,Dinner,Regular,4,0,August,2025,8,22,4,0
3214,2025-08-22 22:52:35.671134228,Veg Meals,2,Vegetarian,100,200,Friday,Lunch,Regular,5,3,August,2025,8,22,4,0
3215,2025-08-23 00:37:26.849369876,Chicken 65,1,Chicken,140,140,Saturday,Dinner,New,3,2,August,2025,8,23,5,1
3216,2025-08-23 02:22:18.027605524,Veg Meals,4,Vegetarian,100,400,Saturday,Lunch,Regular,6,2,August,2025,8,23,5,1
3217,2025-08-23 04:07:09.205841168,Dosa,1,Vegetarian,50,50,Saturday,Lunch,Regular,3,2,August,2025,8,23,5,1
3218,2025-08-23 05:52:00.384076816,Dosa,3,Vegetarian,50,150,Saturday,Lunch,Regular,5,2,August,2025,8,23,5,1
3219,2025-08-23 07:36:51.562312464,Dosa,4,Vegetarian,50,200,Saturday,Lunch,New,4,0,August,2025,8,23,5,1
3220,2025-08-23 09:21:42.740548112,Idli,3,Vegetarian,40,120,Saturday,Dinner,Regular,3,0,August,2025,8,23,5,1
3221,2025-08-23 11:06:33.918783760,Veg Biryani,2,Vegetarian,130,260,Saturday,Lunch,New,2,0,August,2025,8,23,5,1
3222,2025-08-23 12:51:25.097019404,Veg Meals,2,Vegetarian,100,200,Saturday,Lunch,Regular,5,3,August,2025,8,23,5,1
3223,2025-08-23 14:36:16.275255052,Chicken Fried Rice,5,Chicken,160,800,Saturday,Lunch,New,5,0,August,2025,8,23,5,1
3224,2025-08-23 16:21:07.453490700,Idli,2,Vegetarian,40,80,Saturday,Breakfast,New,3,1,August,2025,8,23,5,1
3225,2025-08-23 18:05:58.631726348,Chicken Grill,3,Chicken,220,660,Saturday,Lunch,New,4,1,August,2025,8,23,5,1
3226,2025-08-23 19:50:49.809961992,Chicken 65,2,Chicken,140,280,Saturday,Lunch,New,3,1,August,2025,8,23,5,1
3227,2025-08-23 21:35:40.988197640,Noodles,4,Vegetarian,110,440,Saturday,Breakfast,New,7,3,August,2025,8,23,5,1
3228,2025-08-23 23:20:32.166433288,Fried Rice,2,Vegetarian,120,240,Saturday,Dinner,Regular,5,3,August,2025,8,23,5,1
3229,2025-08-24 01:05:23.344668936,Parotta,5,Vegetarian,60,300,Sunday,Dinner,New,5,0,August,2025,8,24,6,1
3230,2025-08-24 02:50:14.522904584,Chicken Fried Rice,2,Chicken,160,320,Sunday,Dinner,Regular,4,2,August,2025,8,24,6,1
3231,2025-08-24 04:35:05.701140228,Mutton Biryani,3,Mutton,240,720,Sunday,Lunch,New,4,1,August,2025,8,24,6,1
3232,2025-08-24 06:19:56.879375876,Paneer Butter Masala,3,Vegetarian,170,510,Sunday,Dinner,Regular,6,3,August,2025,8,24,6,1
3233,2025-08-24 08:04:48.057611524,Chicken Grill,2,Chicken,220,440,Sunday,Dinner,Regular,3,1,August,2025,8,24,6,1
3234,2025-08-24 09:49:39.235847172,Noodles,3,Vegetarian,110,330,Sunday,Dinner,New,3,0,August,2025,8,24,6,1
3235,2025-08-24 11:34:30.414082820,Chicken Fried Rice,3,Chicken,160,480,Sunday,Dinner,Regular,6,3,August,2025,8,24,6,1
3236,2025-08-24 13:19:21.592318464,Fried Rice,5,Vegetarian,120,600,Sunday,Lunch,New,7,2,August,2025,8,24,6,1
3237,2025-08-24 15:04:12.770554112,Idli,4,Vegetarian,40,160,Sunday,Dinner,Regular,6,2,August,2025,8,24,6,1
3238,2025-08-24 16:49:03.948789760,Chicken Biryani,5,Chicken,180,900,Sunday,Lunch,Regular,8,3,August,2025,8,24,6,1
3239,2025-08-24 18:33:55.127025408,Parotta,1,Vegetarian,60,60,Sunday,Lunch,New,3,2,August,2025,8,24,6,1
3240,2025-08-24 20:18:46.305261052,Chicken Fried Rice,5,Chicken,160,800,Sunday,Lunch,New,5,0,August,2025,8,24,6,1
3241,2025-08-24 22:03:37.483496700,Veg Biryani,2,Vegetarian,130,260,Sunday,Breakfast,New,4,2,August,2025,8,24,6,1
3242,2025-08-24 23:48:28.661732348,Dosa,4,Vegetarian,50,200,Sunday,Dinner,Regular,5,1,August,2025,8,24,6,1
3243,2025-08-25 01:33:19.839967996,Dosa,2,Vegetarian,50,100,Monday,Lunch,Regular,3,1,August,2025,8,25,0,0
3244,2025-08-25 03:18:11.018203644,Parotta,1,Vegetarian,60,60,Monday,Lunch,Regular,2,1,August,2025,8,25,0,0
3245,2025-08-25 05:03:02.196439288,Fried Rice,4,Vegetarian,120,480,Monday,Dinner,Regular,7,3,August,2025,8,25,0,0
3246,2025-08-25 06:47:53.374674936,Veg Meals,3,Vegetarian,100,300,Monday,Lunch,New,6,3,August,2025,8,25,0,0
3247,2025-08-25 08:32:44.552910584,Noodles,5,Vegetarian,110,550,Monday,Breakfast,New,8,3,August,2025,8,25,0,0
3248,2025-08-25 10:17:35.731146232,Idli,2,Vegetarian,40,80,Monday,Dinner,New,5,3,August,2025,8,25,0,0
3249,2025-08-25 12:02:26.909381876,Dosa,1,Vegetarian,50,50,Monday,Dinner,Regular,4,3,August,2025,8,25,0,0
3250,2025-08-25 13:47:18.087617524,Chicken Fried Rice,3,Chicken,160,480,Monday,Lunch,New,3,0,August,2025,8,25,0,0
3251,2025-08-25 15:32:09.265853172,Mutton Biryani,5,Mutton,240,1200,Monday,Dinner,Regular,8,3,August,2025,8,25,0,0
3252,2025-08-25 17:17:00.444088820,Chicken 65,3,Chicken,140,420,Monday,Lunch,New,5,2,August,2025,8,25,0,0
3253,2025-08-25 19:01:51.622324468,Veg Meals,5,Vegetarian,100,500,Monday,Lunch,New,5,0,August,2025,8,25,0,0
3254,2025-08-25 20:46:42.800560112,Chicken 65,4,Chicken,140,560,Monday,Breakfast,Regular,7,3,August,2025,8,25,0,0
3255,2025-08-25 22:31:33.978795760,Chicken Grill,3,Chicken,220,660,Monday,Lunch,Regular,5,2,August,2025,8,25,0,0
3256,2025-08-26 00:16:25.157031408,Noodles,3,Vegetarian,110,330,Tuesday,Dinner,Regular,3,0,August,2025,8,26,1,0
3257,2025-08-26 02:01:16.335267056,Chicken Noodles,3,Chicken,150,450,Tuesday,Dinner,Regular,4,1,August,2025,8,26,1,0
3258,2025-08-26 03:46:07.513502704,Veg Meals,4,Vegetarian,100,400,Tuesday,Lunch,Regular,4,0,August,2025,8,26,1,0
3259,2025-08-26 05:30:58.691738348,Chicken Biryani,1,Chicken,180,180,Tuesday,Lunch,New,4,3,August,2025,8,26,1,0
3260,2025-08-26 07:15:49.869973996,Parotta,5,Vegetarian,60,300,Tuesday,Dinner,Regular,5,0,August,2025,8,26,1,0
3261,2025-08-26 09:00:41.048209644,Chicken Grill,3,Chicken,220,660,Tuesday,Lunch,Regular,3,0,August,2025,8,26,1,0
3262,2025-08-26 10:45:32.226445292,Chicken Noodles,4,Chicken,150,600,Tuesday,Breakfast,New,5,1,August,2025,8,26,1,0
3263,2025-08-26 12:30:23.404680936,Idli,1,Vegetarian,40,40,Tuesday,Dinner,Regular,1,0,August,2025,8,26,1,0
3264,2025-08-26 14:15:14.582916584,Veg Meals,5,Vegetarian,100,500,Tuesday,Dinner,New,5,0,August,2025,8,26,1,0
3265,2025-08-26 16:00:05.761152232,Veg Biryani,4,Vegetarian,130,520,Tuesday,Dinner,New,5,1,August,2025,8,26,1,0
3266,2025-08-26 17:44:56.939387880,Veg Biryani,5,Vegetarian,130,650,Tuesday,Lunch,Regular,8,3,August,2025,8,26,1,0
3267,2025-08-26 19:29:48.117623528,Chicken Biryani,3,Chicken,180,540,Tuesday,Dinner,Regular,5,2,August,2025,8,26,1,0
3268,2025-08-26 21:14:39.295859172,Noodles,1,Vegetarian,110,110,Tuesday,Lunch,Regular,1,0,August,2025,8,26,1,0
3269,2025-08-26 22:59:30.474094820,Dosa,4,Vegetarian,50,200,Tuesday,Lunch,New,5,1,August,2025,8,26,1,0
3270,2025-08-27 00:44:21.652330468,Chicken Fried Rice,1,Chicken,160,160,Wednesday,Lunch,Regular,1,0,August,2025,8,27,2,0
3271,2025-08-27 02:29:12.830566116,Chicken Grill,3,Chicken,220,660,Wednesday,Lunch,Regular,6,3,August,2025,8,27,2,0
3272,2025-08-27 04:14:04.008801760,Paneer Butter Masala,1,Vegetarian,170,170,Wednesday,Breakfast,New,4,3,August,2025,8,27,2,0
3273,2025-08-27 05:58:55.187037408,Veg Meals,1,Vegetarian,100,100,Wednesday,Lunch,Regular,2,1,August,2025,8,27,2,0
3274,2025-08-27 07:43:46.365273056,Chicken Grill,2,Chicken,220,440,Wednesday,Breakfast,Regular,4,2,August,2025,8,27,2,0
3275,2025-08-27 09:28:37.543508704,Veg Meals,1,Vegetarian,100,100,Wednesday,Dinner,Regular,3,2,August,2025,8,27,2,0
3276,2025-08-27 11:13:28.721744352,Parotta,5,Vegetarian,60,300,Wednesday,Lunch,New,5,0,August,2025,8,27,2,0
3277,2025-08-27 12:58:19.899979996,Veg Meals,4,Vegetarian,100,400,Wednesday,Breakfast,New,5,1,August,2025,8,27,2,0
3278,2025-08-27 14:43:11.078215644,Parotta,2,Vegetarian,60,120,Wednesday,Breakfast,Regular,4,2,August,2025,8,27,2,0
3279,2025-08-27 16:28:02.256451292,Veg Meals,4,Vegetarian,100,400,Wednesday,Breakfast,Regular,7,3,August,2025,8,27,2,0
3280,2025-08-27 18:12:53.434686940,Veg Biryani,4,Vegetarian,130,520,Wednesday,Dinner,Regular,6,2,August,2025,8,27,2,0
3281,2025-08-27 19:57:44.612922588,Veg Biryani,3,Vegetarian,130,390,Wednesday,Breakfast,New,4,1,August,2025,8,27,2,0
3282,2025-08-27 21:42:35.791158232,Noodles,3,Vegetarian,110,330,Wednesday,Dinner,Regular,6,3,August,2025,8,27,2,0
3283,2025-08-27 23:27:26.969393880,Fried Rice,2,Vegetarian,120,240,Wednesday,Breakfast,Regular,2,0,August,2025,8,27,2,0
3284,2025-08-28 01:12:18.147629528,Mutton Biryani,3,Mutton,240,720,Thursday,Lunch,New,6,3,August,2025,8,28,3,0
3285,2025-08-28 02:57:09.325865176,Mutton Biryani,3,Mutton,240,720,Thursday,Dinner,Regular,5,2,August,2025,8,28,3,0
3286,2025-08-28 04:42:00.504100820,Fried Rice,3,Vegetarian,120,360,Thursday,Dinner,Regular,5,2,August,2025,8,28,3,0
3287,2025-08-28 06:26:51.682336468,Dosa,4,Vegetarian,50,200,Thursday,Breakfast,New,6,2,August,2025,8,28,3,0
3288,2025-08-28 08:11:42.860572116,Mutton Biryani,2,Mutton,240,480,Thursday,Dinner,New,2,0,August,2025,8,28,3,0
3289,2025-08-28 09:56:34.038807764,Noodles,4,Vegetarian,110,440,Thursday,Lunch,Regular,6,2,August,2025,8,28,3,0
3290,2025-08-28 11:41:25.217043412,Paneer Butter Masala,5,Vegetarian,170,850,Thursday,Dinner,Regular,6,1,August,2025,8,28,3,0
3291,2025-08-28 13:26:16.395279056,Paneer Butter Masala,4,Vegetarian,170,680,Thursday,Dinner,Regular,4,0,August,2025,8,28,3,0
3292,2025-08-28 15:11:07.573514704,Chicken Fried Rice,5,Chicken,160,800,Thursday,Dinner,New,8,3,August,2025,8,28,3,0
3293,2025-08-28 16:55:58.751750352,Chicken Fried Rice,1,Chicken,160,160,Thursday,Dinner,New,3,2,August,2025,8,28,3,0
3294,2025-08-28 18:40:49.929986000,Paneer Butter Masala,1,Vegetarian,170,170,Thursday,Lunch,Regular,2,1,August,2025,8,28,3,0
3295,2025-08-28 20:25:41.108221644,Chicken Grill,5,Chicken,220,1100,Thursday,Dinner,Regular,6,1,August,2025,8,28,3,0
3296,2025-08-28 22:10:32.286457292,Chicken 65,5,Chicken,140,700,Thursday,Lunch,New,5,0,August,2025,8,28,3,0
3297,2025-08-28 23:55:23.464692940,Fried Rice,4,Vegetarian,120,480,Thursday,Breakfast,Regular,5,1,August,2025,8,28,3,0
3298,2025-08-29 01:40:14.642928588,Chicken Fried Rice,5,Chicken,160,800,Friday,Breakfast,New,5,0,August,2025,8,29,4,0
3299,2025-08-29 03:25:05.821164236,Chicken Noodles,2,Chicken,150,300,Friday,Breakfast,New,2,0,August,2025,8,29,4,0
3300,2025-08-29 05:09:56.999399880,Veg Biryani,1,Vegetarian,130,130,Friday,Dinner,New,1,0,August,2025,8,29,4,0
3301,2025-08-29 06:54:48.177635528,Parotta,1,Vegetarian,60,60,Friday,Lunch,New,4,3,August,2025,8,29,4,0
3302,2025-08-29 08:39:39.355871176,Noodles,5,Vegetarian,110,550,Friday,Lunch,Regular,8,3,August,2025,8,29,4,0
3303,2025-08-29 10:24:30.534106824,Paneer Butter Masala,3,Vegetarian,170,510,Friday,Breakfast,Regular,4,1,August,2025,8,29,4,0
3304,2025-08-29 12:09:21.712342472,Mutton Biryani,3,Mutton,240,720,Friday,Lunch,Regular,6,3,August,2025,8,29,4,0
3305,2025-08-29 13:54:12.890578116,Fried Rice,5,Vegetarian,120,600,Friday,Dinner,Regular,5,0,August,2025,8,29,4,0
3306,2025-08-29 15:39:04.068813764,Chicken Grill,2,Chicken,220,440,Friday,Lunch,Regular,2,0,August,2025,8,29,4,0
3307,2025-08-29 17:23:55.247049412,Paneer Butter Masala,3,Vegetarian,170,510,Friday,Dinner,Regular,6,3,August,2025,8,29,4,0
3308,2025-08-29 19:08:46.425285060,Chicken Biryani,5,Chicken,180,900,Friday,Dinner,Regular,6,1,August,2025,8,29,4,0
3309,2025-08-29 20:53:37.603520704,Parotta,2,Vegetarian,60,120,Friday,Dinner,Regular,2,0,August,2025,8,29,4,0
3310,2025-08-29 22:38:28.781756352,Chicken Noodles,2,Chicken,150,300,Friday,Lunch,Regular,5,3,August,2025,8,29,4,0
3311,2025-08-30 00:23:19.959992000,Mutton Biryani,4,Mutton,240,960,Saturday,Dinner,Regular,6,2,August,2025,8,30,5,1
3312,2025-08-30 02:08:11.138227648,Chicken Noodles,2,Chicken,150,300,Saturday,Lunch,New,3,1,August,2025,8,30,5,1
3313,2025-08-30 03:53:02.316463296,Veg Biryani,3,Vegetarian,130,390,Saturday,Dinner,Regular,4,1,August,2025,8,30,5,1
3314,2025-08-30 05:37:53.494698940,Paneer Butter Masala,3,Vegetarian,170,510,Saturday,Lunch,Regular,4,1,August,2025,8,30,5,1
3315,2025-08-30 07:22:44.672934588,Veg Meals,5,Vegetarian,100,500,Saturday,Lunch,Regular,7,2,August,2025,8,30,5,1
3316,2025-08-30 09:07:35.851170236,Veg Biryani,5,Vegetarian,130,650,Saturday,Breakfast,New,5,0,August,2025,8,30,5,1
3317,2025-08-30 10:52:27.029405884,Noodles,2,Vegetarian,110,220,Saturday,Dinner,Regular,3,1,August,2025,8,30,5,1
3318,2025-08-30 12:37:18.207641528,Dosa,1,Vegetarian,50,50,Saturday,Lunch,Regular,4,3,August,2025,8,30,5,1
3319,2025-08-30 14:22:09.385877176,Chicken Grill,4,Chicken,220,880,Saturday,Lunch,New,5,1,August,2025,8,30,5,1
3320,2025-08-30 16:07:00.564112824,Parotta,1,Vegetarian,60,60,Saturday,Lunch,Regular,4,3,August,2025,8,30,5,1
3321,2025-08-30 17:51:51.742348472,Idli,2,Vegetarian,40,80,Saturday,Dinner,New,3,1,August,2025,8,30,5,1
3322,2025-08-30 19:36:42.920584120,Idli,2,Vegetarian,40,80,Saturday,Dinner,New,5,3,August,2025,8,30,5,1
3323,2025-08-30 21:21:34.098819764,Parotta,1,Vegetarian,60,60,Saturday,Lunch,Regular,4,3,August,2025,8,30,5,1
3324,2025-08-30 23:06:25.277055412,Chicken Biryani,4,Chicken,180,720,Saturday,Dinner,Regular,7,3,August,2025,8,30,5,1
3325,2025-08-31 00:51:16.455291060,Noodles,1,Vegetarian,110,110,Sunday,Lunch,Regular,3,2,August,2025,8,31,6,1
3326,2025-08-31 02:36:07.633526708,Chicken Grill,5,Chicken,220,1100,Sunday,Lunch,Regular,7,2,August,2025,8,31,6,1
3327,2025-08-31 04:20:58.811762352,Chicken Noodles,3,Chicken,150,450,Sunday,Dinner,New,5,2,August,2025,8,31,6,1
3328,2025-08-31 06:05:49.989998000,Chicken Biryani,5,Chicken,180,900,Sunday,Breakfast,New,5,0,August,2025,8,31,6,1
3329,2025-08-31 07:50:41.168233648,Chicken 65,3,Chicken,140,420,Sunday,Lunch,New,6,3,August,2025,8,31,6,1
3330,2025-08-31 09:35:32.346469296,Parotta,2,Vegetarian,60,120,Sunday,Lunch,New,2,0,August,2025,8,31,6,1
3331,2025-08-31 11:20:23.524704944,Chicken Noodles,4,Chicken,150,600,Sunday,Lunch,Regular,6,2,August,2025,8,31,6,1
3332,2025-08-31 13:05:14.702940588,Idli,1,Vegetarian,40,40,Sunday,Lunch,Regular,4,3,August,2025,8,31,6,1
3333,2025-08-31 14:50:05.881176236,Chicken Fried Rice,4,Chicken,160,640,Sunday,Lunch,New,4,0,August,2025,8,31,6,1
3334,2025-08-31 16:34:57.059411884,Fried Rice,1,Vegetarian,120,120,Sunday,Breakfast,New,3,2,August,2025,8,31,6,1
3335,2025-08-31 18:19:48.237647532,Dosa,5,Vegetarian,50,250,Sunday,Lunch,Regular,5,0,August,2025,8,31,6,1
3336,2025-08-31 20:04:39.415883180,Idli,5,Vegetarian,40,200,Sunday,Lunch,New,5,0,August,2025,8,31,6,1
3337,2025-08-31 21:49:30.594118824,Chicken Grill,1,Chicken,220,220,Sunday,Breakfast,Regular,3,2,August,2025,8,31,6,1
3338,2025-08-31 23:34:21.772354472,Veg Meals,4,Vegetarian,100,400,Sunday,Breakfast,Regular,7,3,August,2025,8,31,6,1
3339,2025-09-01 01:19:12.950590120,Veg Biryani,1,Vegetarian,130,130,Monday,Dinner,New,2,1,September,2025,9,1,0,0
3340,2025-09-01 03:04:04.128825768,Fried Rice,2,Vegetarian,120,240,Monday,Lunch,New,3,1,September,2025,9,1,0,0
3341,2025-09-01 04:48:55.307061412,Fried Rice,5,Vegetarian,120,600,Monday,Dinner,Regular,5,0,September,2025,9,1,0,0
3342,2025-09-01 06:33:46.485297060,Chicken Fried Rice,2,Chicken,160,320,Monday,Dinner,New,2,0,September,2025,9,1,0,0
3343,2025-09-01 08:18:37.663532708,Dosa,5,Vegetarian,50,250,Monday,Dinner,New,5,0,September,2025,9,1,0,0
3344,2025-09-01 10:03:28.841768356,Paneer Butter Masala,5,Vegetarian,170,850,Monday,Lunch,New,8,3,September,2025,9,1,0,0
3345,2025-09-01 11:48:20.020004004,Dosa,3,Vegetarian,50,150,Monday,Lunch,Regular,3,0,September,2025,9,1,0,0
3346,2025-09-01 13:33:11.198239648,Chicken 65,2,Chicken,140,280,Monday,Lunch,Regular,2,0,September,2025,9,1,0,0
3347,2025-09-01 15:18:02.376475296,Chicken 65,2,Chicken,140,280,Monday,Dinner,New,2,0,September,2025,9,1,0,0
3348,2025-09-01 17:02:53.554710944,Mutton Biryani,3,Mutton,240,720,Monday,Lunch,Regular,5,2,September,2025,9,1,0,0
3349,2025-09-01 18:47:44.732946592,Idli,4,Vegetarian,40,160,Monday,Dinner,Regular,5,1,September,2025,9,1,0,0
3350,2025-09-01 20:32:35.911182236,Idli,2,Vegetarian,40,80,Monday,Dinner,Regular,3,1,September,2025,9,1,0,0
3351,2025-09-01 22:17:27.089417884,Idli,1,Vegetarian,40,40,Monday,Breakfast,New,3,2,September,2025,9,1,0,0
3352,2025-09-02 00:02:18.267653532,Mutton Biryani,3,Mutton,240,720,Tuesday,Breakfast,Regular,6,3,September,2025,9,2,1,0
3353,2025-09-02 01:47:09.445889180,Noodles,2,Vegetarian,110,220,Tuesday,Dinner,Regular,5,3,September,2025,9,2,1,0
3354,2025-09-02 03:32:00.624124828,Chicken Biryani,4,Chicken,180,720,Tuesday,Lunch,New,7,3,September,2025,9,2,1,0
3355,2025-09-02 05:16:51.802360472,Veg Meals,2,Vegetarian,100,200,Tuesday,Breakfast,New,4,2,September,2025,9,2,1,0
3356,2025-09-02 07:01:42.980596120,Veg Meals,5,Vegetarian,100,500,Tuesday,Dinner,New,6,1,September,2025,9,2,1,0
3357,2025-09-02 08:46:34.158831768,Dosa,1,Vegetarian,50,50,Tuesday,Lunch,New,2,1,September,2025,9,2,1,0
3358,2025-09-02 10:31:25.337067416,Chicken Fried Rice,3,Chicken,160,480,Tuesday,Dinner,Regular,3,0,September,2025,9,2,1,0
3359,2025-09-02 12:16:16.515303064,Chicken Grill,5,Chicken,220,1100,Tuesday,Dinner,Regular,6,1,September,2025,9,2,1,0
3360,2025-09-02 14:01:07.693538708,Dosa,4,Vegetarian,50,200,Tuesday,Dinner,Regular,7,3,September,2025,9,2,1,0
3361,2025-09-02 15:45:58.871774356,Chicken 65,5,Chicken,140,700,Tuesday,Lunch,New,8,3,September,2025,9,2,1,0
3362,2025-09-02 17:30:50.050010004,Fried Rice,5,Vegetarian,120,600,Tuesday,Lunch,Regular,5,0,September,2025,9,2,1,0
3363,2025-09-02 19:15:41.228245652,Chicken Noodles,4,Chicken,150,600,Tuesday,Lunch,Regular,4,0,September,2025,9,2,1,0
3364,2025-09-02 21:00:32.406481296,Veg Biryani,5,Vegetarian,130,650,Tuesday,Breakfast,Regular,6,1,September,2025,9,2,1,0
3365,2025-09-02 22:45:23.584716944,Mutton Biryani,3,Mutton,240,720,Tuesday,Lunch,Regular,3,0,September,2025,9,2,1,0
3366,2025-09-03 00:30:14.762952592,Parotta,2,Vegetarian,60,120,Wednesday,Lunch,New,2,0,September,2025,9,3,2,0
3367,2025-09-03 02:15:05.941188240,Chicken Noodles,5,Chicken,150,750,Wednesday,Breakfast,Regular,7,2,September,2025,9,3,2,0
3368,2025-09-03 03:59:57.119423888,Chicken Grill,3,Chicken,220,660,Wednesday,Lunch,Regular,4,1,September,2025,9,3,2,0
3369,2025-09-03 05:44:48.297659532,Idli,2,Vegetarian,40,80,Wednesday,Dinner,Regular,5,3,September,2025,9,3,2,0
3370,2025-09-03 07:29:39.475895180,Chicken 65,2,Chicken,140,280,Wednesday,Breakfast,Regular,4,2,September,2025,9,3,2,0
3371,2025-09-03 09:14:30.654130828,Paneer Butter Masala,5,Vegetarian,170,850,Wednesday,Breakfast,New,8,3,September,2025,9,3,2,0
3372,2025-09-03 10:59:21.832366476,Chicken 65,3,Chicken,140,420,Wednesday,Dinner,New,3,0,September,2025,9,3,2,0
3373,2025-09-03 12:44:13.010602120,Chicken 65,5,Chicken,140,700,Wednesday,Dinner,Regular,5,0,September,2025,9,3,2,0
3374,2025-09-03 14:29:04.188837768,Idli,4,Vegetarian,40,160,Wednesday,Lunch,Regular,7,3,September,2025,9,3,2,0
3375,2025-09-03 16:13:55.367073416,Parotta,2,Vegetarian,60,120,Wednesday,Breakfast,Regular,4,2,September,2025,9,3,2,0
3376,2025-09-03 17:58:46.545309064,Mutton Biryani,5,Mutton,240,1200,Wednesday,Lunch,New,7,2,September,2025,9,3,2,0
3377,2025-09-03 19:43:37.723544712,Chicken Noodles,2,Chicken,150,300,Wednesday,Dinner,Regular,4,2,September,2025,9,3,2,0
3378,2025-09-03 21:28:28.901780356,Idli,3,Vegetarian,40,120,Wednesday,Dinner,Regular,3,0,September,2025,9,3,2,0
3379,2025-09-03 23:13:20.080016004,Chicken Grill,1,Chicken,220,220,Wednesday,Dinner,Regular,2,1,September,2025,9,3,2,0
3380,2025-09-04 00:58:11.258251652,Mutton Biryani,5,Mutton,240,1200,Thursday,Lunch,New,5,0,September,2025,9,4,3,0
3381,2025-09-04 02:43:02.436487300,Chicken Grill,5,Chicken,220,1100,Thursday,Lunch,New,8,3,September,2025,9,4,3,0
3382,2025-09-04 04:27:53.614722948,Mutton Biryani,2,Mutton,240,480,Thursday,Breakfast,Regular,4,2,September,2025,9,4,3,0
3383,2025-09-04 06:12:44.792958592,Parotta,3,Vegetarian,60,180,Thursday,Dinner,Regular,4,1,September,2025,9,4,3,0
3384,2025-09-04 07:57:35.971194240,Veg Biryani,4,Vegetarian,130,520,Thursday,Dinner,Regular,6,2,September,2025,9,4,3,0
3385,2025-09-04 09:42:27.149429888,Chicken Grill,3,Chicken,220,660,Thursday,Dinner,Regular,3,0,September,2025,9,4,3,0
3386,2025-09-04 11:27:18.327665536,Idli,5,Vegetarian,40,200,Thursday,Lunch,Regular,6,1,September,2025,9,4,3,0
3387,2025-09-04 13:12:09.505901180,Mutton Biryani,4,Mutton,240,960,Thursday,Breakfast,New,5,1,September,2025,9,4,3,0
3388,2025-09-04 14:57:00.684136828,Veg Meals,3,Vegetarian,100,300,Thursday,Lunch,New,3,0,September,2025,9,4,3,0
3389,2025-09-04 16:41:51.862372476,Chicken 65,1,Chicken,140,140,Thursday,Dinner,New,3,2,September,2025,9,4,3,0
3390,2025-09-04 18:26:43.040608124,Noodles,2,Vegetarian,110,220,Thursday,Dinner,New,4,2,September,2025,9,4,3,0
3391,2025-09-04 20:11:34.218843772,Dosa,3,Vegetarian,50,150,Thursday,Breakfast,Regular,5,2,September,2025,9,4,3,0
3392,2025-09-04 21:56:25.397079416,Paneer Butter Masala,3,Vegetarian,170,510,Thursday,Lunch,Regular,3,0,September,2025,9,4,3,0
3393,2025-09-04 23:41:16.575315064,Chicken 65,1,Chicken,140,140,Thursday,Lunch,New,4,3,September,2025,9,4,3,0
3394,2025-09-05 01:26:07.753550712,Chicken Biryani,5,Chicken,180,900,Friday,Lunch,Regular,8,3,September,2025,9,5,4,0
3395,2025-09-05 03:10:58.931786360,Veg Biryani,2,Vegetarian,130,260,Friday,Dinner,Regular,4,2,September,2025,9,5,4,0
3396,2025-09-05 04:55:50.110022004,Veg Biryani,3,Vegetarian,130,390,Friday,Lunch,Regular,4,1,September,2025,9,5,4,0
3397,2025-09-05 06:40:41.288257652,Chicken 65,4,Chicken,140,560,Friday,Dinner,New,7,3,September,2025,9,5,4,0
3398,2025-09-05 08:25:32.466493300,Paneer Butter Masala,3,Vegetarian,170,510,Friday,Lunch,Regular,5,2,September,2025,9,5,4,0
3399,2025-09-05 10:10:23.644728948,Veg Meals,2,Vegetarian,100,200,Friday,Dinner,Regular,5,3,September,2025,9,5,4,0
3400,2025-09-05 11:55:14.822964596,Chicken Noodles,3,Chicken,150,450,Friday,Lunch,Regular,5,2,September,2025,9,5,4,0
3401,2025-09-05 13:40:06.001200240,Parotta,1,Vegetarian,60,60,Friday,Dinner,Regular,4,3,September,2025,9,5,4,0
3402,2025-09-05 15:24:57.179435888,Chicken Grill,3,Chicken,220,660,Friday,Lunch,New,6,3,September,2025,9,5,4,0
3403,2025-09-05 17:09:48.357671536,Idli,3,Vegetarian,40,120,Friday,Lunch,Regular,4,1,September,2025,9,5,4,0
3404,2025-09-05 18:54:39.535907184,Veg Biryani,4,Vegetarian,130,520,Friday,Lunch,Regular,5,1,September,2025,9,5,4,0
3405,2025-09-05 20:39:30.714142832,Chicken 65,1,Chicken,140,140,Friday,Lunch,Regular,4,3,September,2025,9,5,4,0
3406,2025-09-05 22:24:21.892378476,Chicken 65,1,Chicken,140,140,Friday,Lunch,Regular,3,2,September,2025,9,5,4,0
3407,2025-09-06 00:09:13.070614124,Parotta,3,Vegetarian,60,180,Saturday,Lunch,New,4,1,September,2025,9,6,5,1
3408,2025-09-06 01:54:04.248849772,Veg Meals,4,Vegetarian,100,400,Saturday,Dinner,New,4,0,September,2025,9,6,5,1
3409,2025-09-06 03:38:55.427085420,Parotta,3,Vegetarian,60,180,Saturday,Breakfast,Regular,4,1,September,2025,9,6,5,1
3410,2025-09-06 05:23:46.605321064,Chicken Fried Rice,3,Chicken,160,480,Saturday,Dinner,New,6,3,September,2025,9,6,5,1
3411,2025-09-06 07:08:37.783556712,Veg Meals,2,Vegetarian,100,200,Saturday,Dinner,Regular,5,3,September,2025,9,6,5,1
3412,2025-09-06 08:53:28.961792360,Chicken Fried Rice,2,Chicken,160,320,Saturday,Breakfast,New,2,0,September,2025,9,6,5,1
3413,2025-09-06 10:38:20.140028008,Chicken Noodles,4,Chicken,150,600,Saturday,Dinner,New,5,1,September,2025,9,6,5,1
3414,2025-09-06 12:23:11.318263656,Noodles,5,Vegetarian,110,550,Saturday,Lunch,Regular,8,3,September,2025,9,6,5,1
3415,2025-09-06 14:08:02.496499300,Noodles,2,Vegetarian,110,220,Saturday,Breakfast,New,2,0,September,2025,9,6,5,1
3416,2025-09-06 15:52:53.674734948,Chicken Noodles,5,Chicken,150,750,Saturday,Lunch,Regular,5,0,September,2025,9,6,5,1
3417,2025-09-06 17:37:44.852970596,Chicken Biryani,1,Chicken,180,180,Saturday,Dinner,Regular,3,2,September,2025,9,6,5,1
3418,2025-09-06 19:22:36.031206244,Veg Meals,2,Vegetarian,100,200,Saturday,Breakfast,Regular,3,1,September,2025,9,6,5,1
3419,2025-09-06 21:07:27.209441888,Chicken Noodles,2,Chicken,150,300,Saturday,Lunch,Regular,3,1,September,2025,9,6,5,1
3420,2025-09-06 22:52:18.387677536,Mutton Biryani,4,Mutton,240,960,Saturday,Lunch,New,5,1,September,2025,9,6,5,1
3421,2025-09-07 00:37:09.565913184,Parotta,5,Vegetarian,60,300,Sunday,Dinner,Regular,8,3,September,2025,9,7,6,1
3422,2025-09-07 02:22:00.744148832,Paneer Butter Masala,2,Vegetarian,170,340,Sunday,Breakfast,Regular,2,0,September,2025,9,7,6,1
3423,2025-09-07 04:06:51.922384480,Noodles,2,Vegetarian,110,220,Sunday,Dinner,Regular,4,2,September,2025,9,7,6,1
3424,2025-09-07 05:51:43.100620124,Veg Meals,4,Vegetarian,100,400,Sunday,Dinner,Regular,5,1,September,2025,9,7,6,1
3425,2025-09-07 07:36:34.278855772,Idli,4,Vegetarian,40,160,Sunday,Dinner,Regular,6,2,September,2025,9,7,6,1
3426,2025-09-07 09:21:25.457091420,Mutton Biryani,5,Mutton,240,1200,Sunday,Dinner,Regular,7,2,September,2025,9,7,6,1
3427,2025-09-07 11:06:16.635327068,Chicken Grill,1,Chicken,220,220,Sunday,Dinner,Regular,1,0,September,2025,9,7,6,1
3428,2025-09-07 12:51:07.813562716,Chicken 65,1,Chicken,140,140,Sunday,Breakfast,New,2,1,September,2025,9,7,6,1
3429,2025-09-07 14:35:58.991798360,Chicken Noodles,3,Chicken,150,450,Sunday,Lunch,New,5,2,September,2025,9,7,6,1
3430,2025-09-07 16:20:50.170034008,Paneer Butter Masala,2,Vegetarian,170,340,Sunday,Lunch,Regular,3,1,September,2025,9,7,6,1
3431,2025-09-07 18:05:41.348269656,Chicken 65,5,Chicken,140,700,Sunday,Lunch,New,6,1,September,2025,9,7,6,1
3432,2025-09-07 19:50:32.526505304,Veg Meals,2,Vegetarian,100,200,Sunday,Lunch,New,3,1,September,2025,9,7,6,1
3433,2025-09-07 21:35:23.704740948,Veg Biryani,5,Vegetarian,130,650,Sunday,Lunch,New,7,2,September,2025,9,7,6,1
3434,2025-09-07 23:20:14.882976596,Chicken Biryani,5,Chicken,180,900,Sunday,Lunch,Regular,5,0,September,2025,9,7,6,1
3435,2025-09-08 01:05:06.061212244,Veg Biryani,5,Vegetarian,130,650,Monday,Dinner,Regular,5,0,September,2025,9,8,0,0
3436,2025-09-08 02:49:57.239447892,Chicken Biryani,2,Chicken,180,360,Monday,Breakfast,Regular,4,2,September,2025,9,8,0,0
3437,2025-09-08 04:34:48.417683540,Chicken Fried Rice,4,Chicken,160,640,Monday,Dinner,Regular,7,3,September,2025,9,8,0,0
3438,2025-09-08 06:19:39.595919184,Chicken 65,2,Chicken,140,280,Monday,Lunch,Regular,3,1,September,2025,9,8,0,0
3439,2025-09-08 08:04:30.774154832,Chicken Biryani,5,Chicken,180,900,Monday,Dinner,Regular,6,1,September,2025,9,8,0,0
3440,2025-09-08 09:49:21.952390480,Fried Rice,3,Vegetarian,120,360,Monday,Dinner,Regular,3,0,September,2025,9,8,0,0
3441,2025-09-08 11:34:13.130626128,Noodles,1,Vegetarian,110,110,Monday,Lunch,Regular,3,2,September,2025,9,8,0,0
3442,2025-09-08 13:19:04.308861772,Fried Rice,5,Vegetarian,120,600,Monday,Lunch,Regular,7,2,September,2025,9,8,0,0
3443,2025-09-08 15:03:55.487097420,Fried Rice,3,Vegetarian,120,360,Monday,Lunch,Regular,6,3,September,2025,9,8,0,0
3444,2025-09-08 16:48:46.665333068,Dosa,4,Vegetarian,50,200,Monday,Lunch,Regular,7,3,September,2025,9,8,0,0
3445,2025-09-08 18:33:37.843568716,Noodles,5,Vegetarian,110,550,Monday,Dinner,Regular,5,0,September,2025,9,8,0,0
3446,2025-09-08 20:18:29.021804364,Mutton Biryani,3,Mutton,240,720,Monday,Dinner,Regular,6,3,September,2025,9,8,0,0
3447,2025-09-08 22:03:20.200040008,Paneer Butter Masala,5,Vegetarian,170,850,Monday,Breakfast,Regular,8,3,September,2025,9,8,0,0
3448,2025-09-08 23:48:11.378275656,Chicken Biryani,2,Chicken,180,360,Monday,Breakfast,Regular,4,2,September,2025,9,8,0,0
3449,2025-09-09 01:33:02.556511304,Chicken Biryani,3,Chicken,180,540,Tuesday,Lunch,Regular,5,2,September,2025,9,9,1,0
3450,2025-09-09 03:17:53.734746952,Mutton Biryani,2,Mutton,240,480,Tuesday,Breakfast,Regular,5,3,September,2025,9,9,1,0
3451,2025-09-09 05:02:44.912982600,Chicken 65,2,Chicken,140,280,Tuesday,Dinner,Regular,2,0,September,2025,9,9,1,0
3452,2025-09-09 06:47:36.091218244,Chicken 65,3,Chicken,140,420,Tuesday,Breakfast,Regular,6,3,September,2025,9,9,1,0
3453,2025-09-09 08:32:27.269453892,Fried Rice,1,Vegetarian,120,120,Tuesday,Lunch,New,1,0,September,2025,9,9,1,0
3454,2025-09-09 10:17:18.447689540,Mutton Biryani,3,Mutton,240,720,Tuesday,Breakfast,Regular,6,3,September,2025,9,9,1,0
3455,2025-09-09 12:02:09.625925188,Veg Meals,1,Vegetarian,100,100,Tuesday,Lunch,Regular,3,2,September,2025,9,9,1,0
3456,2025-09-09 13:47:00.804160832,Noodles,5,Vegetarian,110,550,Tuesday,Dinner,Regular,7,2,September,2025,9,9,1,0
3457,2025-09-09 15:31:51.982396480,Fried Rice,5,Vegetarian,120,600,Tuesday,Lunch,New,5,0,September,2025,9,9,1,0
3458,2025-09-09 17:16:43.160632128,Veg Biryani,3,Vegetarian,130,390,Tuesday,Dinner,Regular,6,3,September,2025,9,9,1,0
3459,2025-09-09 19:01:34.338867776,Dosa,5,Vegetarian,50,250,Tuesday,Dinner,Regular,8,3,September,2025,9,9,1,0
3460,2025-09-09 20:46:25.517103424,Idli,4,Vegetarian,40,160,Tuesday,Lunch,New,4,0,September,2025,9,9,1,0
3461,2025-09-09 22:31:16.695339068,Chicken Grill,2,Chicken,220,440,Tuesday,Breakfast,Regular,5,3,September,2025,9,9,1,0
3462,2025-09-10 00:16:07.873574716,Dosa,2,Vegetarian,50,100,Wednesday,Dinner,Regular,3,1,September,2025,9,10,2,0
3463,2025-09-10 02:00:59.051810364,Chicken 65,1,Chicken,140,140,Wednesday,Dinner,Regular,3,2,September,2025,9,10,2,0
3464,2025-09-10 03:45:50.230046012,Paneer Butter Masala,5,Vegetarian,170,850,Wednesday,Dinner,Regular,7,2,September,2025,9,10,2,0
3465,2025-09-10 05:30:41.408281656,Idli,1,Vegetarian,40,40,Wednesday,Breakfast,New,1,0,September,2025,9,10,2,0
3466,2025-09-10 07:15:32.586517304,Chicken Fried Rice,2,Chicken,160,320,Wednesday,Dinner,Regular,5,3,September,2025,9,10,2,0
3467,2025-09-10 09:00:23.764752952,Chicken Noodles,2,Chicken,150,300,Wednesday,Lunch,Regular,2,0,September,2025,9,10,2,0
3468,2025-09-10 10:45:14.942988600,Paneer Butter Masala,5,Vegetarian,170,850,Wednesday,Dinner,New,6,1,September,2025,9,10,2,0
3469,2025-09-10 12:30:06.121224248,Fried Rice,4,Vegetarian,120,480,Wednesday,Dinner,Regular,7,3,September,2025,9,10,2,0
3470,2025-09-10 14:14:57.299459892,Chicken Biryani,4,Chicken,180,720,Wednesday,Lunch,Regular,5,1,September,2025,9,10,2,0
3471,2025-09-10 15:59:48.477695540,Veg Meals,5,Vegetarian,100,500,Wednesday,Dinner,Regular,5,0,September,2025,9,10,2,0
3472,2025-09-10 17:44:39.655931188,Veg Meals,5,Vegetarian,100,500,Wednesday,Lunch,New,7,2,September,2025,9,10,2,0
3473,2025-09-10 19:29:30.834166836,Mutton Biryani,1,Mutton,240,240,Wednesday,Dinner,Regular,2,1,September,2025,9,10,2,0
3474,2025-09-10 21:14:22.012402484,Paneer Butter Masala,5,Vegetarian,170,850,Wednesday,Lunch,Regular,8,3,September,2025,9,10,2,0
3475,2025-09-10 22:59:13.190638128,Mutton Biryani,4,Mutton,240,960,Wednesday,Dinner,New,4,0,September,2025,9,10,2,0
3476,2025-09-11 00:44:04.368873776,Chicken Biryani,5,Chicken,180,900,Thursday,Breakfast,New,5,0,September,2025,9,11,3,0
3477,2025-09-11 02:28:55.547109424,Fried Rice,1,Vegetarian,120,120,Thursday,Dinner,New,1,0,September,2025,9,11,3,0
3478,2025-09-11 04:13:46.725345072,Paneer Butter Masala,1,Vegetarian,170,170,Thursday,Lunch,Regular,3,2,September,2025,9,11,3,0
3479,2025-09-11 05:58:37.903580716,Chicken Noodles,1,Chicken,150,150,Thursday,Lunch,New,1,0,September,2025,9,11,3,0
3480,2025-09-11 07:43:29.081816364,Chicken Grill,1,Chicken,220,220,Thursday,Lunch,New,1,0,September,2025,9,11,3,0
3481,2025-09-11 09:28:20.260052012,Chicken Noodles,3,Chicken,150,450,Thursday,Dinner,Regular,5,2,September,2025,9,11,3,0
3482,2025-09-11 11:13:11.438287660,Idli,5,Vegetarian,40,200,Thursday,Breakfast,Regular,5,0,September,2025,9,11,3,0
3483,2025-09-11 12:58:02.616523308,Chicken Noodles,2,Chicken,150,300,Thursday,Lunch,Regular,2,0,September,2025,9,11,3,0
3484,2025-09-11 14:42:53.794758952,Veg Meals,5,Vegetarian,100,500,Thursday,Lunch,Regular,6,1,September,2025,9,11,3,0
3485,2025-09-11 16:27:44.972994600,Idli,3,Vegetarian,40,120,Thursday,Dinner,New,3,0,September,2025,9,11,3,0
3486,2025-09-11 18:12:36.151230248,Chicken Noodles,1,Chicken,150,150,Thursday,Breakfast,Regular,3,2,September,2025,9,11,3,0
3487,2025-09-11 19:57:27.329465896,Chicken Grill,3,Chicken,220,660,Thursday,Breakfast,New,4,1,September,2025,9,11,3,0
3488,2025-09-11 21:42:18.507701540,Paneer Butter Masala,4,Vegetarian,170,680,Thursday,Lunch,Regular,4,0,September,2025,9,11,3,0
3489,2025-09-11 23:27:09.685937188,Chicken Grill,4,Chicken,220,880,Thursday,Lunch,Regular,6,2,September,2025,9,11,3,0
3490,2025-09-12 01:12:00.864172836,Chicken 65,5,Chicken,140,700,Friday,Lunch,New,8,3,September,2025,9,12,4,0
3491,2025-09-12 02:56:52.042408484,Chicken Biryani,5,Chicken,180,900,Friday,Lunch,Regular,5,0,September,2025,9,12,4,0
3492,2025-09-12 04:41:43.220644132,Chicken Grill,2,Chicken,220,440,Friday,Dinner,Regular,5,3,September,2025,9,12,4,0
3493,2025-09-12 06:26:34.398879776,Idli,2,Vegetarian,40,80,Friday,Dinner,New,3,1,September,2025,9,12,4,0
3494,2025-09-12 08:11:25.577115424,Chicken Grill,4,Chicken,220,880,Friday,Lunch,Regular,6,2,September,2025,9,12,4,0
3495,2025-09-12 09:56:16.755351072,Chicken 65,1,Chicken,140,140,Friday,Breakfast,Regular,2,1,September,2025,9,12,4,0
3496,2025-09-12 11:41:07.933586720,Mutton Biryani,3,Mutton,240,720,Friday,Dinner,Regular,6,3,September,2025,9,12,4,0
3497,2025-09-12 13:25:59.111822368,Idli,2,Vegetarian,40,80,Friday,Breakfast,Regular,5,3,September,2025,9,12,4,0
3498,2025-09-12 15:10:50.290058012,Chicken 65,2,Chicken,140,280,Friday,Dinner,Regular,5,3,September,2025,9,12,4,0
3499,2025-09-12 16:55:41.468293660,Veg Meals,1,Vegetarian,100,100,Friday,Lunch,New,3,2,September,2025,9,12,4,0
3500,2025-09-12 18:40:32.646529308,Veg Biryani,1,Vegetarian,130,130,Friday,Lunch,New,4,3,September,2025,9,12,4,0
3501,2025-09-12 20:25:23.824764956,Veg Biryani,5,Vegetarian,130,650,Friday,Lunch,Regular,8,3,September,2025,9,12,4,0
3502,2025-09-12 22:10:15.003000600,Chicken Fried Rice,3,Chicken,160,480,Friday,Dinner,New,5,2,September,2025,9,12,4,0
3503,2025-09-12 23:55:06.181236248,Chicken Noodles,1,Chicken,150,150,Friday,Breakfast,Regular,4,3,September,2025,9,12,4,0
3504,2025-09-13 01:39:57.359471896,Chicken Biryani,2,Chicken,180,360,Saturday,Lunch,Regular,2,0,September,2025,9,13,5,1
3505,2025-09-13 03:24:48.537707544,Parotta,2,Vegetarian,60,120,Saturday,Breakfast,New,5,3,September,2025,9,13,5,1
3506,2025-09-13 05:09:39.715943192,Dosa,4,Vegetarian,50,200,Saturday,Dinner,New,6,2,September,2025,9,13,5,1
3507,2025-09-13 06:54:30.894178836,Chicken 65,1,Chicken,140,140,Saturday,Dinner,Regular,4,3,September,2025,9,13,5,1
3508,2025-09-13 08:39:22.072414484,Mutton Biryani,5,Mutton,240,1200,Saturday,Lunch,Regular,7,2,September,2025,9,13,5,1
3509,2025-09-13 10:24:13.250650132,Dosa,3,Vegetarian,50,150,Saturday,Lunch,Regular,6,3,September,2025,9,13,5,1
3510,2025-09-13 12:09:04.428885780,Mutton Biryani,5,Mutton,240,1200,Saturday,Dinner,Regular,5,0,September,2025,9,13,5,1
3511,2025-09-13 13:53:55.607121424,Veg Meals,2,Vegetarian,100,200,Saturday,Lunch,New,4,2,September,2025,9,13,5,1
3512,2025-09-13 15:38:46.785357072,Noodles,5,Vegetarian,110,550,Saturday,Lunch,Regular,7,2,September,2025,9,13,5,1
3513,2025-09-13 17:23:37.963592720,Noodles,2,Vegetarian,110,220,Saturday,Lunch,New,4,2,September,2025,9,13,5,1
3514,2025-09-13 19:08:29.141828368,Noodles,2,Vegetarian,110,220,Saturday,Dinner,Regular,4,2,September,2025,9,13,5,1
3515,2025-09-13 20:53:20.320064016,Dosa,2,Vegetarian,50,100,Saturday,Breakfast,Regular,5,3,September,2025,9,13,5,1
3516,2025-09-13 22:38:11.498299660,Chicken 65,2,Chicken,140,280,Saturday,Dinner,Regular,5,3,September,2025,9,13,5,1
3517,2025-09-14 00:23:02.676535308,Parotta,2,Vegetarian,60,120,Sunday,Lunch,Regular,2,0,September,2025,9,14,6,1
3518,2025-09-14 02:07:53.854770956,Dosa,4,Vegetarian,50,200,Sunday,Breakfast,Regular,4,0,September,2025,9,14,6,1
3519,2025-09-14 03:52:45.033006604,Chicken 65,5,Chicken,140,700,Sunday,Dinner,Regular,8,3,September,2025,9,14,6,1
3520,2025-09-14 05:37:36.211242252,Chicken Grill,4,Chicken,220,880,Sunday,Lunch,Regular,5,1,September,2025,9,14,6,1
3521,2025-09-14 07:22:27.389477896,Veg Meals,4,Vegetarian,100,400,Sunday,Breakfast,Regular,6,2,September,2025,9,14,6,1
3522,2025-09-14 09:07:18.567713544,Parotta,1,Vegetarian,60,60,Sunday,Dinner,New,4,3,September,2025,9,14,6,1
3523,2025-09-14 10:52:09.745949192,Noodles,1,Vegetarian,110,110,Sunday,Dinner,Regular,1,0,September,2025,9,14,6,1
3524,2025-09-14 12:37:00.924184840,Idli,1,Vegetarian,40,40,Sunday,Dinner,New,3,2,September,2025,9,14,6,1
3525,2025-09-14 14:21:52.102420484,Veg Meals,3,Vegetarian,100,300,Sunday,Dinner,New,3,0,September,2025,9,14,6,1
3526,2025-09-14 16:06:43.280656132,Mutton Biryani,1,Mutton,240,240,Sunday,Dinner,New,2,1,September,2025,9,14,6,1
3527,2025-09-14 17:51:34.458891780,Noodles,5,Vegetarian,110,550,Sunday,Breakfast,Regular,7,2,September,2025,9,14,6,1
3528,2025-09-14 19:36:25.637127428,Veg Biryani,4,Vegetarian,130,520,Sunday,Lunch,New,5,1,September,2025,9,14,6,1
3529,2025-09-14 21:21:16.815363076,Chicken Noodles,5,Chicken,150,750,Sunday,Dinner,Regular,6,1,September,2025,9,14,6,1
3530,2025-09-14 23:06:07.993598720,Veg Biryani,1,Vegetarian,130,130,Sunday,Lunch,Regular,2,1,September,2025,9,14,6,1
3531,2025-09-15 00:50:59.171834368,Noodles,3,Vegetarian,110,330,Monday,Dinner,New,6,3,September,2025,9,15,0,0
3532,2025-09-15 02:35:50.350070016,Veg Meals,3,Vegetarian,100,300,Monday,Dinner,Regular,3,0,September,2025,9,15,0,0
3533,2025-09-15 04:20:41.528305664,Parotta,4,Vegetarian,60,240,Monday,Lunch,New,6,2,September,2025,9,15,0,0
3534,2025-09-15 06:05:32.706541308,Idli,5,Vegetarian,40,200,Monday,Dinner,Regular,8,3,September,2025,9,15,0,0
3535,2025-09-15 07:50:23.884776956,Mutton Biryani,2,Mutton,240,480,Monday,Lunch,Regular,2,0,September,2025,9,15,0,0
3536,2025-09-15 09:35:15.063012604,Idli,5,Vegetarian,40,200,Monday,Lunch,Regular,8,3,September,2025,9,15,0,0
3537,2025-09-15 11:20:06.241248252,Dosa,1,Vegetarian,50,50,Monday,Dinner,New,1,0,September,2025,9,15,0,0
3538,2025-09-15 13:04:57.419483900,Paneer Butter Masala,2,Vegetarian,170,340,Monday,Lunch,Regular,4,2,September,2025,9,15,0,0
3539,2025-09-15 14:49:48.597719544,Mutton Biryani,3,Mutton,240,720,Monday,Breakfast,Regular,5,2,September,2025,9,15,0,0
3540,2025-09-15 16:34:39.775955192,Noodles,4,Vegetarian,110,440,Monday,Lunch,Regular,6,2,September,2025,9,15,0,0
3541,2025-09-15 18:19:30.954190840,Dosa,4,Vegetarian,50,200,Monday,Dinner,Regular,6,2,September,2025,9,15,0,0
3542,2025-09-15 20:04:22.132426488,Paneer Butter Masala,3,Vegetarian,170,510,Monday,Dinner,New,3,0,September,2025,9,15,0,0
3543,2025-09-15 21:49:13.310662136,Chicken 65,1,Chicken,140,140,Monday,Dinner,Regular,4,3,September,2025,9,15,0,0
3544,2025-09-15 23:34:04.488897780,Parotta,3,Vegetarian,60,180,Monday,Dinner,New,5,2,September,2025,9,15,0,0
3545,2025-09-16 01:18:55.667133428,Fried Rice,1,Vegetarian,120,120,Tuesday,Lunch,New,3,2,September,2025,9,16,1,0
3546,2025-09-16 03:03:46.845369076,Chicken 65,2,Chicken,140,280,Tuesday,Dinner,Regular,4,2,September,2025,9,16,1,0
3547,2025-09-16 04:48:38.023604724,Chicken Fried Rice,3,Chicken,160,480,Tuesday,Dinner,Regular,4,1,September,2025,9,16,1,0
3548,2025-09-16 06:33:29.201840368,Idli,1,Vegetarian,40,40,Tuesday,Breakfast,Regular,3,2,September,2025,9,16,1,0
3549,2025-09-16 08:18:20.380076016,Fried Rice,2,Vegetarian,120,240,Tuesday,Breakfast,New,4,2,September,2025,9,16,1,0
3550,2025-09-16 10:03:11.558311664,Dosa,3,Vegetarian,50,150,Tuesday,Dinner,New,3,0,September,2025,9,16,1,0
3551,2025-09-16 11:48:02.736547312,Chicken Grill,4,Chicken,220,880,Tuesday,Dinner,Regular,5,1,September,2025,9,16,1,0
3552,2025-09-16 13:32:53.914782960,Chicken 65,3,Chicken,140,420,Tuesday,Dinner,Regular,3,0,September,2025,9,16,1,0
3553,2025-09-16 15:17:45.093018604,Chicken Fried Rice,5,Chicken,160,800,Tuesday,Dinner,New,8,3,September,2025,9,16,1,0
3554,2025-09-16 17:02:36.271254252,Chicken Biryani,3,Chicken,180,540,Tuesday,Lunch,Regular,4,1,September,2025,9,16,1,0
3555,2025-09-16 18:47:27.449489900,Fried Rice,5,Vegetarian,120,600,Tuesday,Dinner,New,5,0,September,2025,9,16,1,0
3556,2025-09-16 20:32:18.627725548,Veg Biryani,2,Vegetarian,130,260,Tuesday,Lunch,Regular,2,0,September,2025,9,16,1,0
3557,2025-09-16 22:17:09.805961192,Mutton Biryani,3,Mutton,240,720,Tuesday,Breakfast,Regular,6,3,September,2025,9,16,1,0
3558,2025-09-17 00:02:00.984196840,Chicken Fried Rice,2,Chicken,160,320,Wednesday,Dinner,Regular,5,3,September,2025,9,17,2,0
3559,2025-09-17 01:46:52.162432488,Parotta,2,Vegetarian,60,120,Wednesday,Lunch,Regular,4,2,September,2025,9,17,2,0
3560,2025-09-17 03:31:43.340668136,Fried Rice,1,Vegetarian,120,120,Wednesday,Dinner,Regular,3,2,September,2025,9,17,2,0
3561,2025-09-17 05:16:34.518903784,Chicken 65,2,Chicken,140,280,Wednesday,Lunch,Regular,3,1,September,2025,9,17,2,0
3562,2025-09-17 07:01:25.697139428,Parotta,2,Vegetarian,60,120,Wednesday,Lunch,Regular,3,1,September,2025,9,17,2,0
3563,2025-09-17 08:46:16.875375076,Veg Biryani,3,Vegetarian,130,390,Wednesday,Breakfast,Regular,6,3,September,2025,9,17,2,0
3564,2025-09-17 10:31:08.053610724,Chicken Grill,3,Chicken,220,660,Wednesday,Lunch,New,4,1,September,2025,9,17,2,0
3565,2025-09-17 12:15:59.231846372,Idli,4,Vegetarian,40,160,Wednesday,Breakfast,Regular,6,2,September,2025,9,17,2,0
3566,2025-09-17 14:00:50.410082020,Idli,1,Vegetarian,40,40,Wednesday,Breakfast,New,4,3,September,2025,9,17,2,0
3567,2025-09-17 15:45:41.588317664,Noodles,2,Vegetarian,110,220,Wednesday,Dinner,Regular,2,0,September,2025,9,17,2,0
3568,2025-09-17 17:30:32.766553312,Parotta,1,Vegetarian,60,60,Wednesday,Breakfast,New,4,3,September,2025,9,17,2,0
3569,2025-09-17 19:15:23.944788960,Veg Meals,5,Vegetarian,100,500,Wednesday,Lunch,Regular,6,1,September,2025,9,17,2,0
3570,2025-09-17 21:00:15.123024608,Dosa,2,Vegetarian,50,100,Wednesday,Lunch,New,4,2,September,2025,9,17,2,0
3571,2025-09-17 22:45:06.301260252,Chicken Grill,1,Chicken,220,220,Wednesday,Dinner,New,3,2,September,2025,9,17,2,0
3572,2025-09-18 00:29:57.479495900,Idli,4,Vegetarian,40,160,Thursday,Breakfast,New,4,0,September,2025,9,18,3,0
3573,2025-09-18 02:14:48.657731548,Chicken Grill,4,Chicken,220,880,Thursday,Dinner,Regular,4,0,September,2025,9,18,3,0
3574,2025-09-18 03:59:39.835967196,Chicken Fried Rice,2,Chicken,160,320,Thursday,Dinner,Regular,5,3,September,2025,9,18,3,0
3575,2025-09-18 05:44:31.014202844,Chicken Grill,5,Chicken,220,1100,Thursday,Lunch,Regular,7,2,September,2025,9,18,3,0
3576,2025-09-18 07:29:22.192438488,Chicken Noodles,4,Chicken,150,600,Thursday,Lunch,New,4,0,September,2025,9,18,3,0
3577,2025-09-18 09:14:13.370674136,Veg Biryani,4,Vegetarian,130,520,Thursday,Dinner,Regular,4,0,September,2025,9,18,3,0
3578,2025-09-18 10:59:04.548909784,Idli,5,Vegetarian,40,200,Thursday,Dinner,Regular,8,3,September,2025,9,18,3,0
3579,2025-09-18 12:43:55.727145432,Chicken Grill,1,Chicken,220,220,Thursday,Dinner,New,4,3,September,2025,9,18,3,0
3580,2025-09-18 14:28:46.905381076,Parotta,4,Vegetarian,60,240,Thursday,Breakfast,Regular,6,2,September,2025,9,18,3,0
3581,2025-09-18 16:13:38.083616724,Chicken Biryani,3,Chicken,180,540,Thursday,Lunch,Regular,4,1,September,2025,9,18,3,0
3582,2025-09-18 17:58:29.261852372,Chicken Noodles,4,Chicken,150,600,Thursday,Lunch,Regular,5,1,September,2025,9,18,3,0
3583,2025-09-18 19:43:20.440088020,Chicken Noodles,1,Chicken,150,150,Thursday,Breakfast,New,3,2,September,2025,9,18,3,0
3584,2025-09-18 21:28:11.618323668,Dosa,1,Vegetarian,50,50,Thursday,Lunch,Regular,2,1,September,2025,9,18,3,0
3585,2025-09-18 23:13:02.796559312,Chicken Grill,2,Chicken,220,440,Thursday,Dinner,New,4,2,September,2025,9,18,3,0
3586,2025-09-19 00:57:53.974794960,Noodles,3,Vegetarian,110,330,Friday,Lunch,Regular,5,2,September,2025,9,19,4,0
3587,2025-09-19 02:42:45.153030608,Dosa,1,Vegetarian,50,50,Friday,Dinner,Regular,1,0,September,2025,9,19,4,0
3588,2025-09-19 04:27:36.331266256,Paneer Butter Masala,5,Vegetarian,170,850,Friday,Dinner,Regular,6,1,September,2025,9,19,4,0
3589,2025-09-19 06:12:27.509501904,Dosa,3,Vegetarian,50,150,Friday,Lunch,Regular,5,2,September,2025,9,19,4,0
3590,2025-09-19 07:57:18.687737548,Chicken Biryani,3,Chicken,180,540,Friday,Dinner,New,4,1,September,2025,9,19,4,0
3591,2025-09-19 09:42:09.865973196,Chicken Fried Rice,5,Chicken,160,800,Friday,Breakfast,Regular,6,1,September,2025,9,19,4,0
3592,2025-09-19 11:27:01.044208844,Chicken Grill,4,Chicken,220,880,Friday,Dinner,New,7,3,September,2025,9,19,4,0
3593,2025-09-19 13:11:52.222444492,Chicken 65,5,Chicken,140,700,Friday,Breakfast,Regular,6,1,September,2025,9,19,4,0
3594,2025-09-19 14:56:43.400680136,Idli,5,Vegetarian,40,200,Friday,Breakfast,Regular,7,2,September,2025,9,19,4,0
3595,2025-09-19 16:41:34.578915784,Dosa,4,Vegetarian,50,200,Friday,Dinner,Regular,4,0,September,2025,9,19,4,0
3596,2025-09-19 18:26:25.757151432,Veg Biryani,4,Vegetarian,130,520,Friday,Lunch,Regular,5,1,September,2025,9,19,4,0
3597,2025-09-19 20:11:16.935387080,Mutton Biryani,4,Mutton,240,960,Friday,Dinner,Regular,6,2,September,2025,9,19,4,0
3598,2025-09-19 21:56:08.113622728,Veg Biryani,4,Vegetarian,130,520,Friday,Lunch,New,7,3,September,2025,9,19,4,0
3599,2025-09-19 23:40:59.291858372,Chicken Biryani,4,Chicken,180,720,Friday,Lunch,Regular,5,1,September,2025,9,19,4,0
3600,2025-09-20 01:25:50.470094020,Chicken Biryani,5,Chicken,180,900,Saturday,Lunch,New,5,0,September,2025,9,20,5,1
3601,2025-09-20 03:10:41.648329668,Parotta,2,Vegetarian,60,120,Saturday,Lunch,Regular,3,1,September,2025,9,20,5,1
3602,2025-09-20 04:55:32.826565316,Paneer Butter Masala,2,Vegetarian,170,340,Saturday,Lunch,New,4,2,September,2025,9,20,5,1
3603,2025-09-20 06:40:24.004800960,Paneer Butter Masala,1,Vegetarian,170,170,Saturday,Dinner,Regular,2,1,September,2025,9,20,5,1
3604,2025-09-20 08:25:15.183036608,Chicken Fried Rice,2,Chicken,160,320,Saturday,Dinner,New,3,1,September,2025,9,20,5,1
3605,2025-09-20 10:10:06.361272256,Noodles,2,Vegetarian,110,220,Saturday,Dinner,Regular,5,3,September,2025,9,20,5,1
3606,2025-09-20 11:54:57.539507904,Idli,5,Vegetarian,40,200,Saturday,Dinner,Regular,6,1,September,2025,9,20,5,1
3607,2025-09-20 13:39:48.717743552,Fried Rice,4,Vegetarian,120,480,Saturday,Lunch,Regular,4,0,September,2025,9,20,5,1
3608,2025-09-20 15:24:39.895979196,Dosa,4,Vegetarian,50,200,Saturday,Dinner,New,5,1,September,2025,9,20,5,1
3609,2025-09-20 17:09:31.074214844,Veg Biryani,5,Vegetarian,130,650,Saturday,Lunch,Regular,8,3,September,2025,9,20,5,1
3610,2025-09-20 18:54:22.252450492,Mutton Biryani,2,Mutton,240,480,Saturday,Dinner,New,4,2,September,2025,9,20,5,1
3611,2025-09-20 20:39:13.430686140,Chicken Biryani,5,Chicken,180,900,Saturday,Lunch,Regular,6,1,September,2025,9,20,5,1
3612,2025-09-20 22:24:04.608921788,Chicken Biryani,1,Chicken,180,180,Saturday,Dinner,Regular,2,1,September,2025,9,20,5,1
3613,2025-09-21 00:08:55.787157432,Chicken Fried Rice,4,Chicken,160,640,Sunday,Dinner,Regular,7,3,September,2025,9,21,6,1
3614,2025-09-21 01:53:46.965393080,Mutton Biryani,3,Mutton,240,720,Sunday,Dinner,New,6,3,September,2025,9,21,6,1
3615,2025-09-21 03:38:38.143628728,Veg Meals,1,Vegetarian,100,100,Sunday,Dinner,Regular,4,3,September,2025,9,21,6,1
3616,2025-09-21 05:23:29.321864376,Mutton Biryani,1,Mutton,240,240,Sunday,Dinner,Regular,2,1,September,2025,9,21,6,1
3617,2025-09-21 07:08:20.500100020,Chicken Fried Rice,5,Chicken,160,800,Sunday,Dinner,New,5,0,September,2025,9,21,6,1
3618,2025-09-21 08:53:11.678335668,Chicken Biryani,2,Chicken,180,360,Sunday,Lunch,Regular,5,3,September,2025,9,21,6,1
3619,2025-09-21 10:38:02.856571316,Idli,4,Vegetarian,40,160,Sunday,Lunch,Regular,6,2,September,2025,9,21,6,1
3620,2025-09-21 12:22:54.034806964,Chicken Grill,3,Chicken,220,660,Sunday,Lunch,New,4,1,September,2025,9,21,6,1
3621,2025-09-21 14:07:45.213042612,Chicken Grill,1,Chicken,220,220,Sunday,Breakfast,Regular,3,2,September,2025,9,21,6,1
3622,2025-09-21 15:52:36.391278256,Chicken Fried Rice,3,Chicken,160,480,Sunday,Lunch,Regular,5,2,September,2025,9,21,6,1
3623,2025-09-21 17:37:27.569513904,Mutton Biryani,2,Mutton,240,480,Sunday,Lunch,New,2,0,September,2025,9,21,6,1
3624,2025-09-21 19:22:18.747749552,Dosa,2,Vegetarian,50,100,Sunday,Lunch,Regular,4,2,September,2025,9,21,6,1
3625,2025-09-21 21:07:09.925985200,Chicken Fried Rice,3,Chicken,160,480,Sunday,Dinner,Regular,6,3,September,2025,9,21,6,1
3626,2025-09-21 22:52:01.104220844,Idli,4,Vegetarian,40,160,Sunday,Dinner,New,7,3,September,2025,9,21,6,1
3627,2025-09-22 00:36:52.282456492,Chicken Fried Rice,2,Chicken,160,320,Monday,Breakfast,Regular,3,1,September,2025,9,22,0,0
3628,2025-09-22 02:21:43.460692140,Chicken Noodles,3,Chicken,150,450,Monday,Lunch,Regular,3,0,September,2025,9,22,0,0
3629,2025-09-22 04:06:34.638927788,Paneer Butter Masala,1,Vegetarian,170,170,Monday,Lunch,Regular,1,0,September,2025,9,22,0,0
3630,2025-09-22 05:51:25.817163436,Veg Biryani,3,Vegetarian,130,390,Monday,Lunch,Regular,5,2,September,2025,9,22,0,0
3631,2025-09-22 07:36:16.995399080,Mutton Biryani,3,Mutton,240,720,Monday,Dinner,Regular,3,0,September,2025,9,22,0,0
3632,2025-09-22 09:21:08.173634728,Noodles,5,Vegetarian,110,550,Monday,Lunch,Regular,7,2,September,2025,9,22,0,0
3633,2025-09-22 11:05:59.351870376,Parotta,2,Vegetarian,60,120,Monday,Lunch,New,4,2,September,2025,9,22,0,0
3634,2025-09-22 12:50:50.530106024,Parotta,4,Vegetarian,60,240,Monday,Dinner,Regular,4,0,September,2025,9,22,0,0
3635,2025-09-22 14:35:41.708341668,Mutton Biryani,4,Mutton,240,960,Monday,Dinner,Regular,5,1,September,2025,9,22,0,0
3636,2025-09-22 16:20:32.886577316,Noodles,5,Vegetarian,110,550,Monday,Breakfast,New,7,2,September,2025,9,22,0,0
3637,2025-09-22 18:05:24.064812964,Fried Rice,4,Vegetarian,120,480,Monday,Dinner,Regular,7,3,September,2025,9,22,0,0
3638,2025-09-22 19:50:15.243048612,Idli,3,Vegetarian,40,120,Monday,Lunch,New,6,3,September,2025,9,22,0,0
3639,2025-09-22 21:35:06.421284260,Chicken Noodles,5,Chicken,150,750,Monday,Lunch,Regular,5,0,September,2025,9,22,0,0
3640,2025-09-22 23:19:57.599519904,Chicken Noodles,1,Chicken,150,150,Monday,Breakfast,Regular,1,0,September,2025,9,22,0,0
3641,2025-09-23 01:04:48.777755552,Chicken Biryani,2,Chicken,180,360,Tuesday,Lunch,Regular,4,2,September,2025,9,23,1,0
3642,2025-09-23 02:49:39.955991200,Veg Biryani,2,Vegetarian,130,260,Tuesday,Lunch,New,4,2,September,2025,9,23,1,0
3643,2025-09-23 04:34:31.134226848,Chicken Grill,2,Chicken,220,440,Tuesday,Lunch,Regular,5,3,September,2025,9,23,1,0
3644,2025-09-23 06:19:22.312462496,Chicken 65,3,Chicken,140,420,Tuesday,Dinner,New,5,2,September,2025,9,23,1,0
3645,2025-09-23 08:04:13.490698140,Idli,1,Vegetarian,40,40,Tuesday,Dinner,Regular,4,3,September,2025,9,23,1,0
3646,2025-09-23 09:49:04.668933788,Chicken 65,5,Chicken,140,700,Tuesday,Lunch,Regular,7,2,September,2025,9,23,1,0
3647,2025-09-23 11:33:55.847169436,Veg Meals,5,Vegetarian,100,500,Tuesday,Breakfast,Regular,6,1,September,2025,9,23,1,0
3648,2025-09-23 13:18:47.025405084,Chicken 65,2,Chicken,140,280,Tuesday,Dinner,Regular,3,1,September,2025,9,23,1,0
3649,2025-09-23 15:03:38.203640728,Mutton Biryani,1,Mutton,240,240,Tuesday,Breakfast,Regular,4,3,September,2025,9,23,1,0
3650,2025-09-23 16:48:29.381876376,Parotta,1,Vegetarian,60,60,Tuesday,Dinner,New,2,1,September,2025,9,23,1,0
3651,2025-09-23 18:33:20.560112024,Parotta,1,Vegetarian,60,60,Tuesday,Dinner,New,2,1,September,2025,9,23,1,0
3652,2025-09-23 20:18:11.738347672,Chicken Grill,4,Chicken,220,880,Tuesday,Lunch,Regular,4,0,September,2025,9,23,1,0
3653,2025-09-23 22:03:02.916583320,Mutton Biryani,4,Mutton,240,960,Tuesday,Lunch,Regular,6,2,September,2025,9,23,1,0
3654,2025-09-23 23:47:54.094818964,Chicken 65,2,Chicken,140,280,Tuesday,Breakfast,New,2,0,September,2025,9,23,1,0
3655,2025-09-24 01:32:45.273054612,Noodles,1,Vegetarian,110,110,Wednesday,Lunch,Regular,4,3,September,2025,9,24,2,0
3656,2025-09-24 03:17:36.451290260,Veg Meals,1,Vegetarian,100,100,Wednesday,Breakfast,Regular,1,0,September,2025,9,24,2,0
3657,2025-09-24 05:02:27.629525908,Fried Rice,5,Vegetarian,120,600,Wednesday,Dinner,Regular,8,3,September,2025,9,24,2,0
3658,2025-09-24 06:47:18.807761552,Paneer Butter Masala,5,Vegetarian,170,850,Wednesday,Breakfast,Regular,6,1,September,2025,9,24,2,0
3659,2025-09-24 08:32:09.985997200,Dosa,2,Vegetarian,50,100,Wednesday,Lunch,Regular,2,0,September,2025,9,24,2,0
3660,2025-09-24 10:17:01.164232848,Parotta,1,Vegetarian,60,60,Wednesday,Lunch,New,2,1,September,2025,9,24,2,0
3661,2025-09-24 12:01:52.342468496,Idli,2,Vegetarian,40,80,Wednesday,Lunch,New,4,2,September,2025,9,24,2,0
3662,2025-09-24 13:46:43.520704144,Noodles,5,Vegetarian,110,550,Wednesday,Breakfast,Regular,6,1,September,2025,9,24,2,0
3663,2025-09-24 15:31:34.698939788,Idli,5,Vegetarian,40,200,Wednesday,Breakfast,Regular,7,2,September,2025,9,24,2,0
3664,2025-09-24 17:16:25.877175436,Chicken Biryani,4,Chicken,180,720,Wednesday,Breakfast,Regular,5,1,September,2025,9,24,2,0
3665,2025-09-24 19:01:17.055411084,Chicken Fried Rice,2,Chicken,160,320,Wednesday,Dinner,Regular,2,0,September,2025,9,24,2,0
3666,2025-09-24 20:46:08.233646732,Dosa,2,Vegetarian,50,100,Wednesday,Lunch,Regular,2,0,September,2025,9,24,2,0
3667,2025-09-24 22:30:59.411882380,Parotta,1,Vegetarian,60,60,Wednesday,Dinner,Regular,2,1,September,2025,9,24,2,0
3668,2025-09-25 00:15:50.590118024,Veg Meals,1,Vegetarian,100,100,Thursday,Lunch,Regular,4,3,September,2025,9,25,3,0
3669,2025-09-25 02:00:41.768353672,Chicken Noodles,4,Chicken,150,600,Thursday,Lunch,Regular,7,3,September,2025,9,25,3,0
3670,2025-09-25 03:45:32.946589320,Parotta,3,Vegetarian,60,180,Thursday,Lunch,Regular,5,2,September,2025,9,25,3,0
3671,2025-09-25 05:30:24.124824968,Noodles,3,Vegetarian,110,330,Thursday,Dinner,Regular,5,2,September,2025,9,25,3,0
3672,2025-09-25 07:15:15.303060612,Chicken Biryani,3,Chicken,180,540,Thursday,Lunch,New,4,1,September,2025,9,25,3,0
3673,2025-09-25 09:00:06.481296260,Idli,2,Vegetarian,40,80,Thursday,Breakfast,New,2,0,September,2025,9,25,3,0
3674,2025-09-25 10:44:57.659531908,Chicken 65,2,Chicken,140,280,Thursday,Lunch,Regular,4,2,September,2025,9,25,3,0
3675,2025-09-25 12:29:48.837767556,Chicken Noodles,5,Chicken,150,750,Thursday,Lunch,Regular,6,1,September,2025,9,25,3,0
3676,2025-09-25 14:14:40.016003204,Mutton Biryani,2,Mutton,240,480,Thursday,Lunch,Regular,4,2,September,2025,9,25,3,0
3677,2025-09-25 15:59:31.194238848,Veg Biryani,2,Vegetarian,130,260,Thursday,Dinner,Regular,2,0,September,2025,9,25,3,0
3678,2025-09-25 17:44:22.372474496,Chicken 65,2,Chicken,140,280,Thursday,Lunch,New,4,2,September,2025,9,25,3,0
3679,2025-09-25 19:29:13.550710144,Veg Biryani,4,Vegetarian,130,520,Thursday,Dinner,New,5,1,September,2025,9,25,3,0
3680,2025-09-25 21:14:04.728945792,Dosa,2,Vegetarian,50,100,Thursday,Lunch,Regular,4,2,September,2025,9,25,3,0
3681,2025-09-25 22:58:55.907181436,Fried Rice,1,Vegetarian,120,120,Thursday,Dinner,Regular,4,3,September,2025,9,25,3,0
3682,2025-09-26 00:43:47.085417084,Chicken Fried Rice,1,Chicken,160,160,Friday,Dinner,Regular,3,2,September,2025,9,26,4,0
3683,2025-09-26 02:28:38.263652732,Fried Rice,5,Vegetarian,120,600,Friday,Lunch,New,5,0,September,2025,9,26,4,0
3684,2025-09-26 04:13:29.441888380,Chicken Noodles,4,Chicken,150,600,Friday,Dinner,Regular,4,0,September,2025,9,26,4,0
3685,2025-09-26 05:58:20.620124028,Chicken Grill,1,Chicken,220,220,Friday,Dinner,Regular,1,0,September,2025,9,26,4,0
3686,2025-09-26 07:43:11.798359672,Chicken Noodles,4,Chicken,150,600,Friday,Lunch,Regular,4,0,September,2025,9,26,4,0
3687,2025-09-26 09:28:02.976595320,Fried Rice,4,Vegetarian,120,480,Friday,Lunch,Regular,5,1,September,2025,9,26,4,0
3688,2025-09-26 11:12:54.154830968,Parotta,5,Vegetarian,60,300,Friday,Dinner,New,7,2,September,2025,9,26,4,0
3689,2025-09-26 12:57:45.333066616,Noodles,4,Vegetarian,110,440,Friday,Lunch,Regular,6,2,September,2025,9,26,4,0
3690,2025-09-26 14:42:36.511302264,Idli,2,Vegetarian,40,80,Friday,Breakfast,Regular,4,2,September,2025,9,26,4,0
3691,2025-09-26 16:27:27.689537908,Parotta,4,Vegetarian,60,240,Friday,Dinner,Regular,6,2,September,2025,9,26,4,0
3692,2025-09-26 18:12:18.867773556,Parotta,5,Vegetarian,60,300,Friday,Breakfast,Regular,6,1,September,2025,9,26,4,0
3693,2025-09-26 19:57:10.046009204,Noodles,5,Vegetarian,110,550,Friday,Dinner,New,5,0,September,2025,9,26,4,0
3694,2025-09-26 21:42:01.224244852,Noodles,5,Vegetarian,110,550,Friday,Dinner,Regular,7,2,September,2025,9,26,4,0
3695,2025-09-26 23:26:52.402480496,Dosa,1,Vegetarian,50,50,Friday,Dinner,Regular,3,2,September,2025,9,26,4,0
3696,2025-09-27 01:11:43.580716144,Chicken 65,2,Chicken,140,280,Saturday,Breakfast,New,2,0,September,2025,9,27,5,1
3697,2025-09-27 02:56:34.758951792,Chicken Grill,1,Chicken,220,220,Saturday,Lunch,New,4,3,September,2025,9,27,5,1
3698,2025-09-27 04:41:25.937187440,Chicken Grill,3,Chicken,220,660,Saturday,Lunch,Regular,6,3,September,2025,9,27,5,1
3699,2025-09-27 06:26:17.115423088,Parotta,2,Vegetarian,60,120,Saturday,Lunch,New,2,0,September,2025,9,27,5,1
3700,2025-09-27 08:11:08.293658732,Veg Biryani,4,Vegetarian,130,520,Saturday,Breakfast,Regular,6,2,September,2025,9,27,5,1
3701,2025-09-27 09:55:59.471894380,Dosa,5,Vegetarian,50,250,Saturday,Lunch,Regular,5,0,September,2025,9,27,5,1
3702,2025-09-27 11:40:50.650130028,Veg Meals,3,Vegetarian,100,300,Saturday,Lunch,Regular,5,2,September,2025,9,27,5,1
3703,2025-09-27 13:25:41.828365676,Parotta,2,Vegetarian,60,120,Saturday,Breakfast,Regular,4,2,September,2025,9,27,5,1
3704,2025-09-27 15:10:33.006601320,Chicken Fried Rice,1,Chicken,160,160,Saturday,Dinner,New,4,3,September,2025,9,27,5,1
3705,2025-09-27 16:55:24.184836968,Idli,5,Vegetarian,40,200,Saturday,Dinner,New,8,3,September,2025,9,27,5,1
3706,2025-09-27 18:40:15.363072616,Noodles,1,Vegetarian,110,110,Saturday,Dinner,Regular,3,2,September,2025,9,27,5,1
3707,2025-09-27 20:25:06.541308264,Chicken 65,2,Chicken,140,280,Saturday,Dinner,Regular,4,2,September,2025,9,27,5,1
3708,2025-09-27 22:09:57.719543912,Mutton Biryani,2,Mutton,240,480,Saturday,Lunch,Regular,4,2,September,2025,9,27,5,1
3709,2025-09-27 23:54:48.897779556,Noodles,3,Vegetarian,110,330,Saturday,Dinner,Regular,6,3,September,2025,9,27,5,1
3710,2025-09-28 01:39:40.076015204,Chicken Fried Rice,4,Chicken,160,640,Sunday,Dinner,New,6,2,September,2025,9,28,6,1
3711,2025-09-28 03:24:31.254250852,Veg Biryani,1,Vegetarian,130,130,Sunday,Lunch,New,1,0,September,2025,9,28,6,1
3712,2025-09-28 05:09:22.432486500,Chicken Noodles,3,Chicken,150,450,Sunday,Breakfast,Regular,4,1,September,2025,9,28,6,1
3713,2025-09-28 06:54:13.610722148,Paneer Butter Masala,5,Vegetarian,170,850,Sunday,Lunch,Regular,6,1,September,2025,9,28,6,1
3714,2025-09-28 08:39:04.788957792,Chicken Noodles,4,Chicken,150,600,Sunday,Lunch,New,6,2,September,2025,9,28,6,1
3715,2025-09-28 10:23:55.967193440,Fried Rice,3,Vegetarian,120,360,Sunday,Lunch,New,3,0,September,2025,9,28,6,1
3716,2025-09-28 12:08:47.145429088,Chicken Fried Rice,1,Chicken,160,160,Sunday,Lunch,New,3,2,September,2025,9,28,6,1
3717,2025-09-28 13:53:38.323664736,Fried Rice,2,Vegetarian,120,240,Sunday,Dinner,New,2,0,September,2025,9,28,6,1
3718,2025-09-28 15:38:29.501900380,Parotta,5,Vegetarian,60,300,Sunday,Lunch,Regular,8,3,September,2025,9,28,6,1
3719,2025-09-28 17:23:20.680136028,Mutton Biryani,1,Mutton,240,240,Sunday,Breakfast,Regular,4,3,September,2025,9,28,6,1
3720,2025-09-28 19:08:11.858371676,Chicken Biryani,4,Chicken,180,720,Sunday,Dinner,Regular,6,2,September,2025,9,28,6,1
3721,2025-09-28 20:53:03.036607324,Noodles,4,Vegetarian,110,440,Sunday,Lunch,Regular,7,3,September,2025,9,28,6,1
3722,2025-09-28 22:37:54.214842972,Chicken Biryani,2,Chicken,180,360,Sunday,Dinner,Regular,4,2,September,2025,9,28,6,1
3723,2025-09-29 00:22:45.393078616,Veg Biryani,2,Vegetarian,130,260,Monday,Breakfast,Regular,3,1,September,2025,9,29,0,0
3724,2025-09-29 02:07:36.571314264,Parotta,5,Vegetarian,60,300,Monday,Dinner,New,5,0,September,2025,9,29,0,0
3725,2025-09-29 03:52:27.749549912,Chicken Grill,5,Chicken,220,1100,Monday,Breakfast,Regular,5,0,September,2025,9,29,0,0
3726,2025-09-29 05:37:18.927785560,Noodles,2,Vegetarian,110,220,Monday,Lunch,New,3,1,September,2025,9,29,0,0
3727,2025-09-29 07:22:10.106021204,Fried Rice,2,Vegetarian,120,240,Monday,Breakfast,New,3,1,September,2025,9,29,0,0
3728,2025-09-29 09:07:01.284256852,Chicken Grill,4,Chicken,220,880,Monday,Dinner,New,5,1,September,2025,9,29,0,0
3729,2025-09-29 10:51:52.462492500,Chicken 65,2,Chicken,140,280,Monday,Dinner,Regular,3,1,September,2025,9,29,0,0
3730,2025-09-29 12:36:43.640728148,Veg Meals,3,Vegetarian,100,300,Monday,Lunch,New,6,3,September,2025,9,29,0,0
3731,2025-09-29 14:21:34.818963796,Mutton Biryani,1,Mutton,240,240,Monday,Dinner,New,1,0,September,2025,9,29,0,0
3732,2025-09-29 16:06:25.997199440,Veg Meals,2,Vegetarian,100,200,Monday,Lunch,Regular,2,0,September,2025,9,29,0,0
3733,2025-09-29 17:51:17.175435088,Mutton Biryani,5,Mutton,240,1200,Monday,Dinner,Regular,6,1,September,2025,9,29,0,0
3734,2025-09-29 19:36:08.353670736,Chicken Noodles,3,Chicken,150,450,Monday,Dinner,Regular,5,2,September,2025,9,29,0,0
3735,2025-09-29 21:20:59.531906384,Dosa,5,Vegetarian,50,250,Monday,Lunch,Regular,7,2,September,2025,9,29,0,0
3736,2025-09-29 23:05:50.710142032,Noodles,3,Vegetarian,110,330,Monday,Lunch,New,5,2,September,2025,9,29,0,0
3737,2025-09-30 00:50:41.888377676,Fried Rice,2,Vegetarian,120,240,Tuesday,Dinner,New,4,2,September,2025,9,30,1,0
3738,2025-09-30 02:35:33.066613324,Veg Meals,1,Vegetarian,100,100,Tuesday,Dinner,Regular,4,3,September,2025,9,30,1,0
3739,2025-09-30 04:20:24.244848972,Veg Biryani,5,Vegetarian,130,650,Tuesday,Dinner,Regular,5,0,September,2025,9,30,1,0
3740,2025-09-30 06:05:15.423084620,Chicken Biryani,3,Chicken,180,540,Tuesday,Dinner,Regular,3,0,September,2025,9,30,1,0
3741,2025-09-30 07:50:06.601320264,Paneer Butter Masala,4,Vegetarian,170,680,Tuesday,Breakfast,Regular,4,0,September,2025,9,30,1,0
3742,2025-09-30 09:34:57.779555912,Veg Biryani,2,Vegetarian,130,260,Tuesday,Dinner,Regular,4,2,September,2025,9,30,1,0
3743,2025-09-30 11:19:48.957791560,Chicken Grill,1,Chicken,220,220,Tuesday,Lunch,Regular,2,1,September,2025,9,30,1,0
3744,2025-09-30 13:04:40.136027208,Chicken Grill,2,Chicken,220,440,Tuesday,Dinner,Regular,4,2,September,2025,9,30,1,0
3745,2025-09-30 14:49:31.314262856,Veg Meals,4,Vegetarian,100,400,Tuesday,Lunch,New,4,0,September,2025,9,30,1,0
3746,2025-09-30 16:34:22.492498500,Paneer Butter Masala,1,Vegetarian,170,170,Tuesday,Lunch,Regular,3,2,September,2025,9,30,1,0
3747,2025-09-30 18:19:13.670734148,Chicken Fried Rice,4,Chicken,160,640,Tuesday,Lunch,New,5,1,September,2025,9,30,1,0
3748,2025-09-30 20:04:04.848969796,Chicken 65,2,Chicken,140,280,Tuesday,Lunch,New,3,1,September,2025,9,30,1,0
3749,2025-09-30 21:48:56.027205444,Noodles,3,Vegetarian,110,330,Tuesday,Breakfast,New,5,2,September,2025,9,30,1,0
3750,2025-09-30 23:33:47.205441088,Mutton Biryani,2,Mutton,240,480,Tuesday,Dinner,Regular,2,0,September,2025,9,30,1,0
3751,2025-10-01 01:18:38.383676736,Idli,2,Vegetarian,40,80,Wednesday,Dinner,New,5,3,October,2025,10,1,2,0
3752,2025-10-01 03:03:29.561912384,Fried Rice,2,Vegetarian,120,240,Wednesday,Breakfast,New,2,0,October,2025,10,1,2,0
3753,2025-10-01 04:48:20.740148032,Veg Biryani,5,Vegetarian,130,650,Wednesday,Dinner,Regular,8,3,October,2025,10,1,2,0
3754,2025-10-01 06:33:11.918383680,Fried Rice,4,Vegetarian,120,480,Wednesday,Dinner,Regular,4,0,October,2025,10,1,2,0
3755,2025-10-01 08:18:03.096619324,Chicken Grill,4,Chicken,220,880,Wednesday,Lunch,Regular,6,2,October,2025,10,1,2,0
3756,2025-10-01 10:02:54.274854972,Dosa,4,Vegetarian,50,200,Wednesday,Lunch,Regular,7,3,October,2025,10,1,2,0
3757,2025-10-01 11:47:45.453090620,Chicken Noodles,5,Chicken,150,750,Wednesday,Dinner,New,5,0,October,2025,10,1,2,0
3758,2025-10-01 13:32:36.631326268,Chicken Biryani,3,Chicken,180,540,Wednesday,Dinner,New,5,2,October,2025,10,1,2,0
3759,2025-10-01 15:17:27.809561916,Chicken 65,2,Chicken,140,280,Wednesday,Lunch,New,2,0,October,2025,10,1,2,0
3760,2025-10-01 17:02:18.987797560,Dosa,3,Vegetarian,50,150,Wednesday,Dinner,Regular,4,1,October,2025,10,1,2,0
3761,2025-10-01 18:47:10.166033208,Chicken 65,5,Chicken,140,700,Wednesday,Breakfast,Regular,6,1,October,2025,10,1,2,0
3762,2025-10-01 20:32:01.344268856,Chicken Fried Rice,4,Chicken,160,640,Wednesday,Lunch,New,4,0,October,2025,10,1,2,0
3763,2025-10-01 22:16:52.522504504,Idli,2,Vegetarian,40,80,Wednesday,Breakfast,New,4,2,October,2025,10,1,2,0
3764,2025-10-02 00:01:43.700740148,Veg Meals,1,Vegetarian,100,100,Thursday,Lunch,Regular,1,0,October,2025,10,2,3,0
3765,2025-10-02 01:46:34.878975796,Veg Meals,1,Vegetarian,100,100,Thursday,Dinner,Regular,3,2,October,2025,10,2,3,0
3766,2025-10-02 03:31:26.057211444,Chicken Grill,3,Chicken,220,660,Thursday,Dinner,Regular,6,3,October,2025,10,2,3,0
3767,2025-10-02 05:16:17.235447092,Chicken Noodles,4,Chicken,150,600,Thursday,Lunch,New,5,1,October,2025,10,2,3,0
3768,2025-10-02 07:01:08.413682740,Paneer Butter Masala,1,Vegetarian,170,170,Thursday,Lunch,New,4,3,October,2025,10,2,3,0
3769,2025-10-02 08:45:59.591918384,Noodles,3,Vegetarian,110,330,Thursday,Dinner,Regular,5,2,October,2025,10,2,3,0
3770,2025-10-02 10:30:50.770154032,Paneer Butter Masala,5,Vegetarian,170,850,Thursday,Dinner,Regular,5,0,October,2025,10,2,3,0
3771,2025-10-02 12:15:41.948389680,Dosa,3,Vegetarian,50,150,Thursday,Dinner,Regular,4,1,October,2025,10,2,3,0
3772,2025-10-02 14:00:33.126625328,Chicken 65,3,Chicken,140,420,Thursday,Dinner,Regular,5,2,October,2025,10,2,3,0
3773,2025-10-02 15:45:24.304860972,Mutton Biryani,3,Mutton,240,720,Thursday,Lunch,Regular,5,2,October,2025,10,2,3,0
3774,2025-10-02 17:30:15.483096620,Chicken Fried Rice,2,Chicken,160,320,Thursday,Dinner,Regular,3,1,October,2025,10,2,3,0
3775,2025-10-02 19:15:06.661332268,Mutton Biryani,3,Mutton,240,720,Thursday,Breakfast,New,3,0,October,2025,10,2,3,0
3776,2025-10-02 20:59:57.839567916,Chicken Noodles,3,Chicken,150,450,Thursday,Lunch,Regular,4,1,October,2025,10,2,3,0
3777,2025-10-02 22:44:49.017803564,Noodles,2,Vegetarian,110,220,Thursday,Lunch,Regular,2,0,October,2025,10,2,3,0
3778,2025-10-03 00:29:40.196039208,Noodles,2,Vegetarian,110,220,Friday,Lunch,New,2,0,October,2025,10,3,4,0
3779,2025-10-03 02:14:31.374274856,Dosa,5,Vegetarian,50,250,Friday,Dinner,Regular,7,2,October,2025,10,3,4,0
3780,2025-10-03 03:59:22.552510504,Fried Rice,4,Vegetarian,120,480,Friday,Dinner,Regular,4,0,October,2025,10,3,4,0
3781,2025-10-03 05:44:13.730746152,Chicken Fried Rice,1,Chicken,160,160,Friday,Breakfast,Regular,1,0,October,2025,10,3,4,0
3782,2025-10-03 07:29:04.908981800,Noodles,1,Vegetarian,110,110,Friday,Breakfast,Regular,2,1,October,2025,10,3,4,0
3783,2025-10-03 09:13:56.087217444,Noodles,3,Vegetarian,110,330,Friday,Lunch,Regular,4,1,October,2025,10,3,4,0
3784,2025-10-03 10:58:47.265453092,Dosa,5,Vegetarian,50,250,Friday,Lunch,Regular,5,0,October,2025,10,3,4,0
3785,2025-10-03 12:43:38.443688740,Chicken Grill,3,Chicken,220,660,Friday,Dinner,Regular,5,2,October,2025,10,3,4,0
3786,2025-10-03 14:28:29.621924388,Parotta,1,Vegetarian,60,60,Friday,Dinner,Regular,2,1,October,2025,10,3,4,0
3787,2025-10-03 16:13:20.800160032,Chicken Fried Rice,2,Chicken,160,320,Friday,Dinner,Regular,5,3,October,2025,10,3,4,0
3788,2025-10-03 17:58:11.978395680,Mutton Biryani,4,Mutton,240,960,Friday,Dinner,New,6,2,October,2025,10,3,4,0
3789,2025-10-03 19:43:03.156631328,Chicken Noodles,5,Chicken,150,750,Friday,Dinner,Regular,6,1,October,2025,10,3,4,0
3790,2025-10-03 21:27:54.334866976,Noodles,2,Vegetarian,110,220,Friday,Lunch,Regular,3,1,October,2025,10,3,4,0
3791,2025-10-03 23:12:45.513102624,Noodles,4,Vegetarian,110,440,Friday,Lunch,Regular,7,3,October,2025,10,3,4,0
3792,2025-10-04 00:57:36.691338268,Veg Meals,5,Vegetarian,100,500,Saturday,Lunch,New,5,0,October,2025,10,4,5,1
3793,2025-10-04 02:42:27.869573916,Idli,5,Vegetarian,40,200,Saturday,Lunch,Regular,6,1,October,2025,10,4,5,1
3794,2025-10-04 04:27:19.047809564,Chicken Grill,1,Chicken,220,220,Saturday,Dinner,Regular,4,3,October,2025,10,4,5,1
3795,2025-10-04 06:12:10.226045212,Noodles,2,Vegetarian,110,220,Saturday,Lunch,Regular,5,3,October,2025,10,4,5,1
3796,2025-10-04 07:57:01.404280856,Parotta,5,Vegetarian,60,300,Saturday,Lunch,Regular,6,1,October,2025,10,4,5,1
3797,2025-10-04 09:41:52.582516504,Idli,5,Vegetarian,40,200,Saturday,Lunch,Regular,7,2,October,2025,10,4,5,1
3798,2025-10-04 11:26:43.760752152,Veg Meals,4,Vegetarian,100,400,Saturday,Dinner,New,5,1,October,2025,10,4,5,1
3799,2025-10-04 13:11:34.938987800,Chicken Biryani,1,Chicken,180,180,Saturday,Lunch,Regular,4,3,October,2025,10,4,5,1
3800,2025-10-04 14:56:26.117223448,Chicken Grill,3,Chicken,220,660,Saturday,Dinner,New,4,1,October,2025,10,4,5,1
3801,2025-10-04 16:41:17.295459092,Chicken Noodles,1,Chicken,150,150,Saturday,Dinner,Regular,3,2,October,2025,10,4,5,1
3802,2025-10-04 18:26:08.473694740,Chicken 65,3,Chicken,140,420,Saturday,Lunch,Regular,3,0,October,2025,10,4,5,1
3803,2025-10-04 20:10:59.651930388,Chicken Fried Rice,2,Chicken,160,320,Saturday,Lunch,Regular,2,0,October,2025,10,4,5,1
3804,2025-10-04 21:55:50.830166036,Dosa,2,Vegetarian,50,100,Saturday,Dinner,Regular,3,1,October,2025,10,4,5,1
3805,2025-10-04 23:40:42.008401684,Chicken Noodles,5,Chicken,150,750,Saturday,Lunch,Regular,6,1,October,2025,10,4,5,1
3806,2025-10-05 01:25:33.186637328,Chicken Fried Rice,2,Chicken,160,320,Sunday,Dinner,New,5,3,October,2025,10,5,6,1
3807,2025-10-05 03:10:24.364872976,Idli,5,Vegetarian,40,200,Sunday,Lunch,New,7,2,October,2025,10,5,6,1
3808,2025-10-05 04:55:15.543108624,Fried Rice,1,Vegetarian,120,120,Sunday,Breakfast,Regular,4,3,October,2025,10,5,6,1
3809,2025-10-05 06:40:06.721344272,Dosa,2,Vegetarian,50,100,Sunday,Dinner,Regular,5,3,October,2025,10,5,6,1
3810,2025-10-05 08:24:57.899579916,Veg Biryani,1,Vegetarian,130,130,Sunday,Dinner,Regular,1,0,October,2025,10,5,6,1
3811,2025-10-05 10:09:49.077815564,Mutton Biryani,1,Mutton,240,240,Sunday,Dinner,New,4,3,October,2025,10,5,6,1
3812,2025-10-05 11:54:40.256051212,Chicken Biryani,2,Chicken,180,360,Sunday,Dinner,New,5,3,October,2025,10,5,6,1
3813,2025-10-05 13:39:31.434286860,Chicken Grill,1,Chicken,220,220,Sunday,Dinner,New,1,0,October,2025,10,5,6,1
3814,2025-10-05 15:24:22.612522508,Noodles,2,Vegetarian,110,220,Sunday,Dinner,New,2,0,October,2025,10,5,6,1
3815,2025-10-05 17:09:13.790758152,Fried Rice,2,Vegetarian,120,240,Sunday,Dinner,Regular,4,2,October,2025,10,5,6,1
3816,2025-10-05 18:54:04.968993800,Veg Meals,2,Vegetarian,100,200,Sunday,Lunch,New,4,2,October,2025,10,5,6,1
3817,2025-10-05 20:38:56.147229448,Fried Rice,3,Vegetarian,120,360,Sunday,Lunch,Regular,5,2,October,2025,10,5,6,1
3818,2025-10-05 22:23:47.325465096,Chicken Noodles,1,Chicken,150,150,Sunday,Dinner,New,2,1,October,2025,10,5,6,1
3819,2025-10-06 00:08:38.503700740,Chicken Biryani,4,Chicken,180,720,Monday,Lunch,Regular,4,0,October,2025,10,6,0,0
3820,2025-10-06 01:53:29.681936388,Chicken 65,2,Chicken,140,280,Monday,Lunch,Regular,3,1,October,2025,10,6,0,0
3821,2025-10-06 03:38:20.860172036,Paneer Butter Masala,1,Vegetarian,170,170,Monday,Lunch,New,2,1,October,2025,10,6,0,0
3822,2025-10-06 05:23:12.038407684,Chicken Fried Rice,5,Chicken,160,800,Monday,Lunch,Regular,7,2,October,2025,10,6,0,0
3823,2025-10-06 07:08:03.216643332,Chicken Fried Rice,2,Chicken,160,320,Monday,Lunch,New,2,0,October,2025,10,6,0,0
3824,2025-10-06 08:52:54.394878976,Chicken Noodles,2,Chicken,150,300,Monday,Breakfast,New,3,1,October,2025,10,6,0,0
3825,2025-10-06 10:37:45.573114624,Parotta,4,Vegetarian,60,240,Monday,Dinner,Regular,7,3,October,2025,10,6,0,0
3826,2025-10-06 12:22:36.751350272,Parotta,3,Vegetarian,60,180,Monday,Lunch,Regular,6,3,October,2025,10,6,0,0
3827,2025-10-06 14:07:27.929585920,Noodles,3,Vegetarian,110,330,Monday,Lunch,Regular,3,0,October,2025,10,6,0,0
3828,2025-10-06 15:52:19.107821568,Veg Biryani,2,Vegetarian,130,260,Monday,Breakfast,Regular,3,1,October,2025,10,6,0,0
3829,2025-10-06 17:37:10.286057212,Mutton Biryani,1,Mutton,240,240,Monday,Breakfast,Regular,3,2,October,2025,10,6,0,0
3830,2025-10-06 19:22:01.464292860,Dosa,5,Vegetarian,50,250,Monday,Lunch,New,6,1,October,2025,10,6,0,0
3831,2025-10-06 21:06:52.642528508,Chicken 65,5,Chicken,140,700,Monday,Dinner,Regular,8,3,October,2025,10,6,0,0
3832,2025-10-06 22:51:43.820764156,Noodles,1,Vegetarian,110,110,Monday,Breakfast,New,4,3,October,2025,10,6,0,0
3833,2025-10-07 00:36:34.998999800,Chicken Biryani,2,Chicken,180,360,Tuesday,Dinner,Regular,4,2,October,2025,10,7,1,0
3834,2025-10-07 02:21:26.177235448,Parotta,5,Vegetarian,60,300,Tuesday,Lunch,Regular,5,0,October,2025,10,7,1,0
3835,2025-10-07 04:06:17.355471096,Veg Biryani,3,Vegetarian,130,390,Tuesday,Lunch,New,4,1,October,2025,10,7,1,0
3836,2025-10-07 05:51:08.533706744,Veg Biryani,1,Vegetarian,130,130,Tuesday,Breakfast,Regular,4,3,October,2025,10,7,1,0
3837,2025-10-07 07:35:59.711942392,Chicken Noodles,4,Chicken,150,600,Tuesday,Breakfast,Regular,5,1,October,2025,10,7,1,0
3838,2025-10-07 09:20:50.890178036,Chicken 65,2,Chicken,140,280,Tuesday,Dinner,Regular,4,2,October,2025,10,7,1,0
3839,2025-10-07 11:05:42.068413684,Idli,1,Vegetarian,40,40,Tuesday,Dinner,New,3,2,October,2025,10,7,1,0
3840,2025-10-07 12:50:33.246649332,Dosa,5,Vegetarian,50,250,Tuesday,Dinner,Regular,5,0,October,2025,10,7,1,0
3841,2025-10-07 14:35:24.424884980,Mutton Biryani,2,Mutton,240,480,Tuesday,Breakfast,Regular,4,2,October,2025,10,7,1,0
3842,2025-10-07 16:20:15.603120624,Chicken Grill,3,Chicken,220,660,Tuesday,Lunch,New,3,0,October,2025,10,7,1,0
3843,2025-10-07 18:05:06.781356272,Chicken Noodles,2,Chicken,150,300,Tuesday,Lunch,Regular,3,1,October,2025,10,7,1,0
3844,2025-10-07 19:49:57.959591920,Dosa,2,Vegetarian,50,100,Tuesday,Dinner,New,5,3,October,2025,10,7,1,0
3845,2025-10-07 21:34:49.137827568,Chicken Grill,3,Chicken,220,660,Tuesday,Lunch,New,6,3,October,2025,10,7,1,0
3846,2025-10-07 23:19:40.316063216,Chicken Grill,3,Chicken,220,660,Tuesday,Dinner,Regular,3,0,October,2025,10,7,1,0
3847,2025-10-08 01:04:31.494298860,Veg Meals,2,Vegetarian,100,200,Wednesday,Lunch,Regular,5,3,October,2025,10,8,2,0
3848,2025-10-08 02:49:22.672534508,Chicken 65,3,Chicken,140,420,Wednesday,Lunch,Regular,3,0,October,2025,10,8,2,0
3849,2025-10-08 04:34:13.850770156,Veg Meals,1,Vegetarian,100,100,Wednesday,Lunch,Regular,1,0,October,2025,10,8,2,0
3850,2025-10-08 06:19:05.029005804,Chicken 65,3,Chicken,140,420,Wednesday,Breakfast,New,4,1,October,2025,10,8,2,0
3851,2025-10-08 08:03:56.207241452,Noodles,3,Vegetarian,110,330,Wednesday,Dinner,New,4,1,October,2025,10,8,2,0
3852,2025-10-08 09:48:47.385477096,Chicken Biryani,2,Chicken,180,360,Wednesday,Lunch,Regular,4,2,October,2025,10,8,2,0
3853,2025-10-08 11:33:38.563712744,Veg Biryani,1,Vegetarian,130,130,Wednesday,Dinner,New,1,0,October,2025,10,8,2,0
3854,2025-10-08 13:18:29.741948392,Dosa,4,Vegetarian,50,200,Wednesday,Breakfast,Regular,5,1,October,2025,10,8,2,0
3855,2025-10-08 15:03:20.920184040,Chicken Noodles,4,Chicken,150,600,Wednesday,Dinner,Regular,4,0,October,2025,10,8,2,0
3856,2025-10-08 16:48:12.098419684,Noodles,5,Vegetarian,110,550,Wednesday,Breakfast,New,5,0,October,2025,10,8,2,0
3857,2025-10-08 18:33:03.276655332,Paneer Butter Masala,3,Vegetarian,170,510,Wednesday,Dinner,New,3,0,October,2025,10,8,2,0
3858,2025-10-08 20:17:54.454890980,Chicken Fried Rice,3,Chicken,160,480,Wednesday,Dinner,Regular,4,1,October,2025,10,8,2,0
3859,2025-10-08 22:02:45.633126628,Chicken Noodles,1,Chicken,150,150,Wednesday,Dinner,Regular,1,0,October,2025,10,8,2,0
3860,2025-10-08 23:47:36.811362276,Chicken Biryani,4,Chicken,180,720,Wednesday,Lunch,Regular,4,0,October,2025,10,8,2,0
3861,2025-10-09 01:32:27.989597920,Mutton Biryani,5,Mutton,240,1200,Thursday,Dinner,Regular,7,2,October,2025,10,9,3,0
3862,2025-10-09 03:17:19.167833568,Fried Rice,1,Vegetarian,120,120,Thursday,Lunch,Regular,1,0,October,2025,10,9,3,0
3863,2025-10-09 05:02:10.346069216,Fried Rice,3,Vegetarian,120,360,Thursday,Breakfast,New,5,2,October,2025,10,9,3,0
3864,2025-10-09 06:47:01.524304864,Veg Biryani,4,Vegetarian,130,520,Thursday,Lunch,New,4,0,October,2025,10,9,3,0
3865,2025-10-09 08:31:52.702540508,Fried Rice,5,Vegetarian,120,600,Thursday,Breakfast,Regular,7,2,October,2025,10,9,3,0
3866,2025-10-09 10:16:43.880776156,Fried Rice,2,Vegetarian,120,240,Thursday,Dinner,New,3,1,October,2025,10,9,3,0
3867,2025-10-09 12:01:35.059011804,Chicken Fried Rice,4,Chicken,160,640,Thursday,Breakfast,New,5,1,October,2025,10,9,3,0
3868,2025-10-09 13:46:26.237247452,Parotta,5,Vegetarian,60,300,Thursday,Lunch,Regular,8,3,October,2025,10,9,3,0
3869,2025-10-09 15:31:17.415483100,Veg Meals,1,Vegetarian,100,100,Thursday,Dinner,Regular,1,0,October,2025,10,9,3,0
3870,2025-10-09 17:16:08.593718744,Mutton Biryani,2,Mutton,240,480,Thursday,Lunch,New,5,3,October,2025,10,9,3,0
3871,2025-10-09 19:00:59.771954392,Veg Meals,5,Vegetarian,100,500,Thursday,Dinner,Regular,8,3,October,2025,10,9,3,0
3872,2025-10-09 20:45:50.950190040,Chicken 65,5,Chicken,140,700,Thursday,Breakfast,Regular,7,2,October,2025,10,9,3,0
3873,2025-10-09 22:30:42.128425688,Chicken Grill,3,Chicken,220,660,Thursday,Lunch,New,4,1,October,2025,10,9,3,0
3874,2025-10-10 00:15:33.306661336,Parotta,4,Vegetarian,60,240,Friday,Lunch,Regular,4,0,October,2025,10,10,4,0
3875,2025-10-10 02:00:24.484896980,Veg Meals,3,Vegetarian,100,300,Friday,Dinner,New,3,0,October,2025,10,10,4,0
3876,2025-10-10 03:45:15.663132628,Chicken Noodles,2,Chicken,150,300,Friday,Dinner,Regular,4,2,October,2025,10,10,4,0
3877,2025-10-10 05:30:06.841368276,Chicken Noodles,5,Chicken,150,750,Friday,Dinner,New,8,3,October,2025,10,10,4,0
3878,2025-10-10 07:14:58.019603924,Veg Meals,3,Vegetarian,100,300,Friday,Breakfast,Regular,5,2,October,2025,10,10,4,0
3879,2025-10-10 08:59:49.197839568,Veg Meals,4,Vegetarian,100,400,Friday,Lunch,New,7,3,October,2025,10,10,4,0
3880,2025-10-10 10:44:40.376075216,Fried Rice,2,Vegetarian,120,240,Friday,Breakfast,Regular,2,0,October,2025,10,10,4,0
3881,2025-10-10 12:29:31.554310864,Chicken 65,1,Chicken,140,140,Friday,Breakfast,Regular,3,2,October,2025,10,10,4,0
3882,2025-10-10 14:14:22.732546512,Chicken Biryani,3,Chicken,180,540,Friday,Lunch,Regular,6,3,October,2025,10,10,4,0
3883,2025-10-10 15:59:13.910782160,Dosa,2,Vegetarian,50,100,Friday,Dinner,Regular,4,2,October,2025,10,10,4,0
3884,2025-10-10 17:44:05.089017804,Parotta,1,Vegetarian,60,60,Friday,Lunch,New,2,1,October,2025,10,10,4,0
3885,2025-10-10 19:28:56.267253452,Parotta,3,Vegetarian,60,180,Friday,Lunch,Regular,5,2,October,2025,10,10,4,0
3886,2025-10-10 21:13:47.445489100,Veg Meals,2,Vegetarian,100,200,Friday,Dinner,New,2,0,October,2025,10,10,4,0
3887,2025-10-10 22:58:38.623724748,Idli,2,Vegetarian,40,80,Friday,Dinner,Regular,4,2,October,2025,10,10,4,0
3888,2025-10-11 00:43:29.801960392,Mutton Biryani,3,Mutton,240,720,Saturday,Lunch,New,3,0,October,2025,10,11,5,1
3889,2025-10-11 02:28:20.980196040,Veg Biryani,2,Vegetarian,130,260,Saturday,Lunch,Regular,2,0,October,2025,10,11,5,1
3890,2025-10-11 04:13:12.158431688,Mutton Biryani,5,Mutton,240,1200,Saturday,Lunch,Regular,7,2,October,2025,10,11,5,1
3891,2025-10-11 05:58:03.336667336,Dosa,3,Vegetarian,50,150,Saturday,Breakfast,Regular,5,2,October,2025,10,11,5,1
3892,2025-10-11 07:42:54.514902984,Chicken Noodles,2,Chicken,150,300,Saturday,Dinner,New,4,2,October,2025,10,11,5,1
3893,2025-10-11 09:27:45.693138628,Veg Meals,1,Vegetarian,100,100,Saturday,Lunch,Regular,2,1,October,2025,10,11,5,1
3894,2025-10-11 11:12:36.871374276,Chicken Noodles,1,Chicken,150,150,Saturday,Dinner,Regular,2,1,October,2025,10,11,5,1
3895,2025-10-11 12:57:28.049609924,Chicken Noodles,5,Chicken,150,750,Saturday,Dinner,Regular,8,3,October,2025,10,11,5,1
3896,2025-10-11 14:42:19.227845572,Idli,3,Vegetarian,40,120,Saturday,Dinner,Regular,5,2,October,2025,10,11,5,1
3897,2025-10-11 16:27:10.406081220,Chicken Noodles,2,Chicken,150,300,Saturday,Lunch,Regular,5,3,October,2025,10,11,5,1
3898,2025-10-11 18:12:01.584316864,Dosa,2,Vegetarian,50,100,Saturday,Lunch,Regular,5,3,October,2025,10,11,5,1
3899,2025-10-11 19:56:52.762552512,Noodles,1,Vegetarian,110,110,Saturday,Dinner,New,1,0,October,2025,10,11,5,1
3900,2025-10-11 21:41:43.940788160,Chicken 65,5,Chicken,140,700,Saturday,Lunch,Regular,8,3,October,2025,10,11,5,1
3901,2025-10-11 23:26:35.119023808,Paneer Butter Masala,1,Vegetarian,170,170,Saturday,Lunch,New,3,2,October,2025,10,11,5,1
3902,2025-10-12 01:11:26.297259452,Veg Biryani,1,Vegetarian,130,130,Sunday,Breakfast,Regular,2,1,October,2025,10,12,6,1
3903,2025-10-12 02:56:17.475495100,Veg Meals,5,Vegetarian,100,500,Sunday,Breakfast,Regular,8,3,October,2025,10,12,6,1
3904,2025-10-12 04:41:08.653730748,Dosa,3,Vegetarian,50,150,Sunday,Dinner,Regular,6,3,October,2025,10,12,6,1
3905,2025-10-12 06:25:59.831966396,Fried Rice,2,Vegetarian,120,240,Sunday,Lunch,Regular,3,1,October,2025,10,12,6,1
3906,2025-10-12 08:10:51.010202044,Noodles,3,Vegetarian,110,330,Sunday,Lunch,Regular,6,3,October,2025,10,12,6,1
3907,2025-10-12 09:55:42.188437688,Veg Biryani,4,Vegetarian,130,520,Sunday,Lunch,Regular,6,2,October,2025,10,12,6,1
3908,2025-10-12 11:40:33.366673336,Dosa,4,Vegetarian,50,200,Sunday,Lunch,Regular,7,3,October,2025,10,12,6,1
3909,2025-10-12 13:25:24.544908984,Noodles,4,Vegetarian,110,440,Sunday,Dinner,Regular,4,0,October,2025,10,12,6,1
3910,2025-10-12 15:10:15.723144632,Chicken Noodles,5,Chicken,150,750,Sunday,Dinner,New,8,3,October,2025,10,12,6,1
3911,2025-10-12 16:55:06.901380276,Chicken 65,1,Chicken,140,140,Sunday,Lunch,New,1,0,October,2025,10,12,6,1
3912,2025-10-12 18:39:58.079615924,Veg Meals,3,Vegetarian,100,300,Sunday,Breakfast,New,4,1,October,2025,10,12,6,1
3913,2025-10-12 20:24:49.257851572,Parotta,2,Vegetarian,60,120,Sunday,Lunch,Regular,3,1,October,2025,10,12,6,1
3914,2025-10-12 22:09:40.436087220,Mutton Biryani,4,Mutton,240,960,Sunday,Dinner,Regular,7,3,October,2025,10,12,6,1
3915,2025-10-12 23:54:31.614322868,Chicken Grill,3,Chicken,220,660,Sunday,Lunch,New,6,3,October,2025,10,12,6,1
3916,2025-10-13 01:39:22.792558512,Paneer Butter Masala,4,Vegetarian,170,680,Monday,Dinner,Regular,5,1,October,2025,10,13,0,0
3917,2025-10-13 03:24:13.970794160,Chicken 65,4,Chicken,140,560,Monday,Breakfast,Regular,4,0,October,2025,10,13,0,0
3918,2025-10-13 05:09:05.149029808,Parotta,2,Vegetarian,60,120,Monday,Dinner,Regular,3,1,October,2025,10,13,0,0
3919,2025-10-13 06:53:56.327265456,Chicken Biryani,5,Chicken,180,900,Monday,Breakfast,Regular,6,1,October,2025,10,13,0,0
3920,2025-10-13 08:38:47.505501104,Veg Meals,1,Vegetarian,100,100,Monday,Dinner,New,1,0,October,2025,10,13,0,0
3921,2025-10-13 10:23:38.683736748,Dosa,5,Vegetarian,50,250,Monday,Lunch,New,6,1,October,2025,10,13,0,0
3922,2025-10-13 12:08:29.861972396,Chicken Biryani,3,Chicken,180,540,Monday,Dinner,New,6,3,October,2025,10,13,0,0
3923,2025-10-13 13:53:21.040208044,Parotta,5,Vegetarian,60,300,Monday,Breakfast,New,8,3,October,2025,10,13,0,0
3924,2025-10-13 15:38:12.218443692,Chicken 65,3,Chicken,140,420,Monday,Lunch,New,4,1,October,2025,10,13,0,0
3925,2025-10-13 17:23:03.396679336,Dosa,3,Vegetarian,50,150,Monday,Dinner,Regular,6,3,October,2025,10,13,0,0
3926,2025-10-13 19:07:54.574914984,Veg Meals,1,Vegetarian,100,100,Monday,Lunch,New,3,2,October,2025,10,13,0,0
3927,2025-10-13 20:52:45.753150632,Fried Rice,2,Vegetarian,120,240,Monday,Dinner,New,3,1,October,2025,10,13,0,0
3928,2025-10-13 22:37:36.931386280,Chicken Grill,1,Chicken,220,220,Monday,Dinner,New,3,2,October,2025,10,13,0,0
3929,2025-10-14 00:22:28.109621928,Chicken Noodles,5,Chicken,150,750,Tuesday,Lunch,Regular,6,1,October,2025,10,14,1,0
3930,2025-10-14 02:07:19.287857572,Dosa,3,Vegetarian,50,150,Tuesday,Lunch,Regular,4,1,October,2025,10,14,1,0
3931,2025-10-14 03:52:10.466093220,Fried Rice,4,Vegetarian,120,480,Tuesday,Lunch,Regular,6,2,October,2025,10,14,1,0
3932,2025-10-14 05:37:01.644328868,Veg Meals,4,Vegetarian,100,400,Tuesday,Lunch,New,5,1,October,2025,10,14,1,0
3933,2025-10-14 07:21:52.822564516,Veg Meals,3,Vegetarian,100,300,Tuesday,Lunch,Regular,6,3,October,2025,10,14,1,0
3934,2025-10-14 09:06:44.000800160,Dosa,1,Vegetarian,50,50,Tuesday,Dinner,New,3,2,October,2025,10,14,1,0
3935,2025-10-14 10:51:35.179035808,Chicken 65,2,Chicken,140,280,Tuesday,Lunch,New,3,1,October,2025,10,14,1,0
3936,2025-10-14 12:36:26.357271456,Fried Rice,1,Vegetarian,120,120,Tuesday,Lunch,Regular,4,3,October,2025,10,14,1,0
3937,2025-10-14 14:21:17.535507104,Chicken 65,3,Chicken,140,420,Tuesday,Lunch,Regular,5,2,October,2025,10,14,1,0
3938,2025-10-14 16:06:08.713742752,Noodles,3,Vegetarian,110,330,Tuesday,Breakfast,Regular,5,2,October,2025,10,14,1,0
3939,2025-10-14 17:50:59.891978396,Parotta,2,Vegetarian,60,120,Tuesday,Lunch,Regular,5,3,October,2025,10,14,1,0
3940,2025-10-14 19:35:51.070214044,Chicken Fried Rice,5,Chicken,160,800,Tuesday,Dinner,Regular,6,1,October,2025,10,14,1,0
3941,2025-10-14 21:20:42.248449692,Dosa,5,Vegetarian,50,250,Tuesday,Dinner,New,6,1,October,2025,10,14,1,0
3942,2025-10-14 23:05:33.426685340,Paneer Butter Masala,2,Vegetarian,170,340,Tuesday,Lunch,Regular,4,2,October,2025,10,14,1,0
3943,2025-10-15 00:50:24.604920984,Veg Meals,5,Vegetarian,100,500,Wednesday,Dinner,New,5,0,October,2025,10,15,2,0
3944,2025-10-15 02:35:15.783156632,Mutton Biryani,4,Mutton,240,960,Wednesday,Lunch,Regular,5,1,October,2025,10,15,2,0
3945,2025-10-15 04:20:06.961392280,Dosa,5,Vegetarian,50,250,Wednesday,Dinner,New,6,1,October,2025,10,15,2,0
3946,2025-10-15 06:04:58.139627928,Parotta,5,Vegetarian,60,300,Wednesday,Dinner,Regular,8,3,October,2025,10,15,2,0
3947,2025-10-15 07:49:49.317863576,Veg Biryani,5,Vegetarian,130,650,Wednesday,Dinner,Regular,5,0,October,2025,10,15,2,0
3948,2025-10-15 09:34:40.496099220,Paneer Butter Masala,4,Vegetarian,170,680,Wednesday,Breakfast,Regular,4,0,October,2025,10,15,2,0
3949,2025-10-15 11:19:31.674334868,Veg Meals,5,Vegetarian,100,500,Wednesday,Lunch,New,7,2,October,2025,10,15,2,0
3950,2025-10-15 13:04:22.852570516,Chicken Biryani,4,Chicken,180,720,Wednesday,Breakfast,New,7,3,October,2025,10,15,2,0
3951,2025-10-15 14:49:14.030806164,Veg Meals,2,Vegetarian,100,200,Wednesday,Dinner,New,5,3,October,2025,10,15,2,0
3952,2025-10-15 16:34:05.209041812,Noodles,1,Vegetarian,110,110,Wednesday,Lunch,Regular,2,1,October,2025,10,15,2,0
3953,2025-10-15 18:18:56.387277456,Chicken Noodles,2,Chicken,150,300,Wednesday,Dinner,Regular,4,2,October,2025,10,15,2,0
3954,2025-10-15 20:03:47.565513104,Fried Rice,1,Vegetarian,120,120,Wednesday,Lunch,Regular,2,1,October,2025,10,15,2,0
3955,2025-10-15 21:48:38.743748752,Veg Meals,2,Vegetarian,100,200,Wednesday,Dinner,New,2,0,October,2025,10,15,2,0
3956,2025-10-15 23:33:29.921984400,Chicken Fried Rice,1,Chicken,160,160,Wednesday,Breakfast,Regular,4,3,October,2025,10,15,2,0
3957,2025-10-16 01:18:21.100220044,Chicken Grill,1,Chicken,220,220,Thursday,Breakfast,New,3,2,October,2025,10,16,3,0
3958,2025-10-16 03:03:12.278455692,Chicken Grill,3,Chicken,220,660,Thursday,Lunch,New,4,1,October,2025,10,16,3,0
3959,2025-10-16 04:48:03.456691340,Chicken Grill,1,Chicken,220,220,Thursday,Lunch,Regular,2,1,October,2025,10,16,3,0
3960,2025-10-16 06:32:54.634926988,Chicken 65,1,Chicken,140,140,Thursday,Lunch,Regular,1,0,October,2025,10,16,3,0
3961,2025-10-16 08:17:45.813162636,Chicken Grill,3,Chicken,220,660,Thursday,Dinner,New,6,3,October,2025,10,16,3,0
3962,2025-10-16 10:02:36.991398280,Chicken Noodles,5,Chicken,150,750,Thursday,Breakfast,New,5,0,October,2025,10,16,3,0
3963,2025-10-16 11:47:28.169633928,Noodles,5,Vegetarian,110,550,Thursday,Lunch,Regular,6,1,October,2025,10,16,3,0
3964,2025-10-16 13:32:19.347869576,Chicken Biryani,3,Chicken,180,540,Thursday,Dinner,New,6,3,October,2025,10,16,3,0
3965,2025-10-16 15:17:10.526105224,Chicken Grill,4,Chicken,220,880,Thursday,Breakfast,Regular,7,3,October,2025,10,16,3,0
3966,2025-10-16 17:02:01.704340868,Paneer Butter Masala,1,Vegetarian,170,170,Thursday,Dinner,Regular,1,0,October,2025,10,16,3,0
3967,2025-10-16 18:46:52.882576516,Dosa,1,Vegetarian,50,50,Thursday,Dinner,Regular,4,3,October,2025,10,16,3,0
3968,2025-10-16 20:31:44.060812164,Paneer Butter Masala,3,Vegetarian,170,510,Thursday,Breakfast,New,3,0,October,2025,10,16,3,0
3969,2025-10-16 22:16:35.239047812,Dosa,3,Vegetarian,50,150,Thursday,Lunch,New,6,3,October,2025,10,16,3,0
3970,2025-10-17 00:01:26.417283460,Chicken 65,4,Chicken,140,560,Friday,Lunch,Regular,7,3,October,2025,10,17,4,0
3971,2025-10-17 01:46:17.595519104,Chicken Noodles,5,Chicken,150,750,Friday,Dinner,Regular,7,2,October,2025,10,17,4,0
3972,2025-10-17 03:31:08.773754752,Chicken Biryani,2,Chicken,180,360,Friday,Lunch,New,5,3,October,2025,10,17,4,0
3973,2025-10-17 05:15:59.951990400,Chicken Fried Rice,5,Chicken,160,800,Friday,Dinner,New,6,1,October,2025,10,17,4,0
3974,2025-10-17 07:00:51.130226048,Parotta,1,Vegetarian,60,60,Friday,Dinner,New,3,2,October,2025,10,17,4,0
3975,2025-10-17 08:45:42.308461696,Chicken Biryani,3,Chicken,180,540,Friday,Breakfast,Regular,3,0,October,2025,10,17,4,0
3976,2025-10-17 10:30:33.486697340,Parotta,4,Vegetarian,60,240,Friday,Dinner,Regular,5,1,October,2025,10,17,4,0
3977,2025-10-17 12:15:24.664932988,Paneer Butter Masala,5,Vegetarian,170,850,Friday,Dinner,Regular,5,0,October,2025,10,17,4,0
3978,2025-10-17 14:00:15.843168636,Veg Biryani,4,Vegetarian,130,520,Friday,Lunch,Regular,4,0,October,2025,10,17,4,0
3979,2025-10-17 15:45:07.021404284,Parotta,5,Vegetarian,60,300,Friday,Dinner,Regular,6,1,October,2025,10,17,4,0
3980,2025-10-17 17:29:58.199639928,Noodles,1,Vegetarian,110,110,Friday,Dinner,Regular,1,0,October,2025,10,17,4,0
3981,2025-10-17 19:14:49.377875576,Mutton Biryani,2,Mutton,240,480,Friday,Lunch,New,4,2,October,2025,10,17,4,0
3982,2025-10-17 20:59:40.556111224,Noodles,4,Vegetarian,110,440,Friday,Lunch,New,5,1,October,2025,10,17,4,0
3983,2025-10-17 22:44:31.734346872,Veg Meals,4,Vegetarian,100,400,Friday,Lunch,New,4,0,October,2025,10,17,4,0
3984,2025-10-18 00:29:22.912582520,Dosa,2,Vegetarian,50,100,Saturday,Breakfast,Regular,2,0,October,2025,10,18,5,1
3985,2025-10-18 02:14:14.090818164,Chicken Noodles,4,Chicken,150,600,Saturday,Dinner,Regular,7,3,October,2025,10,18,5,1
3986,2025-10-18 03:59:05.269053812,Idli,4,Vegetarian,40,160,Saturday,Breakfast,Regular,7,3,October,2025,10,18,5,1
3987,2025-10-18 05:43:56.447289460,Chicken 65,5,Chicken,140,700,Saturday,Dinner,New,5,0,October,2025,10,18,5,1
3988,2025-10-18 07:28:47.625525108,Paneer Butter Masala,5,Vegetarian,170,850,Saturday,Lunch,New,6,1,October,2025,10,18,5,1
3989,2025-10-18 09:13:38.803760752,Mutton Biryani,2,Mutton,240,480,Saturday,Breakfast,New,4,2,October,2025,10,18,5,1
3990,2025-10-18 10:58:29.981996400,Parotta,1,Vegetarian,60,60,Saturday,Dinner,Regular,1,0,October,2025,10,18,5,1
3991,2025-10-18 12:43:21.160232048,Chicken Grill,4,Chicken,220,880,Saturday,Dinner,New,4,0,October,2025,10,18,5,1
3992,2025-10-18 14:28:12.338467696,Chicken Noodles,1,Chicken,150,150,Saturday,Lunch,New,1,0,October,2025,10,18,5,1
3993,2025-10-18 16:13:03.516703344,Mutton Biryani,2,Mutton,240,480,Saturday,Lunch,Regular,5,3,October,2025,10,18,5,1
3994,2025-10-18 17:57:54.694938988,Chicken 65,2,Chicken,140,280,Saturday,Breakfast,New,3,1,October,2025,10,18,5,1
3995,2025-10-18 19:42:45.873174636,Dosa,5,Vegetarian,50,250,Saturday,Lunch,Regular,5,0,October,2025,10,18,5,1
3996,2025-10-18 21:27:37.051410284,Paneer Butter Masala,4,Vegetarian,170,680,Saturday,Lunch,New,7,3,October,2025,10,18,5,1
3997,2025-10-18 23:12:28.229645932,Chicken Noodles,3,Chicken,150,450,Saturday,Lunch,Regular,3,0,October,2025,10,18,5,1
3998,2025-10-19 00:57:19.407881580,Chicken 65,2,Chicken,140,280,Sunday,Dinner,Regular,2,0,October,2025,10,19,6,1
3999,2025-10-19 02:42:10.586117224,Veg Biryani,4,Vegetarian,130,520,Sunday,Lunch,Regular,5,1,October,2025,10,19,6,1
4000,2025-10-19 04:27:01.764352872,Veg Biryani,1,Vegetarian,130,130,Sunday,Dinner,Regular,4,3,October,2025,10,19,6,1
4001,2025-10-19 06:11:52.942588520,Noodles,5,Vegetarian,110,550,Sunday,Dinner,Regular,7,2,October,2025,10,19,6,1
4002,2025-10-19 07:56:44.120824168,Noodles,1,Vegetarian,110,110,Sunday,Lunch,Regular,2,1,October,2025,10,19,6,1
4003,2025-10-19 09:41:35.299059812,Chicken 65,2,Chicken,140,280,Sunday,Dinner,Regular,4,2,October,2025,10,19,6,1
4004,2025-10-19 11:26:26.477295460,Mutton Biryani,2,Mutton,240,480,Sunday,Lunch,Regular,5,3,October,2025,10,19,6,1
4005,2025-10-19 13:11:17.655531108,Noodles,1,Vegetarian,110,110,Sunday,Dinner,New,4,3,October,2025,10,19,6,1
4006,2025-10-19 14:56:08.833766756,Paneer Butter Masala,2,Vegetarian,170,340,Sunday,Lunch,Regular,4,2,October,2025,10,19,6,1
4007,2025-10-19 16:41:00.012002404,Chicken Noodles,4,Chicken,150,600,Sunday,Breakfast,New,7,3,October,2025,10,19,6,1
4008,2025-10-19 18:25:51.190238048,Mutton Biryani,2,Mutton,240,480,Sunday,Dinner,Regular,3,1,October,2025,10,19,6,1
4009,2025-10-19 20:10:42.368473696,Noodles,5,Vegetarian,110,550,Sunday,Lunch,Regular,5,0,October,2025,10,19,6,1
4010,2025-10-19 21:55:33.546709344,Chicken Fried Rice,4,Chicken,160,640,Sunday,Dinner,Regular,6,2,October,2025,10,19,6,1
4011,2025-10-19 23:40:24.724944992,Parotta,3,Vegetarian,60,180,Sunday,Dinner,New,3,0,October,2025,10,19,6,1
4012,2025-10-20 01:25:15.903180636,Chicken Fried Rice,2,Chicken,160,320,Monday,Breakfast,Regular,4,2,October,2025,10,20,0,0
4013,2025-10-20 03:10:07.081416284,Fried Rice,2,Vegetarian,120,240,Monday,Lunch,New,2,0,October,2025,10,20,0,0
4014,2025-10-20 04:54:58.259651932,Veg Biryani,5,Vegetarian,130,650,Monday,Lunch,Regular,5,0,October,2025,10,20,0,0
4015,2025-10-20 06:39:49.437887580,Dosa,5,Vegetarian,50,250,Monday,Dinner,New,6,1,October,2025,10,20,0,0
4016,2025-10-20 08:24:40.616123228,Chicken Biryani,1,Chicken,180,180,Monday,Dinner,Regular,1,0,October,2025,10,20,0,0
4017,2025-10-20 10:09:31.794358872,Parotta,1,Vegetarian,60,60,Monday,Lunch,New,3,2,October,2025,10,20,0,0
4018,2025-10-20 11:54:22.972594520,Veg Biryani,1,Vegetarian,130,130,Monday,Lunch,New,1,0,October,2025,10,20,0,0
4019,2025-10-20 13:39:14.150830168,Mutton Biryani,5,Mutton,240,1200,Monday,Dinner,Regular,8,3,October,2025,10,20,0,0
4020,2025-10-20 15:24:05.329065816,Mutton Biryani,1,Mutton,240,240,Monday,Breakfast,Regular,1,0,October,2025,10,20,0,0
4021,2025-10-20 17:08:56.507301464,Mutton Biryani,1,Mutton,240,240,Monday,Dinner,New,1,0,October,2025,10,20,0,0
4022,2025-10-20 18:53:47.685537108,Dosa,3,Vegetarian,50,150,Monday,Dinner,Regular,6,3,October,2025,10,20,0,0
4023,2025-10-20 20:38:38.863772756,Chicken Fried Rice,1,Chicken,160,160,Monday,Dinner,New,4,3,October,2025,10,20,0,0
4024,2025-10-20 22:23:30.042008404,Chicken Biryani,2,Chicken,180,360,Monday,Lunch,Regular,4,2,October,2025,10,20,0,0
4025,2025-10-21 00:08:21.220244052,Paneer Butter Masala,5,Vegetarian,170,850,Tuesday,Breakfast,Regular,8,3,October,2025,10,21,1,0
4026,2025-10-21 01:53:12.398479696,Noodles,4,Vegetarian,110,440,Tuesday,Lunch,New,7,3,October,2025,10,21,1,0
4027,2025-10-21 03:38:03.576715344,Mutton Biryani,3,Mutton,240,720,Tuesday,Breakfast,Regular,5,2,October,2025,10,21,1,0
4028,2025-10-21 05:22:54.754950992,Idli,5,Vegetarian,40,200,Tuesday,Dinner,New,7,2,October,2025,10,21,1,0
4029,2025-10-21 07:07:45.933186640,Fried Rice,5,Vegetarian,120,600,Tuesday,Breakfast,Regular,5,0,October,2025,10,21,1,0
4030,2025-10-21 08:52:37.111422288,Parotta,2,Vegetarian,60,120,Tuesday,Dinner,Regular,3,1,October,2025,10,21,1,0
4031,2025-10-21 10:37:28.289657932,Chicken Noodles,1,Chicken,150,150,Tuesday,Lunch,Regular,3,2,October,2025,10,21,1,0
4032,2025-10-21 12:22:19.467893580,Noodles,2,Vegetarian,110,220,Tuesday,Lunch,New,5,3,October,2025,10,21,1,0
4033,2025-10-21 14:07:10.646129228,Idli,1,Vegetarian,40,40,Tuesday,Breakfast,New,1,0,October,2025,10,21,1,0
4034,2025-10-21 15:52:01.824364876,Chicken Biryani,1,Chicken,180,180,Tuesday,Dinner,New,4,3,October,2025,10,21,1,0
4035,2025-10-21 17:36:53.002600520,Dosa,5,Vegetarian,50,250,Tuesday,Lunch,Regular,7,2,October,2025,10,21,1,0
4036,2025-10-21 19:21:44.180836168,Paneer Butter Masala,1,Vegetarian,170,170,Tuesday,Lunch,Regular,2,1,October,2025,10,21,1,0
4037,2025-10-21 21:06:35.359071816,Paneer Butter Masala,3,Vegetarian,170,510,Tuesday,Dinner,Regular,3,0,October,2025,10,21,1,0
4038,2025-10-21 22:51:26.537307464,Chicken Biryani,3,Chicken,180,540,Tuesday,Lunch,Regular,5,2,October,2025,10,21,1,0
4039,2025-10-22 00:36:17.715543112,Chicken Noodles,3,Chicken,150,450,Wednesday,Lunch,New,5,2,October,2025,10,22,2,0
4040,2025-10-22 02:21:08.893778756,Parotta,5,Vegetarian,60,300,Wednesday,Lunch,New,8,3,October,2025,10,22,2,0
4041,2025-10-22 04:06:00.072014404,Veg Meals,2,Vegetarian,100,200,Wednesday,Breakfast,New,3,1,October,2025,10,22,2,0
4042,2025-10-22 05:50:51.250250052,Chicken Noodles,4,Chicken,150,600,Wednesday,Dinner,New,6,2,October,2025,10,22,2,0
4043,2025-10-22 07:35:42.428485700,Paneer Butter Masala,1,Vegetarian,170,170,Wednesday,Lunch,New,4,3,October,2025,10,22,2,0
4044,2025-10-22 09:20:33.606721348,Chicken 65,4,Chicken,140,560,Wednesday,Breakfast,Regular,4,0,October,2025,10,22,2,0
4045,2025-10-22 11:05:24.784956992,Parotta,2,Vegetarian,60,120,Wednesday,Lunch,New,5,3,October,2025,10,22,2,0
4046,2025-10-22 12:50:15.963192640,Chicken Biryani,2,Chicken,180,360,Wednesday,Dinner,New,2,0,October,2025,10,22,2,0
4047,2025-10-22 14:35:07.141428288,Paneer Butter Masala,5,Vegetarian,170,850,Wednesday,Lunch,Regular,8,3,October,2025,10,22,2,0
4048,2025-10-22 16:19:58.319663936,Paneer Butter Masala,3,Vegetarian,170,510,Wednesday,Dinner,New,4,1,October,2025,10,22,2,0
4049,2025-10-22 18:04:49.497899580,Mutton Biryani,3,Mutton,240,720,Wednesday,Breakfast,Regular,6,3,October,2025,10,22,2,0
4050,2025-10-22 19:49:40.676135228,Chicken Biryani,2,Chicken,180,360,Wednesday,Lunch,New,3,1,October,2025,10,22,2,0
4051,2025-10-22 21:34:31.854370876,Veg Meals,5,Vegetarian,100,500,Wednesday,Dinner,Regular,6,1,October,2025,10,22,2,0
4052,2025-10-22 23:19:23.032606524,Chicken Biryani,5,Chicken,180,900,Wednesday,Breakfast,Regular,5,0,October,2025,10,22,2,0
4053,2025-10-23 01:04:14.210842172,Veg Meals,1,Vegetarian,100,100,Thursday,Dinner,New,4,3,October,2025,10,23,3,0
4054,2025-10-23 02:49:05.389077816,Parotta,3,Vegetarian,60,180,Thursday,Breakfast,Regular,6,3,October,2025,10,23,3,0
4055,2025-10-23 04:33:56.567313464,Fried Rice,2,Vegetarian,120,240,Thursday,Dinner,Regular,5,3,October,2025,10,23,3,0
4056,2025-10-23 06:18:47.745549112,Chicken 65,4,Chicken,140,560,Thursday,Lunch,Regular,5,1,October,2025,10,23,3,0
4057,2025-10-23 08:03:38.923784760,Noodles,3,Vegetarian,110,330,Thursday,Dinner,New,5,2,October,2025,10,23,3,0
4058,2025-10-23 09:48:30.102020404,Chicken Biryani,1,Chicken,180,180,Thursday,Breakfast,Regular,4,3,October,2025,10,23,3,0
4059,2025-10-23 11:33:21.280256052,Idli,5,Vegetarian,40,200,Thursday,Breakfast,Regular,8,3,October,2025,10,23,3,0
4060,2025-10-23 13:18:12.458491700,Veg Biryani,2,Vegetarian,130,260,Thursday,Lunch,Regular,4,2,October,2025,10,23,3,0
4061,2025-10-23 15:03:03.636727348,Chicken Grill,3,Chicken,220,660,Thursday,Breakfast,New,3,0,October,2025,10,23,3,0
4062,2025-10-23 16:47:54.814962996,Chicken Grill,4,Chicken,220,880,Thursday,Lunch,New,7,3,October,2025,10,23,3,0
4063,2025-10-23 18:32:45.993198640,Chicken Biryani,1,Chicken,180,180,Thursday,Lunch,New,3,2,October,2025,10,23,3,0
4064,2025-10-23 20:17:37.171434288,Veg Meals,1,Vegetarian,100,100,Thursday,Lunch,New,4,3,October,2025,10,23,3,0
4065,2025-10-23 22:02:28.349669936,Idli,3,Vegetarian,40,120,Thursday,Dinner,New,4,1,October,2025,10,23,3,0
4066,2025-10-23 23:47:19.527905584,Fried Rice,4,Vegetarian,120,480,Thursday,Dinner,New,6,2,October,2025,10,23,3,0
4067,2025-10-24 01:32:10.706141232,Mutton Biryani,1,Mutton,240,240,Friday,Dinner,New,2,1,October,2025,10,24,4,0
4068,2025-10-24 03:17:01.884376876,Veg Meals,2,Vegetarian,100,200,Friday,Lunch,New,4,2,October,2025,10,24,4,0
4069,2025-10-24 05:01:53.062612524,Dosa,1,Vegetarian,50,50,Friday,Lunch,Regular,1,0,October,2025,10,24,4,0
4070,2025-10-24 06:46:44.240848172,Dosa,4,Vegetarian,50,200,Friday,Lunch,New,5,1,October,2025,10,24,4,0
4071,2025-10-24 08:31:35.419083820,Parotta,5,Vegetarian,60,300,Friday,Dinner,New,8,3,October,2025,10,24,4,0
4072,2025-10-24 10:16:26.597319464,Chicken Grill,5,Chicken,220,1100,Friday,Lunch,New,7,2,October,2025,10,24,4,0
4073,2025-10-24 12:01:17.775555112,Chicken Biryani,3,Chicken,180,540,Friday,Breakfast,Regular,6,3,October,2025,10,24,4,0
4074,2025-10-24 13:46:08.953790760,Dosa,4,Vegetarian,50,200,Friday,Dinner,Regular,4,0,October,2025,10,24,4,0
4075,2025-10-24 15:31:00.132026408,Chicken Biryani,1,Chicken,180,180,Friday,Lunch,Regular,3,2,October,2025,10,24,4,0
4076,2025-10-24 17:15:51.310262056,Parotta,1,Vegetarian,60,60,Friday,Dinner,New,1,0,October,2025,10,24,4,0
4077,2025-10-24 19:00:42.488497700,Chicken Grill,5,Chicken,220,1100,Friday,Dinner,Regular,7,2,October,2025,10,24,4,0
4078,2025-10-24 20:45:33.666733348,Chicken Noodles,5,Chicken,150,750,Friday,Breakfast,Regular,6,1,October,2025,10,24,4,0
4079,2025-10-24 22:30:24.844968996,Fried Rice,2,Vegetarian,120,240,Friday,Breakfast,New,5,3,October,2025,10,24,4,0
4080,2025-10-25 00:15:16.023204644,Veg Biryani,5,Vegetarian,130,650,Saturday,Lunch,Regular,6,1,October,2025,10,25,5,1
4081,2025-10-25 02:00:07.201440288,Veg Biryani,2,Vegetarian,130,260,Saturday,Dinner,Regular,3,1,October,2025,10,25,5,1
4082,2025-10-25 03:44:58.379675936,Dosa,1,Vegetarian,50,50,Saturday,Lunch,Regular,2,1,October,2025,10,25,5,1
4083,2025-10-25 05:29:49.557911584,Veg Biryani,2,Vegetarian,130,260,Saturday,Dinner,Regular,3,1,October,2025,10,25,5,1
4084,2025-10-25 07:14:40.736147232,Paneer Butter Masala,2,Vegetarian,170,340,Saturday,Lunch,Regular,4,2,October,2025,10,25,5,1
4085,2025-10-25 08:59:31.914382880,Fried Rice,3,Vegetarian,120,360,Saturday,Lunch,New,6,3,October,2025,10,25,5,1
4086,2025-10-25 10:44:23.092618524,Veg Meals,5,Vegetarian,100,500,Saturday,Breakfast,Regular,7,2,October,2025,10,25,5,1
4087,2025-10-25 12:29:14.270854172,Chicken Noodles,2,Chicken,150,300,Saturday,Dinner,New,4,2,October,2025,10,25,5,1
4088,2025-10-25 14:14:05.449089820,Fried Rice,1,Vegetarian,120,120,Saturday,Lunch,Regular,3,2,October,2025,10,25,5,1
4089,2025-10-25 15:58:56.627325468,Paneer Butter Masala,4,Vegetarian,170,680,Saturday,Dinner,New,5,1,October,2025,10,25,5,1
4090,2025-10-25 17:43:47.805561116,Veg Meals,2,Vegetarian,100,200,Saturday,Lunch,Regular,2,0,October,2025,10,25,5,1
4091,2025-10-25 19:28:38.983796760,Paneer Butter Masala,5,Vegetarian,170,850,Saturday,Lunch,New,6,1,October,2025,10,25,5,1
4092,2025-10-25 21:13:30.162032408,Chicken Biryani,3,Chicken,180,540,Saturday,Dinner,Regular,5,2,October,2025,10,25,5,1
4093,2025-10-25 22:58:21.340268056,Parotta,1,Vegetarian,60,60,Saturday,Dinner,New,2,1,October,2025,10,25,5,1
4094,2025-10-26 00:43:12.518503704,Noodles,3,Vegetarian,110,330,Sunday,Lunch,New,6,3,October,2025,10,26,6,1
4095,2025-10-26 02:28:03.696739348,Chicken Noodles,4,Chicken,150,600,Sunday,Lunch,Regular,7,3,October,2025,10,26,6,1
4096,2025-10-26 04:12:54.874974996,Noodles,2,Vegetarian,110,220,Sunday,Dinner,New,3,1,October,2025,10,26,6,1
4097,2025-10-26 05:57:46.053210644,Parotta,2,Vegetarian,60,120,Sunday,Lunch,Regular,3,1,October,2025,10,26,6,1
4098,2025-10-26 07:42:37.231446292,Parotta,5,Vegetarian,60,300,Sunday,Breakfast,New,5,0,October,2025,10,26,6,1
4099,2025-10-26 09:27:28.409681940,Paneer Butter Masala,2,Vegetarian,170,340,Sunday,Dinner,Regular,3,1,October,2025,10,26,6,1
4100,2025-10-26 11:12:19.587917584,Chicken Grill,1,Chicken,220,220,Sunday,Breakfast,New,2,1,October,2025,10,26,6,1
4101,2025-10-26 12:57:10.766153232,Paneer Butter Masala,4,Vegetarian,170,680,Sunday,Breakfast,New,4,0,October,2025,10,26,6,1
4102,2025-10-26 14:42:01.944388880,Noodles,3,Vegetarian,110,330,Sunday,Breakfast,Regular,4,1,October,2025,10,26,6,1
4103,2025-10-26 16:26:53.122624528,Paneer Butter Masala,4,Vegetarian,170,680,Sunday,Dinner,Regular,5,1,October,2025,10,26,6,1
4104,2025-10-26 18:11:44.300860172,Chicken Biryani,2,Chicken,180,360,Sunday,Dinner,New,3,1,October,2025,10,26,6,1
4105,2025-10-26 19:56:35.479095820,Paneer Butter Masala,3,Vegetarian,170,510,Sunday,Lunch,Regular,4,1,October,2025,10,26,6,1
4106,2025-10-26 21:41:26.657331468,Idli,5,Vegetarian,40,200,Sunday,Lunch,New,6,1,October,2025,10,26,6,1
4107,2025-10-26 23:26:17.835567116,Veg Biryani,4,Vegetarian,130,520,Sunday,Lunch,New,6,2,October,2025,10,26,6,1
4108,2025-10-27 01:11:09.013802764,Noodles,3,Vegetarian,110,330,Monday,Dinner,Regular,4,1,October,2025,10,27,0,0
4109,2025-10-27 02:56:00.192038408,Idli,3,Vegetarian,40,120,Monday,Breakfast,New,3,0,October,2025,10,27,0,0
4110,2025-10-27 04:40:51.370274056,Chicken Grill,3,Chicken,220,660,Monday,Dinner,Regular,4,1,October,2025,10,27,0,0
4111,2025-10-27 06:25:42.548509704,Parotta,1,Vegetarian,60,60,Monday,Lunch,Regular,3,2,October,2025,10,27,0,0
4112,2025-10-27 08:10:33.726745352,Dosa,4,Vegetarian,50,200,Monday,Dinner,Regular,4,0,October,2025,10,27,0,0
4113,2025-10-27 09:55:24.904981000,Fried Rice,3,Vegetarian,120,360,Monday,Breakfast,Regular,3,0,October,2025,10,27,0,0
4114,2025-10-27 11:40:16.083216644,Veg Meals,4,Vegetarian,100,400,Monday,Dinner,New,5,1,October,2025,10,27,0,0
4115,2025-10-27 13:25:07.261452292,Veg Biryani,3,Vegetarian,130,390,Monday,Lunch,New,6,3,October,2025,10,27,0,0
4116,2025-10-27 15:09:58.439687940,Veg Meals,5,Vegetarian,100,500,Monday,Breakfast,New,7,2,October,2025,10,27,0,0
4117,2025-10-27 16:54:49.617923588,Paneer Butter Masala,5,Vegetarian,170,850,Monday,Dinner,New,8,3,October,2025,10,27,0,0
4118,2025-10-27 18:39:40.796159232,Veg Biryani,5,Vegetarian,130,650,Monday,Dinner,Regular,6,1,October,2025,10,27,0,0
4119,2025-10-27 20:24:31.974394880,Chicken Biryani,2,Chicken,180,360,Monday,Lunch,Regular,4,2,October,2025,10,27,0,0
4120,2025-10-27 22:09:23.152630528,Chicken 65,3,Chicken,140,420,Monday,Dinner,Regular,6,3,October,2025,10,27,0,0
4121,2025-10-27 23:54:14.330866176,Chicken Fried Rice,2,Chicken,160,320,Monday,Lunch,Regular,4,2,October,2025,10,27,0,0
4122,2025-10-28 01:39:05.509101824,Chicken Fried Rice,4,Chicken,160,640,Tuesday,Dinner,New,5,1,October,2025,10,28,1,0
4123,2025-10-28 03:23:56.687337468,Chicken Fried Rice,2,Chicken,160,320,Tuesday,Lunch,Regular,4,2,October,2025,10,28,1,0
4124,2025-10-28 05:08:47.865573116,Chicken 65,4,Chicken,140,560,Tuesday,Lunch,Regular,5,1,October,2025,10,28,1,0
4125,2025-10-28 06:53:39.043808764,Veg Meals,4,Vegetarian,100,400,Tuesday,Lunch,Regular,7,3,October,2025,10,28,1,0
4126,2025-10-28 08:38:30.222044412,Chicken Biryani,4,Chicken,180,720,Tuesday,Lunch,New,6,2,October,2025,10,28,1,0
4127,2025-10-28 10:23:21.400280056,Chicken 65,2,Chicken,140,280,Tuesday,Dinner,Regular,2,0,October,2025,10,28,1,0
4128,2025-10-28 12:08:12.578515704,Chicken Fried Rice,3,Chicken,160,480,Tuesday,Breakfast,Regular,4,1,October,2025,10,28,1,0
4129,2025-10-28 13:53:03.756751352,Chicken Grill,2,Chicken,220,440,Tuesday,Breakfast,Regular,4,2,October,2025,10,28,1,0
4130,2025-10-28 15:37:54.934987000,Chicken Noodles,3,Chicken,150,450,Tuesday,Lunch,Regular,3,0,October,2025,10,28,1,0
4131,2025-10-28 17:22:46.113222648,Noodles,3,Vegetarian,110,330,Tuesday,Dinner,Regular,3,0,October,2025,10,28,1,0
4132,2025-10-28 19:07:37.291458292,Parotta,4,Vegetarian,60,240,Tuesday,Breakfast,Regular,4,0,October,2025,10,28,1,0
4133,2025-10-28 20:52:28.469693940,Chicken 65,2,Chicken,140,280,Tuesday,Lunch,Regular,2,0,October,2025,10,28,1,0
4134,2025-10-28 22:37:19.647929588,Chicken Biryani,3,Chicken,180,540,Tuesday,Dinner,New,4,1,October,2025,10,28,1,0
4135,2025-10-29 00:22:10.826165236,Chicken Biryani,5,Chicken,180,900,Wednesday,Lunch,Regular,7,2,October,2025,10,29,2,0
4136,2025-10-29 02:07:02.004400884,Noodles,3,Vegetarian,110,330,Wednesday,Dinner,Regular,3,0,October,2025,10,29,2,0
4137,2025-10-29 03:51:53.182636528,Idli,5,Vegetarian,40,200,Wednesday,Dinner,Regular,7,2,October,2025,10,29,2,0
4138,2025-10-29 05:36:44.360872176,Chicken Noodles,2,Chicken,150,300,Wednesday,Lunch,Regular,4,2,October,2025,10,29,2,0
4139,2025-10-29 07:21:35.539107824,Dosa,2,Vegetarian,50,100,Wednesday,Dinner,Regular,5,3,October,2025,10,29,2,0
4140,2025-10-29 09:06:26.717343472,Veg Biryani,2,Vegetarian,130,260,Wednesday,Dinner,Regular,4,2,October,2025,10,29,2,0
4141,2025-10-29 10:51:17.895579116,Chicken Fried Rice,3,Chicken,160,480,Wednesday,Lunch,New,4,1,October,2025,10,29,2,0
4142,2025-10-29 12:36:09.073814764,Paneer Butter Masala,1,Vegetarian,170,170,Wednesday,Lunch,New,2,1,October,2025,10,29,2,0
4143,2025-10-29 14:21:00.252050412,Dosa,3,Vegetarian,50,150,Wednesday,Dinner,Regular,3,0,October,2025,10,29,2,0
4144,2025-10-29 16:05:51.430286060,Idli,3,Vegetarian,40,120,Wednesday,Lunch,Regular,5,2,October,2025,10,29,2,0
4145,2025-10-29 17:50:42.608521708,Chicken Fried Rice,4,Chicken,160,640,Wednesday,Dinner,Regular,5,1,October,2025,10,29,2,0
4146,2025-10-29 19:35:33.786757352,Chicken Noodles,4,Chicken,150,600,Wednesday,Lunch,Regular,5,1,October,2025,10,29,2,0
4147,2025-10-29 21:20:24.964993000,Fried Rice,3,Vegetarian,120,360,Wednesday,Lunch,Regular,4,1,October,2025,10,29,2,0
4148,2025-10-29 23:05:16.143228648,Paneer Butter Masala,5,Vegetarian,170,850,Wednesday,Lunch,New,5,0,October,2025,10,29,2,0
4149,2025-10-30 00:50:07.321464296,Idli,4,Vegetarian,40,160,Thursday,Breakfast,Regular,5,1,October,2025,10,30,3,0
4150,2025-10-30 02:34:58.499699940,Veg Meals,3,Vegetarian,100,300,Thursday,Breakfast,New,5,2,October,2025,10,30,3,0
4151,2025-10-30 04:19:49.677935588,Chicken Fried Rice,1,Chicken,160,160,Thursday,Dinner,Regular,2,1,October,2025,10,30,3,0
4152,2025-10-30 06:04:40.856171236,Chicken Noodles,5,Chicken,150,750,Thursday,Dinner,Regular,6,1,October,2025,10,30,3,0
4153,2025-10-30 07:49:32.034406884,Mutton Biryani,2,Mutton,240,480,Thursday,Dinner,Regular,2,0,October,2025,10,30,3,0
4154,2025-10-30 09:34:23.212642532,Dosa,3,Vegetarian,50,150,Thursday,Dinner,Regular,5,2,October,2025,10,30,3,0
4155,2025-10-30 11:19:14.390878176,Dosa,3,Vegetarian,50,150,Thursday,Dinner,Regular,4,1,October,2025,10,30,3,0
4156,2025-10-30 13:04:05.569113824,Veg Biryani,5,Vegetarian,130,650,Thursday,Lunch,Regular,7,2,October,2025,10,30,3,0
4157,2025-10-30 14:48:56.747349472,Noodles,4,Vegetarian,110,440,Thursday,Dinner,Regular,6,2,October,2025,10,30,3,0
4158,2025-10-30 16:33:47.925585120,Chicken Noodles,4,Chicken,150,600,Thursday,Lunch,New,5,1,October,2025,10,30,3,0
4159,2025-10-30 18:18:39.103820768,Chicken 65,4,Chicken,140,560,Thursday,Dinner,Regular,4,0,October,2025,10,30,3,0
4160,2025-10-30 20:03:30.282056412,Mutton Biryani,2,Mutton,240,480,Thursday,Dinner,Regular,4,2,October,2025,10,30,3,0
4161,2025-10-30 21:48:21.460292060,Fried Rice,5,Vegetarian,120,600,Thursday,Lunch,Regular,8,3,October,2025,10,30,3,0
4162,2025-10-30 23:33:12.638527708,Chicken Grill,5,Chicken,220,1100,Thursday,Lunch,Regular,6,1,October,2025,10,30,3,0
4163,2025-10-31 01:18:03.816763356,Chicken Fried Rice,4,Chicken,160,640,Friday,Lunch,New,6,2,October,2025,10,31,4,0
4164,2025-10-31 03:02:54.994999000,Paneer Butter Masala,4,Vegetarian,170,680,Friday,Breakfast,New,6,2,October,2025,10,31,4,0
4165,2025-10-31 04:47:46.173234648,Mutton Biryani,1,Mutton,240,240,Friday,Lunch,Regular,3,2,October,2025,10,31,4,0
4166,2025-10-31 06:32:37.351470296,Chicken Noodles,1,Chicken,150,150,Friday,Lunch,New,2,1,October,2025,10,31,4,0
4167,2025-10-31 08:17:28.529705944,Veg Meals,3,Vegetarian,100,300,Friday,Breakfast,Regular,6,3,October,2025,10,31,4,0
4168,2025-10-31 10:02:19.707941592,Parotta,3,Vegetarian,60,180,Friday,Dinner,New,5,2,October,2025,10,31,4,0
4169,2025-10-31 11:47:10.886177236,Chicken Fried Rice,5,Chicken,160,800,Friday,Dinner,Regular,7,2,October,2025,10,31,4,0
4170,2025-10-31 13:32:02.064412884,Chicken Biryani,5,Chicken,180,900,Friday,Dinner,New,5,0,October,2025,10,31,4,0
4171,2025-10-31 15:16:53.242648532,Dosa,2,Vegetarian,50,100,Friday,Dinner,Regular,3,1,October,2025,10,31,4,0
4172,2025-10-31 17:01:44.420884180,Veg Meals,2,Vegetarian,100,200,Friday,Lunch,Regular,3,1,October,2025,10,31,4,0
4173,2025-10-31 18:46:35.599119824,Noodles,1,Vegetarian,110,110,Friday,Lunch,New,3,2,October,2025,10,31,4,0
4174,2025-10-31 20:31:26.777355472,Chicken Noodles,3,Chicken,150,450,Friday,Dinner,New,3,0,October,2025,10,31,4,0
4175,2025-10-31 22:16:17.955591120,Fried Rice,1,Vegetarian,120,120,Friday,Dinner,Regular,3,2,October,2025,10,31,4,0
4176,2025-11-01 00:01:09.133826768,Chicken Biryani,1,Chicken,180,180,Saturday,Lunch,Regular,3,2,November,2025,11,1,5,1
4177,2025-11-01 01:46:00.312062416,Veg Biryani,3,Vegetarian,130,390,Saturday,Dinner,New,4,1,November,2025,11,1,5,1
4178,2025-11-01 03:30:51.490298060,Paneer Butter Masala,2,Vegetarian,170,340,Saturday,Dinner,Regular,2,0,November,2025,11,1,5,1
4179,2025-11-01 05:15:42.668533708,Idli,3,Vegetarian,40,120,Saturday,Dinner,Regular,5,2,November,2025,11,1,5,1
4180,2025-11-01 07:00:33.846769356,Chicken Grill,4,Chicken,220,880,Saturday,Dinner,Regular,5,1,November,2025,11,1,5,1
4181,2025-11-01 08:45:25.025005004,Chicken Grill,4,Chicken,220,880,Saturday,Lunch,Regular,6,2,November,2025,11,1,5,1
4182,2025-11-01 10:30:16.203240652,Veg Meals,4,Vegetarian,100,400,Saturday,Dinner,Regular,6,2,November,2025,11,1,5,1
4183,2025-11-01 12:15:07.381476296,Chicken Biryani,5,Chicken,180,900,Saturday,Dinner,Regular,5,0,November,2025,11,1,5,1
4184,2025-11-01 13:59:58.559711944,Dosa,2,Vegetarian,50,100,Saturday,Breakfast,Regular,2,0,November,2025,11,1,5,1
4185,2025-11-01 15:44:49.737947592,Veg Biryani,2,Vegetarian,130,260,Saturday,Dinner,New,2,0,November,2025,11,1,5,1
4186,2025-11-01 17:29:40.916183240,Parotta,5,Vegetarian,60,300,Saturday,Lunch,Regular,7,2,November,2025,11,1,5,1
4187,2025-11-01 19:14:32.094418884,Dosa,1,Vegetarian,50,50,Saturday,Lunch,Regular,4,3,November,2025,11,1,5,1
4188,2025-11-01 20:59:23.272654532,Mutton Biryani,4,Mutton,240,960,Saturday,Lunch,Regular,4,0,November,2025,11,1,5,1
4189,2025-11-01 22:44:14.450890180,Noodles,4,Vegetarian,110,440,Saturday,Breakfast,Regular,7,3,November,2025,11,1,5,1
4190,2025-11-02 00:29:05.629125828,Chicken Grill,1,Chicken,220,220,Sunday,Lunch,Regular,4,3,November,2025,11,2,6,1
4191,2025-11-02 02:13:56.807361476,Mutton Biryani,3,Mutton,240,720,Sunday,Dinner,New,6,3,November,2025,11,2,6,1
4192,2025-11-02 03:58:47.985597120,Fried Rice,3,Vegetarian,120,360,Sunday,Breakfast,Regular,4,1,November,2025,11,2,6,1
4193,2025-11-02 05:43:39.163832768,Chicken Fried Rice,2,Chicken,160,320,Sunday,Lunch,Regular,4,2,November,2025,11,2,6,1
4194,2025-11-02 07:28:30.342068416,Chicken 65,5,Chicken,140,700,Sunday,Breakfast,New,5,0,November,2025,11,2,6,1
4195,2025-11-02 09:13:21.520304064,Chicken Noodles,2,Chicken,150,300,Sunday,Lunch,Regular,4,2,November,2025,11,2,6,1
4196,2025-11-02 10:58:12.698539708,Paneer Butter Masala,3,Vegetarian,170,510,Sunday,Dinner,Regular,5,2,November,2025,11,2,6,1
4197,2025-11-02 12:43:03.876775356,Veg Biryani,1,Vegetarian,130,130,Sunday,Dinner,Regular,2,1,November,2025,11,2,6,1
4198,2025-11-02 14:27:55.055011004,Dosa,2,Vegetarian,50,100,Sunday,Dinner,Regular,3,1,November,2025,11,2,6,1
4199,2025-11-02 16:12:46.233246652,Chicken Grill,4,Chicken,220,880,Sunday,Dinner,Regular,5,1,November,2025,11,2,6,1
4200,2025-11-02 17:57:37.411482300,Mutton Biryani,4,Mutton,240,960,Sunday,Lunch,Regular,6,2,November,2025,11,2,6,1
4201,2025-11-02 19:42:28.589717944,Idli,1,Vegetarian,40,40,Sunday,Dinner,Regular,4,3,November,2025,11,2,6,1
4202,2025-11-02 21:27:19.767953592,Veg Meals,3,Vegetarian,100,300,Sunday,Dinner,Regular,5,2,November,2025,11,2,6,1
4203,2025-11-02 23:12:10.946189240,Noodles,4,Vegetarian,110,440,Sunday,Lunch,New,5,1,November,2025,11,2,6,1
4204,2025-11-03 00:57:02.124424888,Noodles,4,Vegetarian,110,440,Monday,Dinner,Regular,6,2,November,2025,11,3,0,0
4205,2025-11-03 02:41:53.302660536,Chicken Fried Rice,5,Chicken,160,800,Monday,Dinner,New,6,1,November,2025,11,3,0,0
4206,2025-11-03 04:26:44.480896180,Chicken Noodles,2,Chicken,150,300,Monday,Dinner,Regular,3,1,November,2025,11,3,0,0
4207,2025-11-03 06:11:35.659131828,Chicken Noodles,3,Chicken,150,450,Monday,Lunch,Regular,3,0,November,2025,11,3,0,0
4208,2025-11-03 07:56:26.837367476,Noodles,2,Vegetarian,110,220,Monday,Dinner,Regular,5,3,November,2025,11,3,0,0
4209,2025-11-03 09:41:18.015603124,Noodles,3,Vegetarian,110,330,Monday,Breakfast,Regular,4,1,November,2025,11,3,0,0
4210,2025-11-03 11:26:09.193838768,Dosa,4,Vegetarian,50,200,Monday,Lunch,New,4,0,November,2025,11,3,0,0
4211,2025-11-03 13:11:00.372074416,Veg Biryani,5,Vegetarian,130,650,Monday,Lunch,Regular,8,3,November,2025,11,3,0,0
4212,2025-11-03 14:55:51.550310064,Parotta,2,Vegetarian,60,120,Monday,Breakfast,Regular,3,1,November,2025,11,3,0,0
4213,2025-11-03 16:40:42.728545712,Fried Rice,4,Vegetarian,120,480,Monday,Breakfast,Regular,7,3,November,2025,11,3,0,0
4214,2025-11-03 18:25:33.906781360,Idli,3,Vegetarian,40,120,Monday,Breakfast,Regular,6,3,November,2025,11,3,0,0
4215,2025-11-03 20:10:25.085017004,Fried Rice,2,Vegetarian,120,240,Monday,Dinner,Regular,4,2,November,2025,11,3,0,0
4216,2025-11-03 21:55:16.263252652,Dosa,2,Vegetarian,50,100,Monday,Dinner,Regular,2,0,November,2025,11,3,0,0
4217,2025-11-03 23:40:07.441488300,Mutton Biryani,4,Mutton,240,960,Monday,Dinner,Regular,7,3,November,2025,11,3,0,0
4218,2025-11-04 01:24:58.619723948,Chicken 65,2,Chicken,140,280,Tuesday,Lunch,Regular,4,2,November,2025,11,4,1,0
4219,2025-11-04 03:09:49.797959592,Noodles,5,Vegetarian,110,550,Tuesday,Lunch,Regular,8,3,November,2025,11,4,1,0
4220,2025-11-04 04:54:40.976195240,Chicken Biryani,5,Chicken,180,900,Tuesday,Dinner,Regular,7,2,November,2025,11,4,1,0
4221,2025-11-04 06:39:32.154430888,Parotta,4,Vegetarian,60,240,Tuesday,Breakfast,Regular,5,1,November,2025,11,4,1,0
4222,2025-11-04 08:24:23.332666536,Veg Biryani,3,Vegetarian,130,390,Tuesday,Dinner,New,4,1,November,2025,11,4,1,0
4223,2025-11-04 10:09:14.510902184,Chicken Fried Rice,4,Chicken,160,640,Tuesday,Dinner,Regular,6,2,November,2025,11,4,1,0
4224,2025-11-04 11:54:05.689137828,Parotta,5,Vegetarian,60,300,Tuesday,Breakfast,New,6,1,November,2025,11,4,1,0
4225,2025-11-04 13:38:56.867373476,Noodles,1,Vegetarian,110,110,Tuesday,Dinner,New,2,1,November,2025,11,4,1,0
4226,2025-11-04 15:23:48.045609124,Chicken Grill,1,Chicken,220,220,Tuesday,Dinner,New,2,1,November,2025,11,4,1,0
4227,2025-11-04 17:08:39.223844772,Veg Biryani,2,Vegetarian,130,260,Tuesday,Breakfast,New,5,3,November,2025,11,4,1,0
4228,2025-11-04 18:53:30.402080420,Chicken 65,2,Chicken,140,280,Tuesday,Breakfast,Regular,4,2,November,2025,11,4,1,0
4229,2025-11-04 20:38:21.580316064,Chicken Grill,1,Chicken,220,220,Tuesday,Breakfast,New,1,0,November,2025,11,4,1,0
4230,2025-11-04 22:23:12.758551712,Parotta,5,Vegetarian,60,300,Tuesday,Lunch,New,5,0,November,2025,11,4,1,0
4231,2025-11-05 00:08:03.936787360,Chicken Biryani,2,Chicken,180,360,Wednesday,Lunch,New,4,2,November,2025,11,5,2,0
4232,2025-11-05 01:52:55.115023008,Chicken Biryani,4,Chicken,180,720,Wednesday,Lunch,New,7,3,November,2025,11,5,2,0
4233,2025-11-05 03:37:46.293258652,Chicken 65,4,Chicken,140,560,Wednesday,Lunch,New,5,1,November,2025,11,5,2,0
4234,2025-11-05 05:22:37.471494300,Chicken Noodles,5,Chicken,150,750,Wednesday,Dinner,Regular,6,1,November,2025,11,5,2,0
4235,2025-11-05 07:07:28.649729948,Paneer Butter Masala,2,Vegetarian,170,340,Wednesday,Lunch,Regular,5,3,November,2025,11,5,2,0
4236,2025-11-05 08:52:19.827965596,Idli,4,Vegetarian,40,160,Wednesday,Breakfast,Regular,4,0,November,2025,11,5,2,0
4237,2025-11-05 10:37:11.006201244,Noodles,2,Vegetarian,110,220,Wednesday,Lunch,Regular,4,2,November,2025,11,5,2,0
4238,2025-11-05 12:22:02.184436888,Chicken Fried Rice,2,Chicken,160,320,Wednesday,Lunch,New,4,2,November,2025,11,5,2,0
4239,2025-11-05 14:06:53.362672536,Noodles,4,Vegetarian,110,440,Wednesday,Lunch,New,7,3,November,2025,11,5,2,0
4240,2025-11-05 15:51:44.540908184,Chicken Noodles,1,Chicken,150,150,Wednesday,Lunch,New,2,1,November,2025,11,5,2,0
4241,2025-11-05 17:36:35.719143832,Fried Rice,4,Vegetarian,120,480,Wednesday,Breakfast,Regular,5,1,November,2025,11,5,2,0
4242,2025-11-05 19:21:26.897379476,Fried Rice,5,Vegetarian,120,600,Wednesday,Dinner,New,6,1,November,2025,11,5,2,0
4243,2025-11-05 21:06:18.075615124,Veg Meals,3,Vegetarian,100,300,Wednesday,Dinner,Regular,5,2,November,2025,11,5,2,0
4244,2025-11-05 22:51:09.253850772,Fried Rice,4,Vegetarian,120,480,Wednesday,Lunch,New,4,0,November,2025,11,5,2,0
4245,2025-11-06 00:36:00.432086420,Chicken Biryani,2,Chicken,180,360,Thursday,Lunch,New,4,2,November,2025,11,6,3,0
4246,2025-11-06 02:20:51.610322068,Chicken Biryani,2,Chicken,180,360,Thursday,Dinner,Regular,5,3,November,2025,11,6,3,0
4247,2025-11-06 04:05:42.788557712,Mutton Biryani,4,Mutton,240,960,Thursday,Dinner,Regular,6,2,November,2025,11,6,3,0
4248,2025-11-06 05:50:33.966793360,Chicken Grill,3,Chicken,220,660,Thursday,Lunch,Regular,6,3,November,2025,11,6,3,0
4249,2025-11-06 07:35:25.145029008,Parotta,4,Vegetarian,60,240,Thursday,Dinner,Regular,6,2,November,2025,11,6,3,0
4250,2025-11-06 09:20:16.323264656,Chicken Fried Rice,3,Chicken,160,480,Thursday,Lunch,Regular,3,0,November,2025,11,6,3,0
4251,2025-11-06 11:05:07.501500304,Chicken 65,3,Chicken,140,420,Thursday,Lunch,Regular,6,3,November,2025,11,6,3,0
4252,2025-11-06 12:49:58.679735948,Parotta,5,Vegetarian,60,300,Thursday,Dinner,Regular,6,1,November,2025,11,6,3,0
4253,2025-11-06 14:34:49.857971596,Noodles,2,Vegetarian,110,220,Thursday,Dinner,New,3,1,November,2025,11,6,3,0
4254,2025-11-06 16:19:41.036207244,Mutton Biryani,2,Mutton,240,480,Thursday,Dinner,Regular,4,2,November,2025,11,6,3,0
4255,2025-11-06 18:04:32.214442892,Chicken Biryani,3,Chicken,180,540,Thursday,Breakfast,Regular,5,2,November,2025,11,6,3,0
4256,2025-11-06 19:49:23.392678536,Chicken 65,2,Chicken,140,280,Thursday,Lunch,Regular,2,0,November,2025,11,6,3,0
4257,2025-11-06 21:34:14.570914184,Chicken Biryani,1,Chicken,180,180,Thursday,Lunch,Regular,1,0,November,2025,11,6,3,0
4258,2025-11-06 23:19:05.749149832,Paneer Butter Masala,3,Vegetarian,170,510,Thursday,Lunch,Regular,4,1,November,2025,11,6,3,0
4259,2025-11-07 01:03:56.927385480,Chicken Fried Rice,2,Chicken,160,320,Friday,Dinner,Regular,4,2,November,2025,11,7,4,0
4260,2025-11-07 02:48:48.105621128,Chicken Grill,1,Chicken,220,220,Friday,Dinner,Regular,4,3,November,2025,11,7,4,0
4261,2025-11-07 04:33:39.283856772,Veg Meals,5,Vegetarian,100,500,Friday,Dinner,Regular,5,0,November,2025,11,7,4,0
4262,2025-11-07 06:18:30.462092420,Parotta,2,Vegetarian,60,120,Friday,Dinner,Regular,5,3,November,2025,11,7,4,0
4263,2025-11-07 08:03:21.640328068,Parotta,1,Vegetarian,60,60,Friday,Lunch,Regular,4,3,November,2025,11,7,4,0
4264,2025-11-07 09:48:12.818563716,Fried Rice,4,Vegetarian,120,480,Friday,Dinner,New,4,0,November,2025,11,7,4,0
4265,2025-11-07 11:33:03.996799360,Chicken Noodles,4,Chicken,150,600,Friday,Dinner,Regular,6,2,November,2025,11,7,4,0
4266,2025-11-07 13:17:55.175035008,Fried Rice,1,Vegetarian,120,120,Friday,Lunch,New,4,3,November,2025,11,7,4,0
4267,2025-11-07 15:02:46.353270656,Paneer Butter Masala,3,Vegetarian,170,510,Friday,Dinner,Regular,5,2,November,2025,11,7,4,0
4268,2025-11-07 16:47:37.531506304,Chicken 65,3,Chicken,140,420,Friday,Breakfast,New,6,3,November,2025,11,7,4,0
4269,2025-11-07 18:32:28.709741952,Idli,2,Vegetarian,40,80,Friday,Dinner,Regular,4,2,November,2025,11,7,4,0
4270,2025-11-07 20:17:19.887977596,Fried Rice,4,Vegetarian,120,480,Friday,Lunch,Regular,6,2,November,2025,11,7,4,0
4271,2025-11-07 22:02:11.066213244,Veg Meals,3,Vegetarian,100,300,Friday,Lunch,New,5,2,November,2025,11,7,4,0
4272,2025-11-07 23:47:02.244448892,Mutton Biryani,3,Mutton,240,720,Friday,Dinner,New,5,2,November,2025,11,7,4,0
4273,2025-11-08 01:31:53.422684540,Fried Rice,4,Vegetarian,120,480,Saturday,Dinner,Regular,4,0,November,2025,11,8,5,1
4274,2025-11-08 03:16:44.600920184,Fried Rice,5,Vegetarian,120,600,Saturday,Lunch,New,8,3,November,2025,11,8,5,1
4275,2025-11-08 05:01:35.779155832,Idli,3,Vegetarian,40,120,Saturday,Breakfast,New,5,2,November,2025,11,8,5,1
4276,2025-11-08 06:46:26.957391480,Chicken Noodles,1,Chicken,150,150,Saturday,Lunch,Regular,2,1,November,2025,11,8,5,1
4277,2025-11-08 08:31:18.135627128,Chicken Fried Rice,2,Chicken,160,320,Saturday,Lunch,Regular,5,3,November,2025,11,8,5,1
4278,2025-11-08 10:16:09.313862776,Mutton Biryani,3,Mutton,240,720,Saturday,Dinner,Regular,6,3,November,2025,11,8,5,1
4279,2025-11-08 12:01:00.492098420,Fried Rice,3,Vegetarian,120,360,Saturday,Dinner,Regular,5,2,November,2025,11,8,5,1
4280,2025-11-08 13:45:51.670334068,Paneer Butter Masala,5,Vegetarian,170,850,Saturday,Lunch,New,8,3,November,2025,11,8,5,1
4281,2025-11-08 15:30:42.848569716,Chicken Grill,1,Chicken,220,220,Saturday,Dinner,New,2,1,November,2025,11,8,5,1
4282,2025-11-08 17:15:34.026805364,Veg Meals,2,Vegetarian,100,200,Saturday,Lunch,New,3,1,November,2025,11,8,5,1
4283,2025-11-08 19:00:25.205041012,Idli,3,Vegetarian,40,120,Saturday,Dinner,Regular,4,1,November,2025,11,8,5,1
4284,2025-11-08 20:45:16.383276656,Chicken Grill,2,Chicken,220,440,Saturday,Lunch,Regular,5,3,November,2025,11,8,5,1
4285,2025-11-08 22:30:07.561512304,Idli,4,Vegetarian,40,160,Saturday,Lunch,New,7,3,November,2025,11,8,5,1
4286,2025-11-09 00:14:58.739747952,Paneer Butter Masala,3,Vegetarian,170,510,Sunday,Dinner,Regular,5,2,November,2025,11,9,6,1
4287,2025-11-09 01:59:49.917983600,Chicken Grill,3,Chicken,220,660,Sunday,Breakfast,Regular,6,3,November,2025,11,9,6,1
4288,2025-11-09 03:44:41.096219244,Idli,4,Vegetarian,40,160,Sunday,Dinner,Regular,7,3,November,2025,11,9,6,1
4289,2025-11-09 05:29:32.274454892,Noodles,5,Vegetarian,110,550,Sunday,Dinner,Regular,7,2,November,2025,11,9,6,1
4290,2025-11-09 07:14:23.452690540,Chicken Grill,3,Chicken,220,660,Sunday,Lunch,Regular,4,1,November,2025,11,9,6,1
4291,2025-11-09 08:59:14.630926188,Chicken Noodles,2,Chicken,150,300,Sunday,Lunch,Regular,4,2,November,2025,11,9,6,1
4292,2025-11-09 10:44:05.809161836,Veg Biryani,1,Vegetarian,130,130,Sunday,Dinner,Regular,1,0,November,2025,11,9,6,1
4293,2025-11-09 12:28:56.987397480,Mutton Biryani,2,Mutton,240,480,Sunday,Dinner,Regular,5,3,November,2025,11,9,6,1
4294,2025-11-09 14:13:48.165633128,Chicken 65,5,Chicken,140,700,Sunday,Lunch,Regular,8,3,November,2025,11,9,6,1
4295,2025-11-09 15:58:39.343868776,Chicken Fried Rice,1,Chicken,160,160,Sunday,Lunch,Regular,1,0,November,2025,11,9,6,1
4296,2025-11-09 17:43:30.522104424,Noodles,2,Vegetarian,110,220,Sunday,Dinner,New,2,0,November,2025,11,9,6,1
4297,2025-11-09 19:28:21.700340068,Dosa,2,Vegetarian,50,100,Sunday,Lunch,New,2,0,November,2025,11,9,6,1
4298,2025-11-09 21:13:12.878575716,Chicken Biryani,4,Chicken,180,720,Sunday,Breakfast,Regular,6,2,November,2025,11,9,6,1
4299,2025-11-09 22:58:04.056811364,Paneer Butter Masala,5,Vegetarian,170,850,Sunday,Lunch,Regular,6,1,November,2025,11,9,6,1
4300,2025-11-10 00:42:55.235047012,Paneer Butter Masala,4,Vegetarian,170,680,Monday,Dinner,Regular,6,2,November,2025,11,10,0,0
4301,2025-11-10 02:27:46.413282660,Fried Rice,1,Vegetarian,120,120,Monday,Dinner,Regular,1,0,November,2025,11,10,0,0
4302,2025-11-10 04:12:37.591518304,Veg Meals,4,Vegetarian,100,400,Monday,Dinner,New,6,2,November,2025,11,10,0,0
4303,2025-11-10 05:57:28.769753952,Chicken 65,5,Chicken,140,700,Monday,Dinner,Regular,8,3,November,2025,11,10,0,0
4304,2025-11-10 07:42:19.947989600,Chicken Biryani,3,Chicken,180,540,Monday,Dinner,New,5,2,November,2025,11,10,0,0
4305,2025-11-10 09:27:11.126225248,Paneer Butter Masala,3,Vegetarian,170,510,Monday,Lunch,Regular,3,0,November,2025,11,10,0,0
4306,2025-11-10 11:12:02.304460896,Mutton Biryani,1,Mutton,240,240,Monday,Dinner,Regular,4,3,November,2025,11,10,0,0
4307,2025-11-10 12:56:53.482696540,Chicken 65,3,Chicken,140,420,Monday,Breakfast,Regular,4,1,November,2025,11,10,0,0
4308,2025-11-10 14:41:44.660932188,Chicken Grill,4,Chicken,220,880,Monday,Dinner,New,6,2,November,2025,11,10,0,0
4309,2025-11-10 16:26:35.839167836,Chicken Grill,1,Chicken,220,220,Monday,Lunch,Regular,3,2,November,2025,11,10,0,0
4310,2025-11-10 18:11:27.017403484,Dosa,5,Vegetarian,50,250,Monday,Lunch,Regular,5,0,November,2025,11,10,0,0
4311,2025-11-10 19:56:18.195639128,Chicken Biryani,1,Chicken,180,180,Monday,Dinner,Regular,2,1,November,2025,11,10,0,0
4312,2025-11-10 21:41:09.373874776,Paneer Butter Masala,1,Vegetarian,170,170,Monday,Dinner,Regular,4,3,November,2025,11,10,0,0
4313,2025-11-10 23:26:00.552110424,Chicken Fried Rice,2,Chicken,160,320,Monday,Breakfast,Regular,2,0,November,2025,11,10,0,0
4314,2025-11-11 01:10:51.730346072,Paneer Butter Masala,2,Vegetarian,170,340,Tuesday,Dinner,Regular,2,0,November,2025,11,11,1,0
4315,2025-11-11 02:55:42.908581720,Mutton Biryani,1,Mutton,240,240,Tuesday,Lunch,Regular,3,2,November,2025,11,11,1,0
4316,2025-11-11 04:40:34.086817364,Chicken Grill,3,Chicken,220,660,Tuesday,Lunch,New,4,1,November,2025,11,11,1,0
4317,2025-11-11 06:25:25.265053012,Fried Rice,2,Vegetarian,120,240,Tuesday,Dinner,Regular,2,0,November,2025,11,11,1,0
4318,2025-11-11 08:10:16.443288660,Veg Biryani,5,Vegetarian,130,650,Tuesday,Lunch,Regular,7,2,November,2025,11,11,1,0
4319,2025-11-11 09:55:07.621524308,Chicken Noodles,4,Chicken,150,600,Tuesday,Dinner,New,7,3,November,2025,11,11,1,0
4320,2025-11-11 11:39:58.799759952,Chicken Noodles,2,Chicken,150,300,Tuesday,Breakfast,New,2,0,November,2025,11,11,1,0
4321,2025-11-11 13:24:49.977995600,Idli,1,Vegetarian,40,40,Tuesday,Dinner,New,4,3,November,2025,11,11,1,0
4322,2025-11-11 15:09:41.156231248,Chicken Fried Rice,3,Chicken,160,480,Tuesday,Dinner,New,6,3,November,2025,11,11,1,0
4323,2025-11-11 16:54:32.334466896,Paneer Butter Masala,4,Vegetarian,170,680,Tuesday,Lunch,Regular,6,2,November,2025,11,11,1,0
4324,2025-11-11 18:39:23.512702544,Chicken Noodles,2,Chicken,150,300,Tuesday,Lunch,Regular,3,1,November,2025,11,11,1,0
4325,2025-11-11 20:24:14.690938188,Idli,3,Vegetarian,40,120,Tuesday,Dinner,Regular,6,3,November,2025,11,11,1,0
4326,2025-11-11 22:09:05.869173836,Chicken Biryani,3,Chicken,180,540,Tuesday,Dinner,Regular,3,0,November,2025,11,11,1,0
4327,2025-11-11 23:53:57.047409484,Chicken Grill,3,Chicken,220,660,Tuesday,Lunch,Regular,4,1,November,2025,11,11,1,0
4328,2025-11-12 01:38:48.225645132,Veg Meals,1,Vegetarian,100,100,Wednesday,Lunch,Regular,2,1,November,2025,11,12,2,0
4329,2025-11-12 03:23:39.403880780,Noodles,5,Vegetarian,110,550,Wednesday,Breakfast,Regular,7,2,November,2025,11,12,2,0
4330,2025-11-12 05:08:30.582116424,Chicken Grill,3,Chicken,220,660,Wednesday,Lunch,Regular,3,0,November,2025,11,12,2,0
4331,2025-11-12 06:53:21.760352072,Noodles,4,Vegetarian,110,440,Wednesday,Lunch,Regular,4,0,November,2025,11,12,2,0
4332,2025-11-12 08:38:12.938587720,Fried Rice,2,Vegetarian,120,240,Wednesday,Breakfast,Regular,4,2,November,2025,11,12,2,0
4333,2025-11-12 10:23:04.116823368,Veg Biryani,4,Vegetarian,130,520,Wednesday,Dinner,New,6,2,November,2025,11,12,2,0
4334,2025-11-12 12:07:55.295059012,Chicken 65,1,Chicken,140,140,Wednesday,Dinner,Regular,2,1,November,2025,11,12,2,0
4335,2025-11-12 13:52:46.473294660,Chicken Noodles,1,Chicken,150,150,Wednesday,Dinner,Regular,4,3,November,2025,11,12,2,0
4336,2025-11-12 15:37:37.651530308,Chicken Biryani,4,Chicken,180,720,Wednesday,Dinner,Regular,7,3,November,2025,11,12,2,0
4337,2025-11-12 17:22:28.829765956,Noodles,5,Vegetarian,110,550,Wednesday,Dinner,Regular,8,3,November,2025,11,12,2,0
4338,2025-11-12 19:07:20.008001604,Parotta,1,Vegetarian,60,60,Wednesday,Lunch,New,4,3,November,2025,11,12,2,0
4339,2025-11-12 20:52:11.186237248,Paneer Butter Masala,1,Vegetarian,170,170,Wednesday,Dinner,Regular,1,0,November,2025,11,12,2,0
4340,2025-11-12 22:37:02.364472896,Chicken Noodles,4,Chicken,150,600,Wednesday,Dinner,Regular,4,0,November,2025,11,12,2,0
4341,2025-11-13 00:21:53.542708544,Paneer Butter Masala,1,Vegetarian,170,170,Thursday,Dinner,Regular,3,2,November,2025,11,13,3,0
4342,2025-11-13 02:06:44.720944192,Chicken Fried Rice,5,Chicken,160,800,Thursday,Breakfast,New,7,2,November,2025,11,13,3,0
4343,2025-11-13 03:51:35.899179836,Fried Rice,5,Vegetarian,120,600,Thursday,Dinner,Regular,8,3,November,2025,11,13,3,0
4344,2025-11-13 05:36:27.077415484,Chicken 65,5,Chicken,140,700,Thursday,Dinner,Regular,7,2,November,2025,11,13,3,0
4345,2025-11-13 07:21:18.255651132,Chicken Noodles,2,Chicken,150,300,Thursday,Dinner,Regular,2,0,November,2025,11,13,3,0
4346,2025-11-13 09:06:09.433886780,Paneer Butter Masala,5,Vegetarian,170,850,Thursday,Lunch,New,8,3,November,2025,11,13,3,0
4347,2025-11-13 10:51:00.612122428,Chicken Biryani,5,Chicken,180,900,Thursday,Dinner,New,8,3,November,2025,11,13,3,0
4348,2025-11-13 12:35:51.790358072,Chicken Noodles,2,Chicken,150,300,Thursday,Dinner,Regular,2,0,November,2025,11,13,3,0
4349,2025-11-13 14:20:42.968593720,Noodles,3,Vegetarian,110,330,Thursday,Breakfast,New,4,1,November,2025,11,13,3,0
4350,2025-11-13 16:05:34.146829368,Chicken Fried Rice,1,Chicken,160,160,Thursday,Dinner,Regular,4,3,November,2025,11,13,3,0
4351,2025-11-13 17:50:25.325065016,Parotta,5,Vegetarian,60,300,Thursday,Lunch,Regular,7,2,November,2025,11,13,3,0
4352,2025-11-13 19:35:16.503300664,Mutton Biryani,1,Mutton,240,240,Thursday,Dinner,Regular,2,1,November,2025,11,13,3,0
4353,2025-11-13 21:20:07.681536308,Dosa,4,Vegetarian,50,200,Thursday,Dinner,Regular,4,0,November,2025,11,13,3,0
4354,2025-11-13 23:04:58.859771956,Parotta,1,Vegetarian,60,60,Thursday,Breakfast,New,2,1,November,2025,11,13,3,0
4355,2025-11-14 00:49:50.038007604,Idli,2,Vegetarian,40,80,Friday,Lunch,Regular,3,1,November,2025,11,14,4,0
4356,2025-11-14 02:34:41.216243252,Chicken Noodles,1,Chicken,150,150,Friday,Dinner,Regular,4,3,November,2025,11,14,4,0
4357,2025-11-14 04:19:32.394478896,Chicken Grill,1,Chicken,220,220,Friday,Breakfast,Regular,2,1,November,2025,11,14,4,0
4358,2025-11-14 06:04:23.572714544,Veg Biryani,1,Vegetarian,130,130,Friday,Lunch,Regular,3,2,November,2025,11,14,4,0
4359,2025-11-14 07:49:14.750950192,Chicken Grill,3,Chicken,220,660,Friday,Dinner,Regular,6,3,November,2025,11,14,4,0
4360,2025-11-14 09:34:05.929185840,Parotta,3,Vegetarian,60,180,Friday,Lunch,New,3,0,November,2025,11,14,4,0
4361,2025-11-14 11:18:57.107421488,Noodles,4,Vegetarian,110,440,Friday,Lunch,Regular,6,2,November,2025,11,14,4,0
4362,2025-11-14 13:03:48.285657132,Chicken Grill,2,Chicken,220,440,Friday,Dinner,Regular,5,3,November,2025,11,14,4,0
4363,2025-11-14 14:48:39.463892780,Chicken Biryani,1,Chicken,180,180,Friday,Lunch,Regular,2,1,November,2025,11,14,4,0
4364,2025-11-14 16:33:30.642128428,Chicken Grill,1,Chicken,220,220,Friday,Lunch,Regular,3,2,November,2025,11,14,4,0
4365,2025-11-14 18:18:21.820364076,Chicken 65,1,Chicken,140,140,Friday,Dinner,New,4,3,November,2025,11,14,4,0
4366,2025-11-14 20:03:12.998599720,Mutton Biryani,1,Mutton,240,240,Friday,Dinner,Regular,4,3,November,2025,11,14,4,0
4367,2025-11-14 21:48:04.176835368,Chicken Noodles,3,Chicken,150,450,Friday,Dinner,Regular,3,0,November,2025,11,14,4,0
4368,2025-11-14 23:32:55.355071016,Fried Rice,4,Vegetarian,120,480,Friday,Dinner,New,7,3,November,2025,11,14,4,0
4369,2025-11-15 01:17:46.533306664,Chicken Grill,5,Chicken,220,1100,Saturday,Dinner,Regular,5,0,November,2025,11,15,5,1
4370,2025-11-15 03:02:37.711542312,Chicken Fried Rice,2,Chicken,160,320,Saturday,Lunch,New,3,1,November,2025,11,15,5,1
4371,2025-11-15 04:47:28.889777956,Fried Rice,1,Vegetarian,120,120,Saturday,Breakfast,Regular,4,3,November,2025,11,15,5,1
4372,2025-11-15 06:32:20.068013604,Mutton Biryani,4,Mutton,240,960,Saturday,Lunch,New,7,3,November,2025,11,15,5,1
4373,2025-11-15 08:17:11.246249252,Paneer Butter Masala,5,Vegetarian,170,850,Saturday,Breakfast,Regular,6,1,November,2025,11,15,5,1
4374,2025-11-15 10:02:02.424484900,Noodles,4,Vegetarian,110,440,Saturday,Dinner,New,7,3,November,2025,11,15,5,1
4375,2025-11-15 11:46:53.602720548,Mutton Biryani,3,Mutton,240,720,Saturday,Dinner,Regular,6,3,November,2025,11,15,5,1
4376,2025-11-15 13:31:44.780956192,Chicken Grill,5,Chicken,220,1100,Saturday,Breakfast,Regular,7,2,November,2025,11,15,5,1
4377,2025-11-15 15:16:35.959191840,Mutton Biryani,4,Mutton,240,960,Saturday,Dinner,New,4,0,November,2025,11,15,5,1
4378,2025-11-15 17:01:27.137427488,Fried Rice,3,Vegetarian,120,360,Saturday,Lunch,Regular,6,3,November,2025,11,15,5,1
4379,2025-11-15 18:46:18.315663136,Veg Biryani,4,Vegetarian,130,520,Saturday,Lunch,New,7,3,November,2025,11,15,5,1
4380,2025-11-15 20:31:09.493898780,Noodles,4,Vegetarian,110,440,Saturday,Dinner,Regular,4,0,November,2025,11,15,5,1
4381,2025-11-15 22:16:00.672134428,Chicken Grill,5,Chicken,220,1100,Saturday,Lunch,Regular,7,2,November,2025,11,15,5,1
4382,2025-11-16 00:00:51.850370076,Chicken Biryani,3,Chicken,180,540,Sunday,Lunch,Regular,3,0,November,2025,11,16,6,1
4383,2025-11-16 01:45:43.028605724,Parotta,1,Vegetarian,60,60,Sunday,Breakfast,Regular,4,3,November,2025,11,16,6,1
4384,2025-11-16 03:30:34.206841372,Chicken 65,2,Chicken,140,280,Sunday,Lunch,Regular,3,1,November,2025,11,16,6,1
4385,2025-11-16 05:15:25.385077016,Dosa,5,Vegetarian,50,250,Sunday,Dinner,New,6,1,November,2025,11,16,6,1
4386,2025-11-16 07:00:16.563312664,Veg Meals,3,Vegetarian,100,300,Sunday,Dinner,Regular,5,2,November,2025,11,16,6,1
4387,2025-11-16 08:45:07.741548312,Idli,4,Vegetarian,40,160,Sunday,Lunch,New,6,2,November,2025,11,16,6,1
4388,2025-11-16 10:29:58.919783960,Noodles,3,Vegetarian,110,330,Sunday,Lunch,Regular,6,3,November,2025,11,16,6,1
4389,2025-11-16 12:14:50.098019604,Mutton Biryani,2,Mutton,240,480,Sunday,Dinner,New,4,2,November,2025,11,16,6,1
4390,2025-11-16 13:59:41.276255252,Chicken Biryani,2,Chicken,180,360,Sunday,Dinner,Regular,5,3,November,2025,11,16,6,1
4391,2025-11-16 15:44:32.454490900,Chicken Noodles,1,Chicken,150,150,Sunday,Lunch,New,2,1,November,2025,11,16,6,1
4392,2025-11-16 17:29:23.632726548,Chicken Noodles,1,Chicken,150,150,Sunday,Lunch,Regular,3,2,November,2025,11,16,6,1
4393,2025-11-16 19:14:14.810962196,Idli,2,Vegetarian,40,80,Sunday,Dinner,New,5,3,November,2025,11,16,6,1
4394,2025-11-16 20:59:05.989197840,Noodles,5,Vegetarian,110,550,Sunday,Dinner,New,5,0,November,2025,11,16,6,1
4395,2025-11-16 22:43:57.167433488,Noodles,5,Vegetarian,110,550,Sunday,Breakfast,Regular,7,2,November,2025,11,16,6,1
4396,2025-11-17 00:28:48.345669136,Chicken 65,4,Chicken,140,560,Monday,Dinner,New,7,3,November,2025,11,17,0,0
4397,2025-11-17 02:13:39.523904784,Mutton Biryani,1,Mutton,240,240,Monday,Breakfast,Regular,4,3,November,2025,11,17,0,0
4398,2025-11-17 03:58:30.702140432,Veg Biryani,4,Vegetarian,130,520,Monday,Lunch,Regular,4,0,November,2025,11,17,0,0
4399,2025-11-17 05:43:21.880376076,Idli,1,Vegetarian,40,40,Monday,Lunch,New,2,1,November,2025,11,17,0,0
4400,2025-11-17 07:28:13.058611724,Chicken 65,2,Chicken,140,280,Monday,Dinner,Regular,2,0,November,2025,11,17,0,0
4401,2025-11-17 09:13:04.236847372,Mutton Biryani,5,Mutton,240,1200,Monday,Lunch,Regular,8,3,November,2025,11,17,0,0
4402,2025-11-17 10:57:55.415083020,Fried Rice,5,Vegetarian,120,600,Monday,Lunch,Regular,5,0,November,2025,11,17,0,0
4403,2025-11-17 12:42:46.593318664,Chicken Biryani,2,Chicken,180,360,Monday,Lunch,Regular,2,0,November,2025,11,17,0,0
4404,2025-11-17 14:27:37.771554312,Veg Meals,4,Vegetarian,100,400,Monday,Dinner,Regular,7,3,November,2025,11,17,0,0
4405,2025-11-17 16:12:28.949789960,Parotta,4,Vegetarian,60,240,Monday,Breakfast,New,5,1,November,2025,11,17,0,0
4406,2025-11-17 17:57:20.128025608,Veg Biryani,3,Vegetarian,130,390,Monday,Lunch,New,3,0,November,2025,11,17,0,0
4407,2025-11-17 19:42:11.306261256,Fried Rice,1,Vegetarian,120,120,Monday,Breakfast,Regular,1,0,November,2025,11,17,0,0
4408,2025-11-17 21:27:02.484496900,Fried Rice,4,Vegetarian,120,480,Monday,Dinner,Regular,6,2,November,2025,11,17,0,0
4409,2025-11-17 23:11:53.662732548,Dosa,2,Vegetarian,50,100,Monday,Lunch,Regular,4,2,November,2025,11,17,0,0
4410,2025-11-18 00:56:44.840968196,Chicken Noodles,4,Chicken,150,600,Tuesday,Lunch,Regular,7,3,November,2025,11,18,1,0
4411,2025-11-18 02:41:36.019203844,Chicken Fried Rice,5,Chicken,160,800,Tuesday,Lunch,Regular,8,3,November,2025,11,18,1,0
4412,2025-11-18 04:26:27.197439488,Chicken Biryani,1,Chicken,180,180,Tuesday,Dinner,New,4,3,November,2025,11,18,1,0
4413,2025-11-18 06:11:18.375675136,Chicken Noodles,3,Chicken,150,450,Tuesday,Lunch,New,5,2,November,2025,11,18,1,0
4414,2025-11-18 07:56:09.553910784,Chicken Grill,1,Chicken,220,220,Tuesday,Dinner,Regular,4,3,November,2025,11,18,1,0
4415,2025-11-18 09:41:00.732146432,Veg Meals,5,Vegetarian,100,500,Tuesday,Dinner,New,5,0,November,2025,11,18,1,0
4416,2025-11-18 11:25:51.910382080,Fried Rice,5,Vegetarian,120,600,Tuesday,Dinner,New,5,0,November,2025,11,18,1,0
4417,2025-11-18 13:10:43.088617724,Chicken Fried Rice,5,Chicken,160,800,Tuesday,Lunch,New,6,1,November,2025,11,18,1,0
4418,2025-11-18 14:55:34.266853372,Noodles,5,Vegetarian,110,550,Tuesday,Dinner,Regular,8,3,November,2025,11,18,1,0
4419,2025-11-18 16:40:25.445089020,Chicken Noodles,2,Chicken,150,300,Tuesday,Breakfast,Regular,2,0,November,2025,11,18,1,0
4420,2025-11-18 18:25:16.623324668,Chicken 65,3,Chicken,140,420,Tuesday,Lunch,New,3,0,November,2025,11,18,1,0
4421,2025-11-18 20:10:07.801560316,Veg Biryani,5,Vegetarian,130,650,Tuesday,Dinner,New,6,1,November,2025,11,18,1,0
4422,2025-11-18 21:54:58.979795960,Paneer Butter Masala,5,Vegetarian,170,850,Tuesday,Lunch,Regular,5,0,November,2025,11,18,1,0
4423,2025-11-18 23:39:50.158031608,Chicken Noodles,4,Chicken,150,600,Tuesday,Lunch,Regular,5,1,November,2025,11,18,1,0
4424,2025-11-19 01:24:41.336267256,Dosa,3,Vegetarian,50,150,Wednesday,Lunch,Regular,4,1,November,2025,11,19,2,0
4425,2025-11-19 03:09:32.514502904,Parotta,1,Vegetarian,60,60,Wednesday,Dinner,Regular,3,2,November,2025,11,19,2,0
4426,2025-11-19 04:54:23.692738548,Chicken 65,3,Chicken,140,420,Wednesday,Lunch,Regular,3,0,November,2025,11,19,2,0
4427,2025-11-19 06:39:14.870974196,Paneer Butter Masala,3,Vegetarian,170,510,Wednesday,Dinner,New,5,2,November,2025,11,19,2,0
4428,2025-11-19 08:24:06.049209844,Chicken Biryani,3,Chicken,180,540,Wednesday,Dinner,Regular,3,0,November,2025,11,19,2,0
4429,2025-11-19 10:08:57.227445492,Chicken Biryani,5,Chicken,180,900,Wednesday,Dinner,Regular,7,2,November,2025,11,19,2,0
4430,2025-11-19 11:53:48.405681140,Chicken Biryani,5,Chicken,180,900,Wednesday,Lunch,Regular,6,1,November,2025,11,19,2,0
4431,2025-11-19 13:38:39.583916784,Chicken Biryani,2,Chicken,180,360,Wednesday,Dinner,Regular,3,1,November,2025,11,19,2,0
4432,2025-11-19 15:23:30.762152432,Parotta,1,Vegetarian,60,60,Wednesday,Lunch,New,2,1,November,2025,11,19,2,0
4433,2025-11-19 17:08:21.940388080,Chicken Noodles,4,Chicken,150,600,Wednesday,Breakfast,Regular,5,1,November,2025,11,19,2,0
4434,2025-11-19 18:53:13.118623728,Mutton Biryani,3,Mutton,240,720,Wednesday,Breakfast,Regular,3,0,November,2025,11,19,2,0
4435,2025-11-19 20:38:04.296859372,Chicken Noodles,1,Chicken,150,150,Wednesday,Lunch,Regular,4,3,November,2025,11,19,2,0
4436,2025-11-19 22:22:55.475095020,Fried Rice,1,Vegetarian,120,120,Wednesday,Breakfast,Regular,1,0,November,2025,11,19,2,0
4437,2025-11-20 00:07:46.653330668,Chicken Grill,2,Chicken,220,440,Thursday,Breakfast,Regular,4,2,November,2025,11,20,3,0
4438,2025-11-20 01:52:37.831566316,Paneer Butter Masala,4,Vegetarian,170,680,Thursday,Lunch,New,4,0,November,2025,11,20,3,0
4439,2025-11-20 03:37:29.009801964,Veg Meals,3,Vegetarian,100,300,Thursday,Lunch,New,3,0,November,2025,11,20,3,0
4440,2025-11-20 05:22:20.188037608,Paneer Butter Masala,4,Vegetarian,170,680,Thursday,Dinner,Regular,6,2,November,2025,11,20,3,0
4441,2025-11-20 07:07:11.366273256,Veg Biryani,2,Vegetarian,130,260,Thursday,Dinner,New,3,1,November,2025,11,20,3,0
4442,2025-11-20 08:52:02.544508904,Chicken Fried Rice,5,Chicken,160,800,Thursday,Dinner,Regular,7,2,November,2025,11,20,3,0
4443,2025-11-20 10:36:53.722744552,Mutton Biryani,1,Mutton,240,240,Thursday,Lunch,New,3,2,November,2025,11,20,3,0
4444,2025-11-20 12:21:44.900980200,Paneer Butter Masala,3,Vegetarian,170,510,Thursday,Lunch,Regular,6,3,November,2025,11,20,3,0
4445,2025-11-20 14:06:36.079215844,Mutton Biryani,5,Mutton,240,1200,Thursday,Dinner,Regular,8,3,November,2025,11,20,3,0
4446,2025-11-20 15:51:27.257451492,Fried Rice,2,Vegetarian,120,240,Thursday,Breakfast,Regular,3,1,November,2025,11,20,3,0
4447,2025-11-20 17:36:18.435687140,Chicken Noodles,4,Chicken,150,600,Thursday,Dinner,New,6,2,November,2025,11,20,3,0
4448,2025-11-20 19:21:09.613922788,Mutton Biryani,1,Mutton,240,240,Thursday,Breakfast,Regular,3,2,November,2025,11,20,3,0
4449,2025-11-20 21:06:00.792158432,Idli,3,Vegetarian,40,120,Thursday,Dinner,Regular,5,2,November,2025,11,20,3,0
4450,2025-11-20 22:50:51.970394080,Idli,5,Vegetarian,40,200,Thursday,Lunch,Regular,5,0,November,2025,11,20,3,0
4451,2025-11-21 00:35:43.148629728,Veg Meals,5,Vegetarian,100,500,Friday,Lunch,New,8,3,November,2025,11,21,4,0
4452,2025-11-21 02:20:34.326865376,Chicken Grill,1,Chicken,220,220,Friday,Dinner,New,4,3,November,2025,11,21,4,0
4453,2025-11-21 04:05:25.505101024,Noodles,4,Vegetarian,110,440,Friday,Lunch,New,5,1,November,2025,11,21,4,0
4454,2025-11-21 05:50:16.683336668,Chicken Fried Rice,2,Chicken,160,320,Friday,Lunch,New,5,3,November,2025,11,21,4,0
4455,2025-11-21 07:35:07.861572316,Dosa,4,Vegetarian,50,200,Friday,Lunch,Regular,7,3,November,2025,11,21,4,0
4456,2025-11-21 09:19:59.039807964,Parotta,4,Vegetarian,60,240,Friday,Dinner,Regular,5,1,November,2025,11,21,4,0
4457,2025-11-21 11:04:50.218043612,Chicken Noodles,4,Chicken,150,600,Friday,Breakfast,New,6,2,November,2025,11,21,4,0
4458,2025-11-21 12:49:41.396279256,Parotta,1,Vegetarian,60,60,Friday,Breakfast,New,1,0,November,2025,11,21,4,0
4459,2025-11-21 14:34:32.574514904,Veg Meals,1,Vegetarian,100,100,Friday,Lunch,New,2,1,November,2025,11,21,4,0
4460,2025-11-21 16:19:23.752750552,Dosa,2,Vegetarian,50,100,Friday,Breakfast,Regular,5,3,November,2025,11,21,4,0
4461,2025-11-21 18:04:14.930986200,Veg Meals,4,Vegetarian,100,400,Friday,Dinner,Regular,5,1,November,2025,11,21,4,0
4462,2025-11-21 19:49:06.109221848,Chicken Noodles,1,Chicken,150,150,Friday,Lunch,Regular,4,3,November,2025,11,21,4,0
4463,2025-11-21 21:33:57.287457492,Chicken Noodles,2,Chicken,150,300,Friday,Lunch,Regular,4,2,November,2025,11,21,4,0
4464,2025-11-21 23:18:48.465693140,Chicken Fried Rice,2,Chicken,160,320,Friday,Breakfast,Regular,4,2,November,2025,11,21,4,0
4465,2025-11-22 01:03:39.643928788,Parotta,4,Vegetarian,60,240,Saturday,Lunch,Regular,6,2,November,2025,11,22,5,1
4466,2025-11-22 02:48:30.822164436,Idli,3,Vegetarian,40,120,Saturday,Breakfast,New,6,3,November,2025,11,22,5,1
4467,2025-11-22 04:33:22.000400084,Chicken Biryani,4,Chicken,180,720,Saturday,Breakfast,Regular,5,1,November,2025,11,22,5,1
4468,2025-11-22 06:18:13.178635728,Parotta,3,Vegetarian,60,180,Saturday,Breakfast,Regular,6,3,November,2025,11,22,5,1
4469,2025-11-22 08:03:04.356871376,Veg Biryani,2,Vegetarian,130,260,Saturday,Dinner,New,4,2,November,2025,11,22,5,1
4470,2025-11-22 09:47:55.535107024,Veg Meals,1,Vegetarian,100,100,Saturday,Breakfast,New,3,2,November,2025,11,22,5,1
4471,2025-11-22 11:32:46.713342672,Veg Biryani,5,Vegetarian,130,650,Saturday,Dinner,Regular,7,2,November,2025,11,22,5,1
4472,2025-11-22 13:17:37.891578316,Chicken Noodles,2,Chicken,150,300,Saturday,Breakfast,Regular,5,3,November,2025,11,22,5,1
4473,2025-11-22 15:02:29.069813964,Chicken Biryani,1,Chicken,180,180,Saturday,Breakfast,Regular,1,0,November,2025,11,22,5,1
4474,2025-11-22 16:47:20.248049612,Chicken 65,2,Chicken,140,280,Saturday,Lunch,Regular,4,2,November,2025,11,22,5,1
4475,2025-11-22 18:32:11.426285260,Dosa,4,Vegetarian,50,200,Saturday,Lunch,New,5,1,November,2025,11,22,5,1
4476,2025-11-22 20:17:02.604520908,Chicken Grill,3,Chicken,220,660,Saturday,Dinner,New,5,2,November,2025,11,22,5,1
4477,2025-11-22 22:01:53.782756552,Chicken Biryani,2,Chicken,180,360,Saturday,Dinner,New,5,3,November,2025,11,22,5,1
4478,2025-11-22 23:46:44.960992200,Chicken Grill,1,Chicken,220,220,Saturday,Dinner,Regular,2,1,November,2025,11,22,5,1
4479,2025-11-23 01:31:36.139227848,Paneer Butter Masala,4,Vegetarian,170,680,Sunday,Dinner,Regular,7,3,November,2025,11,23,6,1
4480,2025-11-23 03:16:27.317463496,Parotta,5,Vegetarian,60,300,Sunday,Lunch,Regular,5,0,November,2025,11,23,6,1
4481,2025-11-23 05:01:18.495699140,Parotta,4,Vegetarian,60,240,Sunday,Lunch,New,4,0,November,2025,11,23,6,1
4482,2025-11-23 06:46:09.673934788,Chicken Grill,3,Chicken,220,660,Sunday,Dinner,Regular,6,3,November,2025,11,23,6,1
4483,2025-11-23 08:31:00.852170436,Noodles,4,Vegetarian,110,440,Sunday,Dinner,Regular,6,2,November,2025,11,23,6,1
4484,2025-11-23 10:15:52.030406084,Dosa,5,Vegetarian,50,250,Sunday,Lunch,Regular,6,1,November,2025,11,23,6,1
4485,2025-11-23 12:00:43.208641732,Chicken Biryani,1,Chicken,180,180,Sunday,Lunch,Regular,3,2,November,2025,11,23,6,1
4486,2025-11-23 13:45:34.386877376,Chicken 65,2,Chicken,140,280,Sunday,Breakfast,Regular,5,3,November,2025,11,23,6,1
4487,2025-11-23 15:30:25.565113024,Chicken Noodles,3,Chicken,150,450,Sunday,Dinner,Regular,6,3,November,2025,11,23,6,1
4488,2025-11-23 17:15:16.743348672,Chicken Fried Rice,5,Chicken,160,800,Sunday,Lunch,New,7,2,November,2025,11,23,6,1
4489,2025-11-23 19:00:07.921584320,Parotta,3,Vegetarian,60,180,Sunday,Lunch,New,4,1,November,2025,11,23,6,1
4490,2025-11-23 20:44:59.099819968,Veg Biryani,4,Vegetarian,130,520,Sunday,Breakfast,New,5,1,November,2025,11,23,6,1
4491,2025-11-23 22:29:50.278055612,Dosa,3,Vegetarian,50,150,Sunday,Dinner,Regular,4,1,November,2025,11,23,6,1
4492,2025-11-24 00:14:41.456291260,Chicken Fried Rice,5,Chicken,160,800,Monday,Breakfast,Regular,6,1,November,2025,11,24,0,0
4493,2025-11-24 01:59:32.634526908,Veg Meals,2,Vegetarian,100,200,Monday,Dinner,New,3,1,November,2025,11,24,0,0
4494,2025-11-24 03:44:23.812762556,Veg Meals,2,Vegetarian,100,200,Monday,Breakfast,Regular,2,0,November,2025,11,24,0,0
4495,2025-11-24 05:29:14.990998200,Chicken 65,3,Chicken,140,420,Monday,Dinner,Regular,3,0,November,2025,11,24,0,0
4496,2025-11-24 07:14:06.169233848,Veg Meals,1,Vegetarian,100,100,Monday,Dinner,Regular,4,3,November,2025,11,24,0,0
4497,2025-11-24 08:58:57.347469496,Mutton Biryani,3,Mutton,240,720,Monday,Breakfast,Regular,3,0,November,2025,11,24,0,0
4498,2025-11-24 10:43:48.525705144,Fried Rice,4,Vegetarian,120,480,Monday,Lunch,Regular,5,1,November,2025,11,24,0,0
4499,2025-11-24 12:28:39.703940792,Chicken Noodles,2,Chicken,150,300,Monday,Lunch,New,3,1,November,2025,11,24,0,0
4500,2025-11-24 14:13:30.882176436,Parotta,2,Vegetarian,60,120,Monday,Breakfast,New,3,1,November,2025,11,24,0,0
4501,2025-11-24 15:58:22.060412084,Chicken Noodles,2,Chicken,150,300,Monday,Dinner,Regular,5,3,November,2025,11,24,0,0
4502,2025-11-24 17:43:13.238647732,Veg Meals,1,Vegetarian,100,100,Monday,Lunch,Regular,4,3,November,2025,11,24,0,0
4503,2025-11-24 19:28:04.416883380,Noodles,1,Vegetarian,110,110,Monday,Lunch,New,3,2,November,2025,11,24,0,0
4504,2025-11-24 21:12:55.595119024,Paneer Butter Masala,5,Vegetarian,170,850,Monday,Breakfast,Regular,5,0,November,2025,11,24,0,0
4505,2025-11-24 22:57:46.773354672,Paneer Butter Masala,3,Vegetarian,170,510,Monday,Lunch,Regular,3,0,November,2025,11,24,0,0
4506,2025-11-25 00:42:37.951590320,Chicken Fried Rice,3,Chicken,160,480,Tuesday,Dinner,Regular,5,2,November,2025,11,25,1,0
4507,2025-11-25 02:27:29.129825968,Paneer Butter Masala,4,Vegetarian,170,680,Tuesday,Lunch,New,6,2,November,2025,11,25,1,0
4508,2025-11-25 04:12:20.308061616,Paneer Butter Masala,2,Vegetarian,170,340,Tuesday,Dinner,Regular,2,0,November,2025,11,25,1,0
4509,2025-11-25 05:57:11.486297260,Chicken Noodles,1,Chicken,150,150,Tuesday,Dinner,Regular,2,1,November,2025,11,25,1,0
4510,2025-11-25 07:42:02.664532908,Fried Rice,4,Vegetarian,120,480,Tuesday,Breakfast,New,4,0,November,2025,11,25,1,0
4511,2025-11-25 09:26:53.842768556,Mutton Biryani,4,Mutton,240,960,Tuesday,Breakfast,Regular,5,1,November,2025,11,25,1,0
4512,2025-11-25 11:11:45.021004204,Chicken Fried Rice,1,Chicken,160,160,Tuesday,Dinner,New,4,3,November,2025,11,25,1,0
4513,2025-11-25 12:56:36.199239852,Parotta,3,Vegetarian,60,180,Tuesday,Lunch,New,3,0,November,2025,11,25,1,0
4514,2025-11-25 14:41:27.377475496,Chicken Biryani,2,Chicken,180,360,Tuesday,Breakfast,Regular,2,0,November,2025,11,25,1,0
4515,2025-11-25 16:26:18.555711144,Veg Biryani,3,Vegetarian,130,390,Tuesday,Lunch,New,6,3,November,2025,11,25,1,0
4516,2025-11-25 18:11:09.733946792,Chicken Fried Rice,4,Chicken,160,640,Tuesday,Lunch,Regular,7,3,November,2025,11,25,1,0
4517,2025-11-25 19:56:00.912182440,Idli,2,Vegetarian,40,80,Tuesday,Dinner,Regular,5,3,November,2025,11,25,1,0
4518,2025-11-25 21:40:52.090418084,Noodles,5,Vegetarian,110,550,Tuesday,Breakfast,Regular,8,3,November,2025,11,25,1,0
4519,2025-11-25 23:25:43.268653732,Mutton Biryani,4,Mutton,240,960,Tuesday,Breakfast,New,7,3,November,2025,11,25,1,0
4520,2025-11-26 01:10:34.446889380,Noodles,3,Vegetarian,110,330,Wednesday,Dinner,Regular,5,2,November,2025,11,26,2,0
4521,2025-11-26 02:55:25.625125028,Chicken Fried Rice,3,Chicken,160,480,Wednesday,Dinner,New,5,2,November,2025,11,26,2,0
4522,2025-11-26 04:40:16.803360676,Chicken Fried Rice,3,Chicken,160,480,Wednesday,Lunch,Regular,6,3,November,2025,11,26,2,0
4523,2025-11-26 06:25:07.981596320,Idli,1,Vegetarian,40,40,Wednesday,Dinner,Regular,4,3,November,2025,11,26,2,0
4524,2025-11-26 08:09:59.159831968,Paneer Butter Masala,4,Vegetarian,170,680,Wednesday,Lunch,New,7,3,November,2025,11,26,2,0
4525,2025-11-26 09:54:50.338067616,Parotta,2,Vegetarian,60,120,Wednesday,Dinner,Regular,5,3,November,2025,11,26,2,0
4526,2025-11-26 11:39:41.516303264,Noodles,3,Vegetarian,110,330,Wednesday,Lunch,Regular,4,1,November,2025,11,26,2,0
4527,2025-11-26 13:24:32.694538908,Chicken Fried Rice,3,Chicken,160,480,Wednesday,Lunch,New,4,1,November,2025,11,26,2,0
4528,2025-11-26 15:09:23.872774556,Veg Biryani,1,Vegetarian,130,130,Wednesday,Dinner,Regular,4,3,November,2025,11,26,2,0
4529,2025-11-26 16:54:15.051010204,Chicken Noodles,2,Chicken,150,300,Wednesday,Lunch,Regular,5,3,November,2025,11,26,2,0
4530,2025-11-26 18:39:06.229245852,Parotta,4,Vegetarian,60,240,Wednesday,Dinner,New,4,0,November,2025,11,26,2,0
4531,2025-11-26 20:23:57.407481500,Veg Biryani,5,Vegetarian,130,650,Wednesday,Lunch,Regular,8,3,November,2025,11,26,2,0
4532,2025-11-26 22:08:48.585717144,Veg Meals,1,Vegetarian,100,100,Wednesday,Dinner,New,4,3,November,2025,11,26,2,0
4533,2025-11-26 23:53:39.763952792,Parotta,4,Vegetarian,60,240,Wednesday,Dinner,Regular,6,2,November,2025,11,26,2,0
4534,2025-11-27 01:38:30.942188440,Veg Meals,5,Vegetarian,100,500,Thursday,Lunch,Regular,6,1,November,2025,11,27,3,0
4535,2025-11-27 03:23:22.120424088,Veg Biryani,3,Vegetarian,130,390,Thursday,Dinner,Regular,6,3,November,2025,11,27,3,0
4536,2025-11-27 05:08:13.298659736,Fried Rice,3,Vegetarian,120,360,Thursday,Lunch,Regular,4,1,November,2025,11,27,3,0
4537,2025-11-27 06:53:04.476895380,Mutton Biryani,2,Mutton,240,480,Thursday,Dinner,New,3,1,November,2025,11,27,3,0
4538,2025-11-27 08:37:55.655131028,Paneer Butter Masala,5,Vegetarian,170,850,Thursday,Lunch,New,5,0,November,2025,11,27,3,0
4539,2025-11-27 10:22:46.833366676,Veg Biryani,3,Vegetarian,130,390,Thursday,Dinner,New,4,1,November,2025,11,27,3,0
4540,2025-11-27 12:07:38.011602324,Chicken Grill,3,Chicken,220,660,Thursday,Lunch,Regular,4,1,November,2025,11,27,3,0
4541,2025-11-27 13:52:29.189837968,Veg Biryani,2,Vegetarian,130,260,Thursday,Lunch,Regular,5,3,November,2025,11,27,3,0
4542,2025-11-27 15:37:20.368073616,Chicken Biryani,4,Chicken,180,720,Thursday,Breakfast,Regular,6,2,November,2025,11,27,3,0
4543,2025-11-27 17:22:11.546309264,Chicken Biryani,3,Chicken,180,540,Thursday,Lunch,New,6,3,November,2025,11,27,3,0
4544,2025-11-27 19:07:02.724544912,Dosa,1,Vegetarian,50,50,Thursday,Dinner,Regular,4,3,November,2025,11,27,3,0
4545,2025-11-27 20:51:53.902780560,Veg Meals,1,Vegetarian,100,100,Thursday,Dinner,Regular,3,2,November,2025,11,27,3,0
4546,2025-11-27 22:36:45.081016204,Chicken Grill,4,Chicken,220,880,Thursday,Dinner,Regular,6,2,November,2025,11,27,3,0
4547,2025-11-28 00:21:36.259251852,Paneer Butter Masala,5,Vegetarian,170,850,Friday,Lunch,Regular,5,0,November,2025,11,28,4,0
4548,2025-11-28 02:06:27.437487500,Chicken Grill,2,Chicken,220,440,Friday,Lunch,New,4,2,November,2025,11,28,4,0
4549,2025-11-28 03:51:18.615723148,Chicken Noodles,1,Chicken,150,150,Friday,Breakfast,New,4,3,November,2025,11,28,4,0
4550,2025-11-28 05:36:09.793958792,Chicken Grill,1,Chicken,220,220,Friday,Dinner,Regular,3,2,November,2025,11,28,4,0
4551,2025-11-28 07:21:00.972194440,Chicken Noodles,4,Chicken,150,600,Friday,Dinner,New,6,2,November,2025,11,28,4,0
4552,2025-11-28 09:05:52.150430088,Dosa,5,Vegetarian,50,250,Friday,Lunch,New,7,2,November,2025,11,28,4,0
4553,2025-11-28 10:50:43.328665736,Dosa,5,Vegetarian,50,250,Friday,Breakfast,New,6,1,November,2025,11,28,4,0
4554,2025-11-28 12:35:34.506901384,Mutton Biryani,4,Mutton,240,960,Friday,Breakfast,New,4,0,November,2025,11,28,4,0
4555,2025-11-28 14:20:25.685137028,Chicken Biryani,1,Chicken,180,180,Friday,Dinner,Regular,2,1,November,2025,11,28,4,0
4556,2025-11-28 16:05:16.863372676,Veg Biryani,2,Vegetarian,130,260,Friday,Dinner,New,3,1,November,2025,11,28,4,0
4557,2025-11-28 17:50:08.041608324,Veg Biryani,1,Vegetarian,130,130,Friday,Dinner,Regular,1,0,November,2025,11,28,4,0
4558,2025-11-28 19:34:59.219843972,Veg Meals,5,Vegetarian,100,500,Friday,Lunch,Regular,6,1,November,2025,11,28,4,0
4559,2025-11-28 21:19:50.398079620,Idli,1,Vegetarian,40,40,Friday,Dinner,Regular,3,2,November,2025,11,28,4,0
4560,2025-11-28 23:04:41.576315264,Idli,2,Vegetarian,40,80,Friday,Dinner,Regular,2,0,November,2025,11,28,4,0
4561,2025-11-29 00:49:32.754550912,Chicken 65,3,Chicken,140,420,Saturday,Lunch,New,4,1,November,2025,11,29,5,1
4562,2025-11-29 02:34:23.932786560,Parotta,1,Vegetarian,60,60,Saturday,Lunch,Regular,4,3,November,2025,11,29,5,1
4563,2025-11-29 04:19:15.111022208,Mutton Biryani,4,Mutton,240,960,Saturday,Breakfast,Regular,5,1,November,2025,11,29,5,1
4564,2025-11-29 06:04:06.289257852,Chicken 65,3,Chicken,140,420,Saturday,Lunch,Regular,6,3,November,2025,11,29,5,1
4565,2025-11-29 07:48:57.467493500,Chicken 65,4,Chicken,140,560,Saturday,Dinner,Regular,6,2,November,2025,11,29,5,1
4566,2025-11-29 09:33:48.645729148,Chicken Fried Rice,4,Chicken,160,640,Saturday,Lunch,Regular,7,3,November,2025,11,29,5,1
4567,2025-11-29 11:18:39.823964796,Veg Meals,4,Vegetarian,100,400,Saturday,Dinner,Regular,5,1,November,2025,11,29,5,1
4568,2025-11-29 13:03:31.002200444,Chicken Fried Rice,1,Chicken,160,160,Saturday,Lunch,Regular,2,1,November,2025,11,29,5,1
4569,2025-11-29 14:48:22.180436088,Noodles,5,Vegetarian,110,550,Saturday,Breakfast,New,6,1,November,2025,11,29,5,1
4570,2025-11-29 16:33:13.358671736,Veg Meals,3,Vegetarian,100,300,Saturday,Lunch,New,3,0,November,2025,11,29,5,1
4571,2025-11-29 18:18:04.536907384,Chicken 65,2,Chicken,140,280,Saturday,Lunch,Regular,2,0,November,2025,11,29,5,1
4572,2025-11-29 20:02:55.715143032,Chicken Grill,5,Chicken,220,1100,Saturday,Lunch,Regular,6,1,November,2025,11,29,5,1
4573,2025-11-29 21:47:46.893378676,Parotta,1,Vegetarian,60,60,Saturday,Breakfast,New,2,1,November,2025,11,29,5,1
4574,2025-11-29 23:32:38.071614324,Mutton Biryani,4,Mutton,240,960,Saturday,Lunch,Regular,6,2,November,2025,11,29,5,1
4575,2025-11-30 01:17:29.249849972,Veg Meals,2,Vegetarian,100,200,Sunday,Breakfast,Regular,2,0,November,2025,11,30,6,1
4576,2025-11-30 03:02:20.428085620,Chicken 65,3,Chicken,140,420,Sunday,Breakfast,Regular,3,0,November,2025,11,30,6,1
4577,2025-11-30 04:47:11.606321268,Paneer Butter Masala,5,Vegetarian,170,850,Sunday,Lunch,Regular,5,0,November,2025,11,30,6,1
4578,2025-11-30 06:32:02.784556912,Fried Rice,5,Vegetarian,120,600,Sunday,Lunch,Regular,8,3,November,2025,11,30,6,1
4579,2025-11-30 08:16:53.962792560,Veg Biryani,2,Vegetarian,130,260,Sunday,Dinner,Regular,3,1,November,2025,11,30,6,1
4580,2025-11-30 10:01:45.141028208,Parotta,1,Vegetarian,60,60,Sunday,Lunch,Regular,3,2,November,2025,11,30,6,1
4581,2025-11-30 11:46:36.319263856,Chicken Fried Rice,3,Chicken,160,480,Sunday,Dinner,Regular,5,2,November,2025,11,30,6,1
4582,2025-11-30 13:31:27.497499500,Noodles,2,Vegetarian,110,220,Sunday,Lunch,New,3,1,November,2025,11,30,6,1
4583,2025-11-30 15:16:18.675735148,Veg Biryani,4,Vegetarian,130,520,Sunday,Dinner,Regular,5,1,November,2025,11,30,6,1
4584,2025-11-30 17:01:09.853970796,Veg Meals,3,Vegetarian,100,300,Sunday,Lunch,New,5,2,November,2025,11,30,6,1
4585,2025-11-30 18:46:01.032206444,Chicken Fried Rice,5,Chicken,160,800,Sunday,Dinner,New,8,3,November,2025,11,30,6,1
4586,2025-11-30 20:30:52.210442092,Chicken Fried Rice,2,Chicken,160,320,Sunday,Lunch,Regular,4,2,November,2025,11,30,6,1
4587,2025-11-30 22:15:43.388677736,Parotta,5,Vegetarian,60,300,Sunday,Dinner,Regular,8,3,November,2025,11,30,6,1
4588,2025-12-01 00:00:34.566913384,Chicken Fried Rice,5,Chicken,160,800,Monday,Lunch,Regular,8,3,December,2025,12,1,0,0
4589,2025-12-01 01:45:25.745149032,Fried Rice,5,Vegetarian,120,600,Monday,Breakfast,New,5,0,December,2025,12,1,0,0
4590,2025-12-01 03:30:16.923384680,Dosa,1,Vegetarian,50,50,Monday,Dinner,Regular,2,1,December,2025,12,1,0,0
4591,2025-12-01 05:15:08.101620328,Noodles,5,Vegetarian,110,550,Monday,Breakfast,Regular,5,0,December,2025,12,1,0,0
4592,2025-12-01 06:59:59.279855972,Chicken Biryani,4,Chicken,180,720,Monday,Lunch,Regular,7,3,December,2025,12,1,0,0
4593,2025-12-01 08:44:50.458091620,Dosa,4,Vegetarian,50,200,Monday,Breakfast,New,6,2,December,2025,12,1,0,0
4594,2025-12-01 10:29:41.636327268,Chicken Biryani,3,Chicken,180,540,Monday,Dinner,Regular,3,0,December,2025,12,1,0,0
4595,2025-12-01 12:14:32.814562916,Idli,5,Vegetarian,40,200,Monday,Dinner,Regular,7,2,December,2025,12,1,0,0
4596,2025-12-01 13:59:23.992798560,Paneer Butter Masala,5,Vegetarian,170,850,Monday,Lunch,New,8,3,December,2025,12,1,0,0
4597,2025-12-01 15:44:15.171034208,Idli,2,Vegetarian,40,80,Monday,Dinner,New,4,2,December,2025,12,1,0,0
4598,2025-12-01 17:29:06.349269856,Chicken Fried Rice,1,Chicken,160,160,Monday,Lunch,Regular,1,0,December,2025,12,1,0,0
4599,2025-12-01 19:13:57.527505504,Mutton Biryani,3,Mutton,240,720,Monday,Lunch,Regular,6,3,December,2025,12,1,0,0
4600,2025-12-01 20:58:48.705741152,Mutton Biryani,5,Mutton,240,1200,Monday,Dinner,Regular,6,1,December,2025,12,1,0,0
4601,2025-12-01 22:43:39.883976796,Chicken Biryani,2,Chicken,180,360,Monday,Dinner,Regular,2,0,December,2025,12,1,0,0
4602,2025-12-02 00:28:31.062212444,Veg Biryani,1,Vegetarian,130,130,Tuesday,Dinner,Regular,1,0,December,2025,12,2,1,0
4603,2025-12-02 02:13:22.240448092,Parotta,3,Vegetarian,60,180,Tuesday,Lunch,Regular,4,1,December,2025,12,2,1,0
4604,2025-12-02 03:58:13.418683740,Chicken Fried Rice,3,Chicken,160,480,Tuesday,Lunch,New,6,3,December,2025,12,2,1,0
4605,2025-12-02 05:43:04.596919384,Parotta,5,Vegetarian,60,300,Tuesday,Lunch,New,6,1,December,2025,12,2,1,0
4606,2025-12-02 07:27:55.775155032,Dosa,3,Vegetarian,50,150,Tuesday,Lunch,Regular,3,0,December,2025,12,2,1,0
4607,2025-12-02 09:12:46.953390680,Mutton Biryani,2,Mutton,240,480,Tuesday,Lunch,New,5,3,December,2025,12,2,1,0
4608,2025-12-02 10:57:38.131626328,Chicken Grill,3,Chicken,220,660,Tuesday,Dinner,Regular,5,2,December,2025,12,2,1,0
4609,2025-12-02 12:42:29.309861976,Noodles,4,Vegetarian,110,440,Tuesday,Dinner,Regular,4,0,December,2025,12,2,1,0
4610,2025-12-02 14:27:20.488097620,Dosa,2,Vegetarian,50,100,Tuesday,Lunch,Regular,4,2,December,2025,12,2,1,0
4611,2025-12-02 16:12:11.666333268,Paneer Butter Masala,1,Vegetarian,170,170,Tuesday,Breakfast,Regular,2,1,December,2025,12,2,1,0
4612,2025-12-02 17:57:02.844568916,Noodles,1,Vegetarian,110,110,Tuesday,Dinner,Regular,4,3,December,2025,12,2,1,0
4613,2025-12-02 19:41:54.022804564,Fried Rice,5,Vegetarian,120,600,Tuesday,Breakfast,Regular,6,1,December,2025,12,2,1,0
4614,2025-12-02 21:26:45.201040212,Dosa,5,Vegetarian,50,250,Tuesday,Dinner,New,7,2,December,2025,12,2,1,0
4615,2025-12-02 23:11:36.379275856,Chicken Biryani,4,Chicken,180,720,Tuesday,Breakfast,New,4,0,December,2025,12,2,1,0
4616,2025-12-03 00:56:27.557511504,Fried Rice,1,Vegetarian,120,120,Wednesday,Lunch,Regular,4,3,December,2025,12,3,2,0
4617,2025-12-03 02:41:18.735747152,Chicken Noodles,1,Chicken,150,150,Wednesday,Dinner,New,2,1,December,2025,12,3,2,0
4618,2025-12-03 04:26:09.913982800,Dosa,1,Vegetarian,50,50,Wednesday,Breakfast,Regular,3,2,December,2025,12,3,2,0
4619,2025-12-03 06:11:01.092218444,Fried Rice,1,Vegetarian,120,120,Wednesday,Lunch,Regular,3,2,December,2025,12,3,2,0
4620,2025-12-03 07:55:52.270454092,Chicken Fried Rice,3,Chicken,160,480,Wednesday,Lunch,Regular,3,0,December,2025,12,3,2,0
4621,2025-12-03 09:40:43.448689740,Noodles,2,Vegetarian,110,220,Wednesday,Dinner,New,4,2,December,2025,12,3,2,0
4622,2025-12-03 11:25:34.626925388,Chicken 65,2,Chicken,140,280,Wednesday,Dinner,Regular,5,3,December,2025,12,3,2,0
4623,2025-12-03 13:10:25.805161036,Chicken 65,4,Chicken,140,560,Wednesday,Lunch,New,6,2,December,2025,12,3,2,0
4624,2025-12-03 14:55:16.983396680,Chicken Fried Rice,3,Chicken,160,480,Wednesday,Breakfast,Regular,3,0,December,2025,12,3,2,0
4625,2025-12-03 16:40:08.161632328,Chicken Noodles,1,Chicken,150,150,Wednesday,Dinner,New,2,1,December,2025,12,3,2,0
4626,2025-12-03 18:24:59.339867976,Paneer Butter Masala,1,Vegetarian,170,170,Wednesday,Lunch,Regular,4,3,December,2025,12,3,2,0
4627,2025-12-03 20:09:50.518103624,Chicken Noodles,5,Chicken,150,750,Wednesday,Dinner,New,6,1,December,2025,12,3,2,0
4628,2025-12-03 21:54:41.696339268,Chicken Biryani,5,Chicken,180,900,Wednesday,Breakfast,New,6,1,December,2025,12,3,2,0
4629,2025-12-03 23:39:32.874574916,Mutton Biryani,4,Mutton,240,960,Wednesday,Breakfast,Regular,6,2,December,2025,12,3,2,0
4630,2025-12-04 01:24:24.052810564,Parotta,1,Vegetarian,60,60,Thursday,Dinner,New,3,2,December,2025,12,4,3,0
4631,2025-12-04 03:09:15.231046212,Noodles,4,Vegetarian,110,440,Thursday,Lunch,Regular,4,0,December,2025,12,4,3,0
4632,2025-12-04 04:54:06.409281860,Chicken Noodles,3,Chicken,150,450,Thursday,Dinner,New,5,2,December,2025,12,4,3,0
4633,2025-12-04 06:38:57.587517504,Chicken Grill,2,Chicken,220,440,Thursday,Breakfast,New,4,2,December,2025,12,4,3,0
4634,2025-12-04 08:23:48.765753152,Chicken Biryani,1,Chicken,180,180,Thursday,Lunch,Regular,2,1,December,2025,12,4,3,0
4635,2025-12-04 10:08:39.943988800,Idli,3,Vegetarian,40,120,Thursday,Dinner,New,6,3,December,2025,12,4,3,0
4636,2025-12-04 11:53:31.122224448,Veg Biryani,1,Vegetarian,130,130,Thursday,Lunch,Regular,3,2,December,2025,12,4,3,0
4637,2025-12-04 13:38:22.300460096,Idli,5,Vegetarian,40,200,Thursday,Dinner,Regular,8,3,December,2025,12,4,3,0
4638,2025-12-04 15:23:13.478695740,Paneer Butter Masala,4,Vegetarian,170,680,Thursday,Breakfast,New,6,2,December,2025,12,4,3,0
4639,2025-12-04 17:08:04.656931388,Chicken Biryani,5,Chicken,180,900,Thursday,Dinner,New,7,2,December,2025,12,4,3,0
4640,2025-12-04 18:52:55.835167036,Noodles,2,Vegetarian,110,220,Thursday,Dinner,New,2,0,December,2025,12,4,3,0
4641,2025-12-04 20:37:47.013402684,Fried Rice,5,Vegetarian,120,600,Thursday,Lunch,Regular,7,2,December,2025,12,4,3,0
4642,2025-12-04 22:22:38.191638328,Dosa,1,Vegetarian,50,50,Thursday,Dinner,Regular,1,0,December,2025,12,4,3,0
4643,2025-12-05 00:07:29.369873976,Parotta,5,Vegetarian,60,300,Friday,Dinner,Regular,6,1,December,2025,12,5,4,0
4644,2025-12-05 01:52:20.548109624,Veg Biryani,1,Vegetarian,130,130,Friday,Lunch,Regular,4,3,December,2025,12,5,4,0
4645,2025-12-05 03:37:11.726345272,Idli,2,Vegetarian,40,80,Friday,Lunch,New,4,2,December,2025,12,5,4,0
4646,2025-12-05 05:22:02.904580920,Veg Biryani,5,Vegetarian,130,650,Friday,Lunch,Regular,5,0,December,2025,12,5,4,0
4647,2025-12-05 07:06:54.082816564,Chicken Grill,4,Chicken,220,880,Friday,Breakfast,Regular,5,1,December,2025,12,5,4,0
4648,2025-12-05 08:51:45.261052212,Chicken Grill,4,Chicken,220,880,Friday,Lunch,Regular,6,2,December,2025,12,5,4,0
4649,2025-12-05 10:36:36.439287860,Fried Rice,4,Vegetarian,120,480,Friday,Lunch,Regular,4,0,December,2025,12,5,4,0
4650,2025-12-05 12:21:27.617523508,Paneer Butter Masala,5,Vegetarian,170,850,Friday,Lunch,Regular,5,0,December,2025,12,5,4,0
4651,2025-12-05 14:06:18.795759152,Chicken Grill,5,Chicken,220,1100,Friday,Dinner,Regular,6,1,December,2025,12,5,4,0
4652,2025-12-05 15:51:09.973994800,Chicken Biryani,5,Chicken,180,900,Friday,Lunch,New,7,2,December,2025,12,5,4,0
4653,2025-12-05 17:36:01.152230448,Parotta,1,Vegetarian,60,60,Friday,Dinner,New,3,2,December,2025,12,5,4,0
4654,2025-12-05 19:20:52.330466096,Noodles,2,Vegetarian,110,220,Friday,Lunch,New,5,3,December,2025,12,5,4,0
4655,2025-12-05 21:05:43.508701744,Fried Rice,4,Vegetarian,120,480,Friday,Lunch,Regular,6,2,December,2025,12,5,4,0
4656,2025-12-05 22:50:34.686937388,Chicken Biryani,1,Chicken,180,180,Friday,Dinner,New,1,0,December,2025,12,5,4,0
4657,2025-12-06 00:35:25.865173036,Chicken 65,4,Chicken,140,560,Saturday,Lunch,New,7,3,December,2025,12,6,5,1
4658,2025-12-06 02:20:17.043408684,Dosa,1,Vegetarian,50,50,Saturday,Lunch,Regular,4,3,December,2025,12,6,5,1
4659,2025-12-06 04:05:08.221644332,Veg Meals,5,Vegetarian,100,500,Saturday,Breakfast,New,7,2,December,2025,12,6,5,1
4660,2025-12-06 05:49:59.399879980,Dosa,4,Vegetarian,50,200,Saturday,Lunch,New,7,3,December,2025,12,6,5,1
4661,2025-12-06 07:34:50.578115624,Chicken Grill,5,Chicken,220,1100,Saturday,Lunch,New,5,0,December,2025,12,6,5,1
4662,2025-12-06 09:19:41.756351272,Chicken 65,4,Chicken,140,560,Saturday,Dinner,Regular,4,0,December,2025,12,6,5,1
4663,2025-12-06 11:04:32.934586920,Chicken Noodles,3,Chicken,150,450,Saturday,Lunch,New,4,1,December,2025,12,6,5,1
4664,2025-12-06 12:49:24.112822568,Chicken Noodles,1,Chicken,150,150,Saturday,Dinner,Regular,1,0,December,2025,12,6,5,1
4665,2025-12-06 14:34:15.291058212,Noodles,3,Vegetarian,110,330,Saturday,Dinner,Regular,4,1,December,2025,12,6,5,1
4666,2025-12-06 16:19:06.469293860,Chicken Grill,1,Chicken,220,220,Saturday,Lunch,Regular,4,3,December,2025,12,6,5,1
4667,2025-12-06 18:03:57.647529508,Idli,2,Vegetarian,40,80,Saturday,Lunch,New,3,1,December,2025,12,6,5,1
4668,2025-12-06 19:48:48.825765156,Chicken Biryani,4,Chicken,180,720,Saturday,Dinner,Regular,6,2,December,2025,12,6,5,1
4669,2025-12-06 21:33:40.004000804,Chicken Grill,2,Chicken,220,440,Saturday,Dinner,Regular,3,1,December,2025,12,6,5,1
4670,2025-12-06 23:18:31.182236448,Mutton Biryani,2,Mutton,240,480,Saturday,Breakfast,Regular,4,2,December,2025,12,6,5,1
4671,2025-12-07 01:03:22.360472096,Veg Biryani,1,Vegetarian,130,130,Sunday,Lunch,New,4,3,December,2025,12,7,6,1
4672,2025-12-07 02:48:13.538707744,Noodles,3,Vegetarian,110,330,Sunday,Lunch,New,4,1,December,2025,12,7,6,1
4673,2025-12-07 04:33:04.716943392,Dosa,5,Vegetarian,50,250,Sunday,Breakfast,Regular,5,0,December,2025,12,7,6,1
4674,2025-12-07 06:17:55.895179036,Chicken Noodles,1,Chicken,150,150,Sunday,Lunch,Regular,3,2,December,2025,12,7,6,1
4675,2025-12-07 08:02:47.073414684,Chicken Fried Rice,5,Chicken,160,800,Sunday,Dinner,Regular,8,3,December,2025,12,7,6,1
4676,2025-12-07 09:47:38.251650332,Veg Meals,2,Vegetarian,100,200,Sunday,Lunch,Regular,2,0,December,2025,12,7,6,1
4677,2025-12-07 11:32:29.429885980,Chicken Noodles,5,Chicken,150,750,Sunday,Dinner,Regular,7,2,December,2025,12,7,6,1
4678,2025-12-07 13:17:20.608121628,Noodles,3,Vegetarian,110,330,Sunday,Dinner,Regular,6,3,December,2025,12,7,6,1
4679,2025-12-07 15:02:11.786357272,Dosa,1,Vegetarian,50,50,Sunday,Lunch,Regular,4,3,December,2025,12,7,6,1
4680,2025-12-07 16:47:02.964592920,Noodles,3,Vegetarian,110,330,Sunday,Breakfast,Regular,3,0,December,2025,12,7,6,1
4681,2025-12-07 18:31:54.142828568,Veg Biryani,3,Vegetarian,130,390,Sunday,Dinner,Regular,6,3,December,2025,12,7,6,1
4682,2025-12-07 20:16:45.321064216,Dosa,1,Vegetarian,50,50,Sunday,Dinner,New,2,1,December,2025,12,7,6,1
4683,2025-12-07 22:01:36.499299864,Paneer Butter Masala,3,Vegetarian,170,510,Sunday,Dinner,New,6,3,December,2025,12,7,6,1
4684,2025-12-07 23:46:27.677535508,Chicken Fried Rice,4,Chicken,160,640,Sunday,Breakfast,Regular,6,2,December,2025,12,7,6,1
4685,2025-12-08 01:31:18.855771156,Chicken Grill,4,Chicken,220,880,Monday,Lunch,Regular,6,2,December,2025,12,8,0,0
4686,2025-12-08 03:16:10.034006804,Paneer Butter Masala,4,Vegetarian,170,680,Monday,Breakfast,Regular,6,2,December,2025,12,8,0,0
4687,2025-12-08 05:01:01.212242452,Chicken 65,5,Chicken,140,700,Monday,Lunch,Regular,6,1,December,2025,12,8,0,0
4688,2025-12-08 06:45:52.390478096,Chicken Fried Rice,3,Chicken,160,480,Monday,Dinner,Regular,3,0,December,2025,12,8,0,0
4689,2025-12-08 08:30:43.568713744,Dosa,1,Vegetarian,50,50,Monday,Breakfast,Regular,2,1,December,2025,12,8,0,0
4690,2025-12-08 10:15:34.746949392,Dosa,1,Vegetarian,50,50,Monday,Dinner,Regular,2,1,December,2025,12,8,0,0
4691,2025-12-08 12:00:25.925185040,Mutton Biryani,5,Mutton,240,1200,Monday,Lunch,New,6,1,December,2025,12,8,0,0
4692,2025-12-08 13:45:17.103420688,Fried Rice,1,Vegetarian,120,120,Monday,Dinner,Regular,4,3,December,2025,12,8,0,0
4693,2025-12-08 15:30:08.281656332,Mutton Biryani,4,Mutton,240,960,Monday,Dinner,Regular,4,0,December,2025,12,8,0,0
4694,2025-12-08 17:14:59.459891980,Parotta,3,Vegetarian,60,180,Monday,Breakfast,Regular,6,3,December,2025,12,8,0,0
4695,2025-12-08 18:59:50.638127628,Mutton Biryani,1,Mutton,240,240,Monday,Dinner,New,2,1,December,2025,12,8,0,0
4696,2025-12-08 20:44:41.816363276,Chicken Biryani,1,Chicken,180,180,Monday,Breakfast,New,3,2,December,2025,12,8,0,0
4697,2025-12-08 22:29:32.994598920,Chicken 65,2,Chicken,140,280,Monday,Lunch,Regular,3,1,December,2025,12,8,0,0
4698,2025-12-09 00:14:24.172834568,Paneer Butter Masala,2,Vegetarian,170,340,Tuesday,Dinner,Regular,2,0,December,2025,12,9,1,0
4699,2025-12-09 01:59:15.351070216,Veg Biryani,2,Vegetarian,130,260,Tuesday,Dinner,Regular,4,2,December,2025,12,9,1,0
4700,2025-12-09 03:44:06.529305864,Paneer Butter Masala,3,Vegetarian,170,510,Tuesday,Lunch,Regular,3,0,December,2025,12,9,1,0
4701,2025-12-09 05:28:57.707541512,Paneer Butter Masala,4,Vegetarian,170,680,Tuesday,Lunch,Regular,5,1,December,2025,12,9,1,0
4702,2025-12-09 07:13:48.885777156,Chicken Fried Rice,4,Chicken,160,640,Tuesday,Dinner,Regular,4,0,December,2025,12,9,1,0
4703,2025-12-09 08:58:40.064012804,Dosa,4,Vegetarian,50,200,Tuesday,Dinner,New,7,3,December,2025,12,9,1,0
4704,2025-12-09 10:43:31.242248452,Parotta,3,Vegetarian,60,180,Tuesday,Breakfast,Regular,5,2,December,2025,12,9,1,0
4705,2025-12-09 12:28:22.420484100,Parotta,3,Vegetarian,60,180,Tuesday,Dinner,Regular,3,0,December,2025,12,9,1,0
4706,2025-12-09 14:13:13.598719748,Veg Biryani,2,Vegetarian,130,260,Tuesday,Lunch,Regular,4,2,December,2025,12,9,1,0
4707,2025-12-09 15:58:04.776955392,Chicken 65,1,Chicken,140,140,Tuesday,Lunch,Regular,3,2,December,2025,12,9,1,0
4708,2025-12-09 17:42:55.955191040,Chicken Fried Rice,5,Chicken,160,800,Tuesday,Lunch,Regular,6,1,December,2025,12,9,1,0
4709,2025-12-09 19:27:47.133426688,Chicken Noodles,5,Chicken,150,750,Tuesday,Lunch,Regular,6,1,December,2025,12,9,1,0
4710,2025-12-09 21:12:38.311662336,Noodles,1,Vegetarian,110,110,Tuesday,Dinner,New,3,2,December,2025,12,9,1,0
4711,2025-12-09 22:57:29.489897980,Mutton Biryani,2,Mutton,240,480,Tuesday,Lunch,Regular,2,0,December,2025,12,9,1,0
4712,2025-12-10 00:42:20.668133628,Noodles,1,Vegetarian,110,110,Wednesday,Dinner,New,3,2,December,2025,12,10,2,0
4713,2025-12-10 02:27:11.846369276,Noodles,1,Vegetarian,110,110,Wednesday,Breakfast,New,2,1,December,2025,12,10,2,0
4714,2025-12-10 04:12:03.024604924,Chicken Grill,5,Chicken,220,1100,Wednesday,Dinner,Regular,5,0,December,2025,12,10,2,0
4715,2025-12-10 05:56:54.202840572,Noodles,2,Vegetarian,110,220,Wednesday,Dinner,New,4,2,December,2025,12,10,2,0
4716,2025-12-10 07:41:45.381076216,Parotta,3,Vegetarian,60,180,Wednesday,Dinner,Regular,4,1,December,2025,12,10,2,0
4717,2025-12-10 09:26:36.559311864,Mutton Biryani,5,Mutton,240,1200,Wednesday,Dinner,Regular,7,2,December,2025,12,10,2,0
4718,2025-12-10 11:11:27.737547512,Mutton Biryani,3,Mutton,240,720,Wednesday,Lunch,New,5,2,December,2025,12,10,2,0
4719,2025-12-10 12:56:18.915783160,Chicken Biryani,2,Chicken,180,360,Wednesday,Dinner,Regular,4,2,December,2025,12,10,2,0
4720,2025-12-10 14:41:10.094018804,Chicken 65,1,Chicken,140,140,Wednesday,Dinner,Regular,1,0,December,2025,12,10,2,0
4721,2025-12-10 16:26:01.272254452,Chicken Grill,4,Chicken,220,880,Wednesday,Breakfast,Regular,5,1,December,2025,12,10,2,0
4722,2025-12-10 18:10:52.450490100,Noodles,4,Vegetarian,110,440,Wednesday,Dinner,Regular,5,1,December,2025,12,10,2,0
4723,2025-12-10 19:55:43.628725748,Fried Rice,2,Vegetarian,120,240,Wednesday,Lunch,New,5,3,December,2025,12,10,2,0
4724,2025-12-10 21:40:34.806961396,Chicken Noodles,4,Chicken,150,600,Wednesday,Lunch,Regular,6,2,December,2025,12,10,2,0
4725,2025-12-10 23:25:25.985197040,Paneer Butter Masala,3,Vegetarian,170,510,Wednesday,Dinner,Regular,5,2,December,2025,12,10,2,0
4726,2025-12-11 01:10:17.163432688,Dosa,4,Vegetarian,50,200,Thursday,Lunch,Regular,7,3,December,2025,12,11,3,0
4727,2025-12-11 02:55:08.341668336,Chicken Biryani,2,Chicken,180,360,Thursday,Dinner,Regular,4,2,December,2025,12,11,3,0
4728,2025-12-11 04:39:59.519903984,Mutton Biryani,2,Mutton,240,480,Thursday,Lunch,Regular,2,0,December,2025,12,11,3,0
4729,2025-12-11 06:24:50.698139632,Mutton Biryani,3,Mutton,240,720,Thursday,Breakfast,Regular,6,3,December,2025,12,11,3,0
4730,2025-12-11 08:09:41.876375276,Idli,4,Vegetarian,40,160,Thursday,Lunch,Regular,5,1,December,2025,12,11,3,0
4731,2025-12-11 09:54:33.054610924,Chicken Grill,4,Chicken,220,880,Thursday,Breakfast,Regular,6,2,December,2025,12,11,3,0
4732,2025-12-11 11:39:24.232846572,Noodles,1,Vegetarian,110,110,Thursday,Dinner,New,2,1,December,2025,12,11,3,0
4733,2025-12-11 13:24:15.411082220,Chicken Grill,5,Chicken,220,1100,Thursday,Lunch,New,7,2,December,2025,12,11,3,0
4734,2025-12-11 15:09:06.589317864,Idli,2,Vegetarian,40,80,Thursday,Lunch,New,5,3,December,2025,12,11,3,0
4735,2025-12-11 16:53:57.767553512,Veg Meals,1,Vegetarian,100,100,Thursday,Breakfast,Regular,2,1,December,2025,12,11,3,0
4736,2025-12-11 18:38:48.945789160,Paneer Butter Masala,2,Vegetarian,170,340,Thursday,Lunch,Regular,4,2,December,2025,12,11,3,0
4737,2025-12-11 20:23:40.124024808,Chicken Grill,1,Chicken,220,220,Thursday,Dinner,New,1,0,December,2025,12,11,3,0
4738,2025-12-11 22:08:31.302260456,Mutton Biryani,5,Mutton,240,1200,Thursday,Breakfast,Regular,8,3,December,2025,12,11,3,0
4739,2025-12-11 23:53:22.480496100,Parotta,1,Vegetarian,60,60,Thursday,Dinner,Regular,3,2,December,2025,12,11,3,0
4740,2025-12-12 01:38:13.658731748,Chicken Fried Rice,2,Chicken,160,320,Friday,Dinner,Regular,4,2,December,2025,12,12,4,0
4741,2025-12-12 03:23:04.836967396,Mutton Biryani,4,Mutton,240,960,Friday,Dinner,New,6,2,December,2025,12,12,4,0
4742,2025-12-12 05:07:56.015203044,Chicken Biryani,2,Chicken,180,360,Friday,Dinner,Regular,5,3,December,2025,12,12,4,0
4743,2025-12-12 06:52:47.193438688,Chicken 65,3,Chicken,140,420,Friday,Breakfast,Regular,5,2,December,2025,12,12,4,0
4744,2025-12-12 08:37:38.371674336,Veg Meals,3,Vegetarian,100,300,Friday,Lunch,Regular,5,2,December,2025,12,12,4,0
4745,2025-12-12 10:22:29.549909984,Idli,3,Vegetarian,40,120,Friday,Dinner,Regular,4,1,December,2025,12,12,4,0
4746,2025-12-12 12:07:20.728145632,Chicken Noodles,3,Chicken,150,450,Friday,Dinner,Regular,4,1,December,2025,12,12,4,0
4747,2025-12-12 13:52:11.906381280,Dosa,5,Vegetarian,50,250,Friday,Dinner,Regular,8,3,December,2025,12,12,4,0
4748,2025-12-12 15:37:03.084616924,Chicken Noodles,4,Chicken,150,600,Friday,Dinner,Regular,7,3,December,2025,12,12,4,0
4749,2025-12-12 17:21:54.262852572,Mutton Biryani,4,Mutton,240,960,Friday,Lunch,New,4,0,December,2025,12,12,4,0
4750,2025-12-12 19:06:45.441088220,Chicken Biryani,2,Chicken,180,360,Friday,Breakfast,New,4,2,December,2025,12,12,4,0
4751,2025-12-12 20:51:36.619323868,Noodles,1,Vegetarian,110,110,Friday,Dinner,New,2,1,December,2025,12,12,4,0
4752,2025-12-12 22:36:27.797559516,Mutton Biryani,2,Mutton,240,480,Friday,Dinner,Regular,3,1,December,2025,12,12,4,0
4753,2025-12-13 00:21:18.975795160,Chicken 65,2,Chicken,140,280,Saturday,Lunch,Regular,4,2,December,2025,12,13,5,1
4754,2025-12-13 02:06:10.154030808,Parotta,2,Vegetarian,60,120,Saturday,Dinner,Regular,4,2,December,2025,12,13,5,1
4755,2025-12-13 03:51:01.332266456,Paneer Butter Masala,2,Vegetarian,170,340,Saturday,Lunch,Regular,5,3,December,2025,12,13,5,1
4756,2025-12-13 05:35:52.510502104,Fried Rice,4,Vegetarian,120,480,Saturday,Lunch,Regular,4,0,December,2025,12,13,5,1
4757,2025-12-13 07:20:43.688737748,Dosa,1,Vegetarian,50,50,Saturday,Dinner,Regular,1,0,December,2025,12,13,5,1
4758,2025-12-13 09:05:34.866973396,Chicken 65,2,Chicken,140,280,Saturday,Dinner,New,5,3,December,2025,12,13,5,1
4759,2025-12-13 10:50:26.045209044,Idli,4,Vegetarian,40,160,Saturday,Lunch,New,7,3,December,2025,12,13,5,1
4760,2025-12-13 12:35:17.223444692,Noodles,2,Vegetarian,110,220,Saturday,Breakfast,Regular,3,1,December,2025,12,13,5,1
4761,2025-12-13 14:20:08.401680340,Idli,3,Vegetarian,40,120,Saturday,Lunch,Regular,6,3,December,2025,12,13,5,1
4762,2025-12-13 16:04:59.579915984,Mutton Biryani,2,Mutton,240,480,Saturday,Dinner,Regular,2,0,December,2025,12,13,5,1
4763,2025-12-13 17:49:50.758151632,Chicken Biryani,2,Chicken,180,360,Saturday,Lunch,Regular,3,1,December,2025,12,13,5,1
4764,2025-12-13 19:34:41.936387280,Chicken 65,5,Chicken,140,700,Saturday,Dinner,Regular,5,0,December,2025,12,13,5,1
4765,2025-12-13 21:19:33.114622928,Veg Biryani,3,Vegetarian,130,390,Saturday,Dinner,Regular,5,2,December,2025,12,13,5,1
4766,2025-12-13 23:04:24.292858572,Noodles,1,Vegetarian,110,110,Saturday,Dinner,Regular,1,0,December,2025,12,13,5,1
4767,2025-12-14 00:49:15.471094220,Chicken Biryani,2,Chicken,180,360,Sunday,Lunch,New,3,1,December,2025,12,14,6,1
4768,2025-12-14 02:34:06.649329868,Parotta,1,Vegetarian,60,60,Sunday,Dinner,Regular,1,0,December,2025,12,14,6,1
4769,2025-12-14 04:18:57.827565516,Noodles,3,Vegetarian,110,330,Sunday,Lunch,Regular,4,1,December,2025,12,14,6,1
4770,2025-12-14 06:03:49.005801164,Idli,2,Vegetarian,40,80,Sunday,Breakfast,Regular,3,1,December,2025,12,14,6,1
4771,2025-12-14 07:48:40.184036808,Noodles,5,Vegetarian,110,550,Sunday,Breakfast,New,8,3,December,2025,12,14,6,1
4772,2025-12-14 09:33:31.362272456,Fried Rice,4,Vegetarian,120,480,Sunday,Lunch,Regular,4,0,December,2025,12,14,6,1
4773,2025-12-14 11:18:22.540508104,Mutton Biryani,5,Mutton,240,1200,Sunday,Dinner,New,8,3,December,2025,12,14,6,1
4774,2025-12-14 13:03:13.718743752,Chicken Grill,5,Chicken,220,1100,Sunday,Lunch,Regular,8,3,December,2025,12,14,6,1
4775,2025-12-14 14:48:04.896979400,Idli,4,Vegetarian,40,160,Sunday,Lunch,New,4,0,December,2025,12,14,6,1
4776,2025-12-14 16:32:56.075215044,Fried Rice,4,Vegetarian,120,480,Sunday,Dinner,New,5,1,December,2025,12,14,6,1
4777,2025-12-14 18:17:47.253450692,Veg Meals,4,Vegetarian,100,400,Sunday,Breakfast,Regular,6,2,December,2025,12,14,6,1
4778,2025-12-14 20:02:38.431686340,Dosa,2,Vegetarian,50,100,Sunday,Dinner,New,2,0,December,2025,12,14,6,1
4779,2025-12-14 21:47:29.609921988,Chicken Fried Rice,1,Chicken,160,160,Sunday,Lunch,New,4,3,December,2025,12,14,6,1
4780,2025-12-14 23:32:20.788157632,Chicken Grill,1,Chicken,220,220,Sunday,Breakfast,New,4,3,December,2025,12,14,6,1
4781,2025-12-15 01:17:11.966393280,Mutton Biryani,4,Mutton,240,960,Monday,Dinner,New,5,1,December,2025,12,15,0,0
4782,2025-12-15 03:02:03.144628928,Veg Biryani,5,Vegetarian,130,650,Monday,Breakfast,Regular,8,3,December,2025,12,15,0,0
4783,2025-12-15 04:46:54.322864576,Chicken Grill,3,Chicken,220,660,Monday,Lunch,Regular,5,2,December,2025,12,15,0,0
4784,2025-12-15 06:31:45.501100224,Dosa,4,Vegetarian,50,200,Monday,Lunch,Regular,7,3,December,2025,12,15,0,0
4785,2025-12-15 08:16:36.679335868,Chicken Biryani,5,Chicken,180,900,Monday,Breakfast,Regular,6,1,December,2025,12,15,0,0
4786,2025-12-15 10:01:27.857571516,Veg Biryani,5,Vegetarian,130,650,Monday,Breakfast,Regular,5,0,December,2025,12,15,0,0
4787,2025-12-15 11:46:19.035807164,Idli,2,Vegetarian,40,80,Monday,Breakfast,Regular,3,1,December,2025,12,15,0,0
4788,2025-12-15 13:31:10.214042812,Veg Biryani,2,Vegetarian,130,260,Monday,Breakfast,Regular,5,3,December,2025,12,15,0,0
4789,2025-12-15 15:16:01.392278456,Chicken 65,1,Chicken,140,140,Monday,Dinner,Regular,2,1,December,2025,12,15,0,0
4790,2025-12-15 17:00:52.570514104,Dosa,1,Vegetarian,50,50,Monday,Lunch,Regular,4,3,December,2025,12,15,0,0
4791,2025-12-15 18:45:43.748749752,Veg Meals,3,Vegetarian,100,300,Monday,Lunch,Regular,4,1,December,2025,12,15,0,0
4792,2025-12-15 20:30:34.926985400,Noodles,3,Vegetarian,110,330,Monday,Lunch,New,3,0,December,2025,12,15,0,0
4793,2025-12-15 22:15:26.105221048,Fried Rice,3,Vegetarian,120,360,Monday,Dinner,New,6,3,December,2025,12,15,0,0
4794,2025-12-16 00:00:17.283456692,Chicken Grill,3,Chicken,220,660,Tuesday,Dinner,Regular,5,2,December,2025,12,16,1,0
4795,2025-12-16 01:45:08.461692340,Chicken 65,5,Chicken,140,700,Tuesday,Dinner,Regular,7,2,December,2025,12,16,1,0
4796,2025-12-16 03:29:59.639927988,Paneer Butter Masala,5,Vegetarian,170,850,Tuesday,Dinner,New,7,2,December,2025,12,16,1,0
4797,2025-12-16 05:14:50.818163636,Veg Biryani,1,Vegetarian,130,130,Tuesday,Lunch,Regular,3,2,December,2025,12,16,1,0
4798,2025-12-16 06:59:41.996399284,Chicken 65,2,Chicken,140,280,Tuesday,Lunch,Regular,5,3,December,2025,12,16,1,0
4799,2025-12-16 08:44:33.174634928,Chicken Noodles,2,Chicken,150,300,Tuesday,Dinner,Regular,5,3,December,2025,12,16,1,0
4800,2025-12-16 10:29:24.352870576,Dosa,4,Vegetarian,50,200,Tuesday,Dinner,New,4,0,December,2025,12,16,1,0
4801,2025-12-16 12:14:15.531106224,Fried Rice,5,Vegetarian,120,600,Tuesday,Lunch,New,6,1,December,2025,12,16,1,0
4802,2025-12-16 13:59:06.709341872,Parotta,3,Vegetarian,60,180,Tuesday,Lunch,Regular,6,3,December,2025,12,16,1,0
4803,2025-12-16 15:43:57.887577516,Chicken Biryani,3,Chicken,180,540,Tuesday,Dinner,Regular,5,2,December,2025,12,16,1,0
4804,2025-12-16 17:28:49.065813164,Veg Biryani,4,Vegetarian,130,520,Tuesday,Dinner,New,7,3,December,2025,12,16,1,0
4805,2025-12-16 19:13:40.244048812,Dosa,2,Vegetarian,50,100,Tuesday,Lunch,Regular,4,2,December,2025,12,16,1,0
4806,2025-12-16 20:58:31.422284460,Parotta,3,Vegetarian,60,180,Tuesday,Dinner,Regular,3,0,December,2025,12,16,1,0
4807,2025-12-16 22:43:22.600520108,Parotta,2,Vegetarian,60,120,Tuesday,Lunch,Regular,3,1,December,2025,12,16,1,0
4808,2025-12-17 00:28:13.778755752,Paneer Butter Masala,4,Vegetarian,170,680,Wednesday,Breakfast,Regular,7,3,December,2025,12,17,2,0
4809,2025-12-17 02:13:04.956991400,Mutton Biryani,2,Mutton,240,480,Wednesday,Lunch,Regular,3,1,December,2025,12,17,2,0
4810,2025-12-17 03:57:56.135227048,Fried Rice,2,Vegetarian,120,240,Wednesday,Lunch,Regular,4,2,December,2025,12,17,2,0
4811,2025-12-17 05:42:47.313462696,Chicken 65,2,Chicken,140,280,Wednesday,Breakfast,New,4,2,December,2025,12,17,2,0
4812,2025-12-17 07:27:38.491698340,Parotta,3,Vegetarian,60,180,Wednesday,Dinner,New,4,1,December,2025,12,17,2,0
4813,2025-12-17 09:12:29.669933988,Chicken Noodles,1,Chicken,150,150,Wednesday,Lunch,New,1,0,December,2025,12,17,2,0
4814,2025-12-17 10:57:20.848169636,Paneer Butter Masala,5,Vegetarian,170,850,Wednesday,Lunch,New,6,1,December,2025,12,17,2,0
4815,2025-12-17 12:42:12.026405284,Dosa,2,Vegetarian,50,100,Wednesday,Breakfast,Regular,3,1,December,2025,12,17,2,0
4816,2025-12-17 14:27:03.204640932,Paneer Butter Masala,2,Vegetarian,170,340,Wednesday,Breakfast,Regular,5,3,December,2025,12,17,2,0
4817,2025-12-17 16:11:54.382876576,Chicken Fried Rice,2,Chicken,160,320,Wednesday,Dinner,Regular,5,3,December,2025,12,17,2,0
4818,2025-12-17 17:56:45.561112224,Chicken Fried Rice,1,Chicken,160,160,Wednesday,Dinner,Regular,3,2,December,2025,12,17,2,0
4819,2025-12-17 19:41:36.739347872,Noodles,4,Vegetarian,110,440,Wednesday,Dinner,Regular,7,3,December,2025,12,17,2,0
4820,2025-12-17 21:26:27.917583520,Paneer Butter Masala,3,Vegetarian,170,510,Wednesday,Dinner,New,3,0,December,2025,12,17,2,0
4821,2025-12-17 23:11:19.095819168,Noodles,1,Vegetarian,110,110,Wednesday,Lunch,New,1,0,December,2025,12,17,2,0
4822,2025-12-18 00:56:10.274054812,Veg Biryani,2,Vegetarian,130,260,Thursday,Lunch,New,2,0,December,2025,12,18,3,0
4823,2025-12-18 02:41:01.452290460,Noodles,1,Vegetarian,110,110,Thursday,Dinner,Regular,3,2,December,2025,12,18,3,0
4824,2025-12-18 04:25:52.630526108,Idli,1,Vegetarian,40,40,Thursday,Dinner,New,1,0,December,2025,12,18,3,0
4825,2025-12-18 06:10:43.808761756,Chicken 65,1,Chicken,140,140,Thursday,Dinner,Regular,1,0,December,2025,12,18,3,0
4826,2025-12-18 07:55:34.986997400,Idli,4,Vegetarian,40,160,Thursday,Dinner,Regular,7,3,December,2025,12,18,3,0
4827,2025-12-18 09:40:26.165233048,Parotta,5,Vegetarian,60,300,Thursday,Dinner,New,7,2,December,2025,12,18,3,0
4828,2025-12-18 11:25:17.343468696,Dosa,3,Vegetarian,50,150,Thursday,Lunch,New,4,1,December,2025,12,18,3,0
4829,2025-12-18 13:10:08.521704344,Veg Biryani,4,Vegetarian,130,520,Thursday,Lunch,Regular,4,0,December,2025,12,18,3,0
4830,2025-12-18 14:54:59.699939992,Chicken Grill,4,Chicken,220,880,Thursday,Dinner,Regular,7,3,December,2025,12,18,3,0
4831,2025-12-18 16:39:50.878175636,Parotta,5,Vegetarian,60,300,Thursday,Dinner,Regular,6,1,December,2025,12,18,3,0
4832,2025-12-18 18:24:42.056411284,Chicken 65,4,Chicken,140,560,Thursday,Breakfast,New,4,0,December,2025,12,18,3,0
4833,2025-12-18 20:09:33.234646932,Chicken Fried Rice,1,Chicken,160,160,Thursday,Lunch,Regular,2,1,December,2025,12,18,3,0
4834,2025-12-18 21:54:24.412882580,Fried Rice,1,Vegetarian,120,120,Thursday,Breakfast,New,2,1,December,2025,12,18,3,0
4835,2025-12-18 23:39:15.591118224,Noodles,2,Vegetarian,110,220,Thursday,Lunch,Regular,4,2,December,2025,12,18,3,0
4836,2025-12-19 01:24:06.769353872,Mutton Biryani,4,Mutton,240,960,Friday,Dinner,Regular,6,2,December,2025,12,19,4,0
4837,2025-12-19 03:08:57.947589520,Dosa,2,Vegetarian,50,100,Friday,Breakfast,Regular,2,0,December,2025,12,19,4,0
4838,2025-12-19 04:53:49.125825168,Chicken Biryani,3,Chicken,180,540,Friday,Lunch,Regular,3,0,December,2025,12,19,4,0
4839,2025-12-19 06:38:40.304060816,Fried Rice,1,Vegetarian,120,120,Friday,Lunch,Regular,3,2,December,2025,12,19,4,0
4840,2025-12-19 08:23:31.482296460,Idli,3,Vegetarian,40,120,Friday,Dinner,New,3,0,December,2025,12,19,4,0
4841,2025-12-19 10:08:22.660532108,Noodles,5,Vegetarian,110,550,Friday,Lunch,New,5,0,December,2025,12,19,4,0
4842,2025-12-19 11:53:13.838767756,Veg Biryani,1,Vegetarian,130,130,Friday,Lunch,Regular,3,2,December,2025,12,19,4,0
4843,2025-12-19 13:38:05.017003404,Idli,3,Vegetarian,40,120,Friday,Breakfast,Regular,4,1,December,2025,12,19,4,0
4844,2025-12-19 15:22:56.195239052,Dosa,5,Vegetarian,50,250,Friday,Lunch,Regular,5,0,December,2025,12,19,4,0
4845,2025-12-19 17:07:47.373474696,Idli,3,Vegetarian,40,120,Friday,Lunch,New,6,3,December,2025,12,19,4,0
4846,2025-12-19 18:52:38.551710344,Dosa,5,Vegetarian,50,250,Friday,Lunch,Regular,7,2,December,2025,12,19,4,0
4847,2025-12-19 20:37:29.729945992,Idli,5,Vegetarian,40,200,Friday,Dinner,New,5,0,December,2025,12,19,4,0
4848,2025-12-19 22:22:20.908181640,Fried Rice,1,Vegetarian,120,120,Friday,Lunch,New,1,0,December,2025,12,19,4,0
4849,2025-12-20 00:07:12.086417284,Paneer Butter Masala,2,Vegetarian,170,340,Saturday,Breakfast,New,4,2,December,2025,12,20,5,1
4850,2025-12-20 01:52:03.264652932,Chicken Noodles,5,Chicken,150,750,Saturday,Dinner,Regular,8,3,December,2025,12,20,5,1
4851,2025-12-20 03:36:54.442888580,Fried Rice,5,Vegetarian,120,600,Saturday,Lunch,Regular,8,3,December,2025,12,20,5,1
4852,2025-12-20 05:21:45.621124228,Paneer Butter Masala,1,Vegetarian,170,170,Saturday,Dinner,Regular,3,2,December,2025,12,20,5,1
4853,2025-12-20 07:06:36.799359876,Chicken Grill,2,Chicken,220,440,Saturday,Lunch,Regular,5,3,December,2025,12,20,5,1
4854,2025-12-20 08:51:27.977595520,Parotta,4,Vegetarian,60,240,Saturday,Lunch,New,4,0,December,2025,12,20,5,1
4855,2025-12-20 10:36:19.155831168,Parotta,4,Vegetarian,60,240,Saturday,Dinner,Regular,7,3,December,2025,12,20,5,1
4856,2025-12-20 12:21:10.334066816,Chicken 65,2,Chicken,140,280,Saturday,Dinner,New,2,0,December,2025,12,20,5,1
4857,2025-12-20 14:06:01.512302464,Noodles,3,Vegetarian,110,330,Saturday,Lunch,Regular,4,1,December,2025,12,20,5,1
4858,2025-12-20 15:50:52.690538108,Fried Rice,1,Vegetarian,120,120,Saturday,Lunch,Regular,4,3,December,2025,12,20,5,1
4859,2025-12-20 17:35:43.868773756,Fried Rice,2,Vegetarian,120,240,Saturday,Lunch,Regular,3,1,December,2025,12,20,5,1
4860,2025-12-20 19:20:35.047009404,Chicken Biryani,4,Chicken,180,720,Saturday,Dinner,Regular,6,2,December,2025,12,20,5,1
4861,2025-12-20 21:05:26.225245052,Chicken Biryani,5,Chicken,180,900,Saturday,Dinner,Regular,8,3,December,2025,12,20,5,1
4862,2025-12-20 22:50:17.403480700,Chicken 65,4,Chicken,140,560,Saturday,Breakfast,New,4,0,December,2025,12,20,5,1
4863,2025-12-21 00:35:08.581716344,Mutton Biryani,5,Mutton,240,1200,Sunday,Breakfast,Regular,8,3,December,2025,12,21,6,1
4864,2025-12-21 02:19:59.759951992,Parotta,1,Vegetarian,60,60,Sunday,Lunch,New,3,2,December,2025,12,21,6,1
4865,2025-12-21 04:04:50.938187640,Mutton Biryani,5,Mutton,240,1200,Sunday,Breakfast,New,7,2,December,2025,12,21,6,1
4866,2025-12-21 05:49:42.116423288,Noodles,2,Vegetarian,110,220,Sunday,Lunch,Regular,2,0,December,2025,12,21,6,1
4867,2025-12-21 07:34:33.294658936,Dosa,5,Vegetarian,50,250,Sunday,Breakfast,Regular,8,3,December,2025,12,21,6,1
4868,2025-12-21 09:19:24.472894580,Dosa,3,Vegetarian,50,150,Sunday,Dinner,New,4,1,December,2025,12,21,6,1
4869,2025-12-21 11:04:15.651130228,Veg Meals,2,Vegetarian,100,200,Sunday,Dinner,Regular,4,2,December,2025,12,21,6,1
4870,2025-12-21 12:49:06.829365876,Chicken Fried Rice,1,Chicken,160,160,Sunday,Dinner,Regular,3,2,December,2025,12,21,6,1
4871,2025-12-21 14:33:58.007601524,Idli,2,Vegetarian,40,80,Sunday,Lunch,Regular,2,0,December,2025,12,21,6,1
4872,2025-12-21 16:18:49.185837168,Chicken Biryani,3,Chicken,180,540,Sunday,Lunch,Regular,6,3,December,2025,12,21,6,1
4873,2025-12-21 18:03:40.364072816,Chicken Fried Rice,1,Chicken,160,160,Sunday,Dinner,Regular,2,1,December,2025,12,21,6,1
4874,2025-12-21 19:48:31.542308464,Chicken Grill,4,Chicken,220,880,Sunday,Breakfast,New,7,3,December,2025,12,21,6,1
4875,2025-12-21 21:33:22.720544112,Chicken 65,3,Chicken,140,420,Sunday,Dinner,Regular,6,3,December,2025,12,21,6,1
4876,2025-12-21 23:18:13.898779760,Chicken 65,1,Chicken,140,140,Sunday,Lunch,Regular,2,1,December,2025,12,21,6,1
4877,2025-12-22 01:03:05.077015404,Dosa,5,Vegetarian,50,250,Monday,Lunch,Regular,5,0,December,2025,12,22,0,0
4878,2025-12-22 02:47:56.255251052,Fried Rice,2,Vegetarian,120,240,Monday,Lunch,Regular,4,2,December,2025,12,22,0,0
4879,2025-12-22 04:32:47.433486700,Parotta,1,Vegetarian,60,60,Monday,Breakfast,New,1,0,December,2025,12,22,0,0
4880,2025-12-22 06:17:38.611722348,Mutton Biryani,2,Mutton,240,480,Monday,Dinner,New,2,0,December,2025,12,22,0,0
4881,2025-12-22 08:02:29.789957992,Chicken Biryani,5,Chicken,180,900,Monday,Lunch,New,8,3,December,2025,12,22,0,0
4882,2025-12-22 09:47:20.968193640,Chicken Fried Rice,1,Chicken,160,160,Monday,Lunch,Regular,2,1,December,2025,12,22,0,0
4883,2025-12-22 11:32:12.146429288,Mutton Biryani,4,Mutton,240,960,Monday,Breakfast,New,6,2,December,2025,12,22,0,0
4884,2025-12-22 13:17:03.324664936,Fried Rice,3,Vegetarian,120,360,Monday,Dinner,Regular,6,3,December,2025,12,22,0,0
4885,2025-12-22 15:01:54.502900584,Chicken Fried Rice,1,Chicken,160,160,Monday,Lunch,Regular,3,2,December,2025,12,22,0,0
4886,2025-12-22 16:46:45.681136228,Paneer Butter Masala,5,Vegetarian,170,850,Monday,Lunch,Regular,8,3,December,2025,12,22,0,0
4887,2025-12-22 18:31:36.859371876,Idli,1,Vegetarian,40,40,Monday,Lunch,Regular,2,1,December,2025,12,22,0,0
4888,2025-12-22 20:16:28.037607524,Chicken Grill,2,Chicken,220,440,Monday,Lunch,Regular,4,2,December,2025,12,22,0,0
4889,2025-12-22 22:01:19.215843172,Veg Meals,1,Vegetarian,100,100,Monday,Breakfast,New,3,2,December,2025,12,22,0,0
4890,2025-12-22 23:46:10.394078816,Chicken Grill,4,Chicken,220,880,Monday,Dinner,New,4,0,December,2025,12,22,0,0
4891,2025-12-23 01:31:01.572314464,Mutton Biryani,1,Mutton,240,240,Tuesday,Breakfast,Regular,4,3,December,2025,12,23,1,0
4892,2025-12-23 03:15:52.750550112,Mutton Biryani,3,Mutton,240,720,Tuesday,Breakfast,Regular,6,3,December,2025,12,23,1,0
4893,2025-12-23 05:00:43.928785760,Veg Meals,1,Vegetarian,100,100,Tuesday,Dinner,Regular,4,3,December,2025,12,23,1,0
4894,2025-12-23 06:45:35.107021408,Mutton Biryani,2,Mutton,240,480,Tuesday,Lunch,New,2,0,December,2025,12,23,1,0
4895,2025-12-23 08:30:26.285257052,Veg Meals,1,Vegetarian,100,100,Tuesday,Lunch,New,1,0,December,2025,12,23,1,0
4896,2025-12-23 10:15:17.463492700,Chicken Fried Rice,4,Chicken,160,640,Tuesday,Lunch,Regular,6,2,December,2025,12,23,1,0
4897,2025-12-23 12:00:08.641728348,Veg Meals,5,Vegetarian,100,500,Tuesday,Lunch,Regular,8,3,December,2025,12,23,1,0
4898,2025-12-23 13:44:59.819963996,Idli,1,Vegetarian,40,40,Tuesday,Dinner,Regular,4,3,December,2025,12,23,1,0
4899,2025-12-23 15:29:50.998199644,Veg Meals,1,Vegetarian,100,100,Tuesday,Dinner,Regular,3,2,December,2025,12,23,1,0
4900,2025-12-23 17:14:42.176435288,Paneer Butter Masala,3,Vegetarian,170,510,Tuesday,Dinner,Regular,5,2,December,2025,12,23,1,0
4901,2025-12-23 18:59:33.354670936,Veg Meals,4,Vegetarian,100,400,Tuesday,Dinner,Regular,6,2,December,2025,12,23,1,0
4902,2025-12-23 20:44:24.532906584,Chicken Noodles,5,Chicken,150,750,Tuesday,Lunch,Regular,6,1,December,2025,12,23,1,0
4903,2025-12-23 22:29:15.711142232,Veg Meals,2,Vegetarian,100,200,Tuesday,Lunch,Regular,3,1,December,2025,12,23,1,0
4904,2025-12-24 00:14:06.889377876,Mutton Biryani,1,Mutton,240,240,Wednesday,Lunch,Regular,3,2,December,2025,12,24,2,0
4905,2025-12-24 01:58:58.067613524,Paneer Butter Masala,5,Vegetarian,170,850,Wednesday,Lunch,Regular,5,0,December,2025,12,24,2,0
4906,2025-12-24 03:43:49.245849172,Parotta,2,Vegetarian,60,120,Wednesday,Dinner,Regular,2,0,December,2025,12,24,2,0
4907,2025-12-24 05:28:40.424084820,Noodles,4,Vegetarian,110,440,Wednesday,Dinner,New,7,3,December,2025,12,24,2,0
4908,2025-12-24 07:13:31.602320468,Paneer Butter Masala,4,Vegetarian,170,680,Wednesday,Breakfast,Regular,5,1,December,2025,12,24,2,0
4909,2025-12-24 08:58:22.780556112,Fried Rice,5,Vegetarian,120,600,Wednesday,Breakfast,Regular,6,1,December,2025,12,24,2,0
4910,2025-12-24 10:43:13.958791760,Noodles,2,Vegetarian,110,220,Wednesday,Breakfast,New,4,2,December,2025,12,24,2,0
4911,2025-12-24 12:28:05.137027408,Chicken Biryani,4,Chicken,180,720,Wednesday,Lunch,Regular,6,2,December,2025,12,24,2,0
4912,2025-12-24 14:12:56.315263056,Chicken Biryani,5,Chicken,180,900,Wednesday,Breakfast,New,7,2,December,2025,12,24,2,0
4913,2025-12-24 15:57:47.493498700,Fried Rice,4,Vegetarian,120,480,Wednesday,Lunch,Regular,6,2,December,2025,12,24,2,0
4914,2025-12-24 17:42:38.671734348,Paneer Butter Masala,4,Vegetarian,170,680,Wednesday,Dinner,Regular,6,2,December,2025,12,24,2,0
4915,2025-12-24 19:27:29.849969996,Chicken Fried Rice,4,Chicken,160,640,Wednesday,Dinner,New,4,0,December,2025,12,24,2,0
4916,2025-12-24 21:12:21.028205644,Fried Rice,3,Vegetarian,120,360,Wednesday,Lunch,Regular,3,0,December,2025,12,24,2,0
4917,2025-12-24 22:57:12.206441292,Noodles,2,Vegetarian,110,220,Wednesday,Lunch,Regular,4,2,December,2025,12,24,2,0
4918,2025-12-25 00:42:03.384676936,Noodles,5,Vegetarian,110,550,Thursday,Lunch,Regular,5,0,December,2025,12,25,3,0
4919,2025-12-25 02:26:54.562912584,Mutton Biryani,5,Mutton,240,1200,Thursday,Dinner,Regular,7,2,December,2025,12,25,3,0
4920,2025-12-25 04:11:45.741148232,Dosa,2,Vegetarian,50,100,Thursday,Dinner,Regular,4,2,December,2025,12,25,3,0
4921,2025-12-25 05:56:36.919383880,Chicken 65,2,Chicken,140,280,Thursday,Dinner,Regular,3,1,December,2025,12,25,3,0
4922,2025-12-25 07:41:28.097619528,Chicken Noodles,2,Chicken,150,300,Thursday,Lunch,Regular,2,0,December,2025,12,25,3,0
4923,2025-12-25 09:26:19.275855172,Noodles,2,Vegetarian,110,220,Thursday,Dinner,New,2,0,December,2025,12,25,3,0
4924,2025-12-25 11:11:10.454090820,Parotta,1,Vegetarian,60,60,Thursday,Breakfast,Regular,2,1,December,2025,12,25,3,0
4925,2025-12-25 12:56:01.632326468,Fried Rice,5,Vegetarian,120,600,Thursday,Lunch,New,5,0,December,2025,12,25,3,0
4926,2025-12-25 14:40:52.810562116,Idli,1,Vegetarian,40,40,Thursday,Lunch,Regular,2,1,December,2025,12,25,3,0
4927,2025-12-25 16:25:43.988797760,Veg Meals,4,Vegetarian,100,400,Thursday,Lunch,Regular,7,3,December,2025,12,25,3,0
4928,2025-12-25 18:10:35.167033408,Dosa,4,Vegetarian,50,200,Thursday,Dinner,New,4,0,December,2025,12,25,3,0
4929,2025-12-25 19:55:26.345269056,Noodles,5,Vegetarian,110,550,Thursday,Lunch,Regular,7,2,December,2025,12,25,3,0
4930,2025-12-25 21:40:17.523504704,Fried Rice,4,Vegetarian,120,480,Thursday,Breakfast,New,5,1,December,2025,12,25,3,0
4931,2025-12-25 23:25:08.701740352,Chicken Grill,2,Chicken,220,440,Thursday,Breakfast,Regular,4,2,December,2025,12,25,3,0
4932,2025-12-26 01:09:59.879975996,Dosa,1,Vegetarian,50,50,Friday,Breakfast,Regular,3,2,December,2025,12,26,4,0
4933,2025-12-26 02:54:51.058211644,Chicken Fried Rice,2,Chicken,160,320,Friday,Breakfast,Regular,2,0,December,2025,12,26,4,0
4934,2025-12-26 04:39:42.236447292,Chicken Noodles,4,Chicken,150,600,Friday,Breakfast,Regular,5,1,December,2025,12,26,4,0
4935,2025-12-26 06:24:33.414682940,Veg Biryani,1,Vegetarian,130,130,Friday,Lunch,Regular,4,3,December,2025,12,26,4,0
4936,2025-12-26 08:09:24.592918584,Veg Biryani,2,Vegetarian,130,260,Friday,Lunch,Regular,4,2,December,2025,12,26,4,0
4937,2025-12-26 09:54:15.771154232,Mutton Biryani,5,Mutton,240,1200,Friday,Dinner,Regular,7,2,December,2025,12,26,4,0
4938,2025-12-26 11:39:06.949389880,Mutton Biryani,2,Mutton,240,480,Friday,Lunch,Regular,5,3,December,2025,12,26,4,0
4939,2025-12-26 13:23:58.127625528,Chicken Fried Rice,4,Chicken,160,640,Friday,Breakfast,Regular,5,1,December,2025,12,26,4,0
4940,2025-12-26 15:08:49.305861176,Idli,1,Vegetarian,40,40,Friday,Lunch,Regular,1,0,December,2025,12,26,4,0
4941,2025-12-26 16:53:40.484096820,Mutton Biryani,5,Mutton,240,1200,Friday,Dinner,Regular,7,2,December,2025,12,26,4,0
4942,2025-12-26 18:38:31.662332468,Chicken 65,1,Chicken,140,140,Friday,Dinner,New,1,0,December,2025,12,26,4,0
4943,2025-12-26 20:23:22.840568116,Noodles,5,Vegetarian,110,550,Friday,Lunch,Regular,6,1,December,2025,12,26,4,0
4944,2025-12-26 22:08:14.018803764,Chicken Noodles,1,Chicken,150,150,Friday,Lunch,Regular,4,3,December,2025,12,26,4,0
4945,2025-12-26 23:53:05.197039412,Paneer Butter Masala,4,Vegetarian,170,680,Friday,Dinner,New,4,0,December,2025,12,26,4,0
4946,2025-12-27 01:37:56.375275056,Fried Rice,5,Vegetarian,120,600,Saturday,Dinner,Regular,6,1,December,2025,12,27,5,1
4947,2025-12-27 03:22:47.553510704,Paneer Butter Masala,3,Vegetarian,170,510,Saturday,Dinner,Regular,3,0,December,2025,12,27,5,1
4948,2025-12-27 05:07:38.731746352,Chicken Fried Rice,1,Chicken,160,160,Saturday,Dinner,Regular,1,0,December,2025,12,27,5,1
4949,2025-12-27 06:52:29.909982000,Chicken Biryani,1,Chicken,180,180,Saturday,Dinner,Regular,3,2,December,2025,12,27,5,1
4950,2025-12-27 08:37:21.088217644,Fried Rice,2,Vegetarian,120,240,Saturday,Lunch,Regular,2,0,December,2025,12,27,5,1
4951,2025-12-27 10:22:12.266453292,Fried Rice,5,Vegetarian,120,600,Saturday,Lunch,Regular,7,2,December,2025,12,27,5,1
4952,2025-12-27 12:07:03.444688940,Chicken Grill,3,Chicken,220,660,Saturday,Dinner,Regular,4,1,December,2025,12,27,5,1
4953,2025-12-27 13:51:54.622924588,Chicken Fried Rice,4,Chicken,160,640,Saturday,Dinner,Regular,5,1,December,2025,12,27,5,1
4954,2025-12-27 15:36:45.801160236,Chicken Fried Rice,2,Chicken,160,320,Saturday,Breakfast,New,4,2,December,2025,12,27,5,1
4955,2025-12-27 17:21:36.979395880,Veg Biryani,3,Vegetarian,130,390,Saturday,Dinner,Regular,6,3,December,2025,12,27,5,1
4956,2025-12-27 19:06:28.157631528,Parotta,5,Vegetarian,60,300,Saturday,Breakfast,Regular,5,0,December,2025,12,27,5,1
4957,2025-12-27 20:51:19.335867176,Paneer Butter Masala,3,Vegetarian,170,510,Saturday,Lunch,New,4,1,December,2025,12,27,5,1
4958,2025-12-27 22:36:10.514102824,Idli,1,Vegetarian,40,40,Saturday,Dinner,New,2,1,December,2025,12,27,5,1
4959,2025-12-28 00:21:01.692338468,Parotta,1,Vegetarian,60,60,Sunday,Lunch,New,4,3,December,2025,12,28,6,1
4960,2025-12-28 02:05:52.870574116,Veg Meals,2,Vegetarian,100,200,Sunday,Lunch,New,3,1,December,2025,12,28,6,1
4961,2025-12-28 03:50:44.048809764,Chicken 65,5,Chicken,140,700,Sunday,Breakfast,New,7,2,December,2025,12,28,6,1
4962,2025-12-28 05:35:35.227045412,Veg Meals,5,Vegetarian,100,500,Sunday,Lunch,Regular,8,3,December,2025,12,28,6,1
4963,2025-12-28 07:20:26.405281060,Chicken Biryani,3,Chicken,180,540,Sunday,Breakfast,Regular,4,1,December,2025,12,28,6,1
4964,2025-12-28 09:05:17.583516704,Fried Rice,2,Vegetarian,120,240,Sunday,Lunch,Regular,5,3,December,2025,12,28,6,1
4965,2025-12-28 10:50:08.761752352,Veg Biryani,5,Vegetarian,130,650,Sunday,Lunch,Regular,8,3,December,2025,12,28,6,1
4966,2025-12-28 12:34:59.939988000,Chicken Biryani,1,Chicken,180,180,Sunday,Dinner,Regular,2,1,December,2025,12,28,6,1
4967,2025-12-28 14:19:51.118223648,Fried Rice,3,Vegetarian,120,360,Sunday,Dinner,Regular,4,1,December,2025,12,28,6,1
4968,2025-12-28 16:04:42.296459296,Chicken 65,4,Chicken,140,560,Sunday,Breakfast,Regular,5,1,December,2025,12,28,6,1
4969,2025-12-28 17:49:33.474694940,Parotta,1,Vegetarian,60,60,Sunday,Dinner,Regular,4,3,December,2025,12,28,6,1
4970,2025-12-28 19:34:24.652930588,Chicken Fried Rice,2,Chicken,160,320,Sunday,Breakfast,Regular,4,2,December,2025,12,28,6,1
4971,2025-12-28 21:19:15.831166236,Mutton Biryani,5,Mutton,240,1200,Sunday,Breakfast,Regular,7,2,December,2025,12,28,6,1
4972,2025-12-28 23:04:07.009401884,Paneer Butter Masala,1,Vegetarian,170,170,Sunday,Breakfast,New,1,0,December,2025,12,28,6,1
4973,2025-12-29 00:48:58.187637528,Mutton Biryani,4,Mutton,240,960,Monday,Dinner,Regular,5,1,December,2025,12,29,0,0
4974,2025-12-29 02:33:49.365873176,Noodles,4,Vegetarian,110,440,Monday,Dinner,Regular,6,2,December,2025,12,29,0,0
4975,2025-12-29 04:18:40.544108824,Dosa,2,Vegetarian,50,100,Monday,Breakfast,Regular,2,0,December,2025,12,29,0,0
4976,2025-12-29 06:03:31.722344472,Chicken Grill,1,Chicken,220,220,Monday,Breakfast,Regular,1,0,December,2025,12,29,0,0
4977,2025-12-29 07:48:22.900580120,Idli,3,Vegetarian,40,120,Monday,Lunch,Regular,4,1,December,2025,12,29,0,0
4978,2025-12-29 09:33:14.078815764,Chicken 65,1,Chicken,140,140,Monday,Lunch,New,1,0,December,2025,12,29,0,0
4979,2025-12-29 11:18:05.257051412,Chicken Grill,4,Chicken,220,880,Monday,Lunch,New,6,2,December,2025,12,29,0,0
4980,2025-12-29 13:02:56.435287060,Noodles,2,Vegetarian,110,220,Monday,Lunch,New,2,0,December,2025,12,29,0,0
4981,2025-12-29 14:47:47.613522708,Noodles,2,Vegetarian,110,220,Monday,Dinner,Regular,2,0,December,2025,12,29,0,0
4982,2025-12-29 16:32:38.791758352,Idli,3,Vegetarian,40,120,Monday,Lunch,Regular,5,2,December,2025,12,29,0,0
4983,2025-12-29 18:17:29.969994000,Fried Rice,2,Vegetarian,120,240,Monday,Dinner,New,2,0,December,2025,12,29,0,0
4984,2025-12-29 20:02:21.148229648,Chicken Grill,2,Chicken,220,440,Monday,Dinner,Regular,2,0,December,2025,12,29,0,0
4985,2025-12-29 21:47:12.326465296,Parotta,2,Vegetarian,60,120,Monday,Lunch,New,5,3,December,2025,12,29,0,0
4986,2025-12-29 23:32:03.504700944,Idli,2,Vegetarian,40,80,Monday,Dinner,New,2,0,December,2025,12,29,0,0
4987,2025-12-30 01:16:54.682936588,Noodles,2,Vegetarian,110,220,Tuesday,Dinner,Regular,2,0,December,2025,12,30,1,0
4988,2025-12-30 03:01:45.861172236,Parotta,4,Vegetarian,60,240,Tuesday,Lunch,New,7,3,December,2025,12,30,1,0
4989,2025-12-30 04:46:37.039407884,Chicken Fried Rice,1,Chicken,160,160,Tuesday,Lunch,Regular,4,3,December,2025,12,30,1,0
4990,2025-12-30 06:31:28.217643532,Veg Biryani,5,Vegetarian,130,650,Tuesday,Dinner,New,8,3,December,2025,12,30,1,0
4991,2025-12-30 08:16:19.395879180,Parotta,2,Vegetarian,60,120,Tuesday,Breakfast,New,3,1,December,2025,12,30,1,0
4992,2025-12-30 10:01:10.574114824,Fried Rice,5,Vegetarian,120,600,Tuesday,Breakfast,Regular,6,1,December,2025,12,30,1,0
4993,2025-12-30 11:46:01.752350472,Mutton Biryani,5,Mutton,240,1200,Tuesday,Lunch,Regular,7,2,December,2025,12,30,1,0
4994,2025-12-30 13:30:52.930586120,Chicken Grill,4,Chicken,220,880,Tuesday,Dinner,New,4,0,December,2025,12,30,1,0
4995,2025-12-30 15:15:44.108821768,Fried Rice,2,Vegetarian,120,240,Tuesday,Dinner,Regular,4,2,December,2025,12,30,1,0
4996,2025-12-30 17:00:35.287057412,Dosa,5,Vegetarian,50,250,Tuesday,Dinner,Regular,6,1,December,2025,12,30,1,0
4997,2025-12-30 18:45:26.465293060,Paneer Butter Masala,2,Vegetarian,170,340,Tuesday,Lunch,Regular,2,0,December,2025,12,30,1,0
4998,2025-12-30 20:30:17.643528708,Chicken Noodles,3,Chicken,150,450,Tuesday,Breakfast,New,3,0,December,2025,12,30,1,0
4999,2025-12-30 22:15:08.821764356,Noodles,3,Vegetarian,110,330,Tuesday,Lunch,Regular,6,3,December,2025,12,30,1,0
5000,2025-12-31 00:00:00.000000000,Paneer Butter Masala,3,Vegetarian,170,510,Wednesday,Dinner,Regular,4,1,December,2025,12,31,2,0
