Food_Item,Category,Unit_Price,Day,Meal_Time,Customer_Type,Year,Month_Number,Day_Number,Day_of_Week_Number,Is_Weekend,Actual_Quantity,Predicted_Quantity,Absolute_Error
Chicken Biryani,Chicken,180,Sunday,Dinner,Regular,2025,4,20,6,1,1,2.9314584354557076,1.9314584354557076
Dosa,Vegetarian,50,Tuesday,Dinner,Regular,2025,7,8,1,0,5,2.9464679364927098,2.0535320635072902
Chicken Fried Rice,Chicken,160,Sunday,Breakfast,Regular,2025,7,13,6,1,3,2.9621581802442614,0.03784181975573864
Dosa,Vegetarian,50,Tuesday,Lunch,Regular,2025,3,18,1,0,1,2.9774891581301324,1.9774891581301324
Chicken Noodles,Chicken,150,Friday,Dinner,New,2025,2,21,4,0,5,2.952250452290599,2.047749547709401
Paneer Butter Masala,Vegetarian,170,Wednesday,Lunch,Regular,2025,1,8,2,0,1,3.0376594437638746,2.0376594437638746
Chicken 65,Chicken,140,Wednesday,Lunch,Regular,2025,2,12,2,0,2,2.817751505698126,0.8177515056981259
Chicken 65,Chicken,140,Sunday,Lunch,New,2025,6,29,6,1,3,2.892382795698602,0.10761720430139787
Chicken Fried Rice,Chicken,160,Wednesday,Dinner,Regular,2025,6,25,2,0,1,2.8143631665772997,1.8143631665772997
Mutton Biryani,Mutton,240,Sunday,Dinner,Regular,2025,4,27,6,1,4,2.903266737364123,1.096733262635877
Noodles,Vegetarian,110,Sunday,Dinner,New,2025,6,29,6,1,1,2.962093749897856,1.9620937498978561
Mutton Biryani,Mutton,240,Friday,Breakfast,New,2025,1,17,4,0,1,2.9517812047297762,1.9517812047297762
Chicken Fried Rice,Chicken,160,Saturday,Lunch,New,2025,3,8,5,1,1,2.976724659200775,1.9767246592007748
Chicken Noodles,Chicken,150,Thursday,Lunch,New,2025,2,27,3,0,4,3.1009208266626658,0.8990791733373342
Chicken Fried Rice,Chicken,160,Friday,Breakfast,Regular,2025,8,8,4,0,2,2.9217508105864782,0.9217508105864782
Parotta,Vegetarian,60,Monday,Dinner,New,2025,9,15,0,0,3,2.985525955762828,0.014474044237172023
Paneer Butter Masala,Vegetarian,170,Thursday,Lunch,Regular,2025,3,20,3,0,4,3.181653460162737,0.8183465398372629
Mutton Biryani,Mutton,240,Tuesday,Breakfast,Regular,2025,9,2,1,0,3,2.9545066077242423,0.04549339227575766
Chicken Fried Rice,Chicken,160,Wednesday,Dinner,New,2025,5,7,2,0,5,2.8222422232557753,2.1777577767442247
Mutton Biryani,Mutton,240,Thursday,Breakfast,Regular,2025,3,20,3,0,4,3.061551300785945,0.9384486992140548
Mutton Biryani,Mutton,240,Sunday,Dinner,Regular,2025,3,9,6,1,3,2.903266737364123,0.096733262635877
Chicken Grill,Chicken,220,Monday,Dinner,New,2025,8,11,0,0,3,2.9892331307790045,0.010766869220995456
Chicken Biryani,Chicken,180,Sunday,Lunch,Regular,2025,3,23,6,1,2,2.96247965709313,0.9624796570931302
Paneer Butter Masala,Vegetarian,170,Sunday,Lunch,Regular,2025,2,16,6,1,4,3.1044116770858756,0.8955883229141244
Parotta,Vegetarian,60,Sunday,Dinner,Regular,2025,12,14,6,1,1,2.9534013270369472,1.9534013270369472
Idli,Vegetarian,40,Thursday,Lunch,New,2025,2,6,3,0,2,3.1712002887273067,1.1712002887273067
Mutton Biryani,Mutton,240,Friday,Dinner,New,2025,10,24,4,0,1,2.8707384243848155,1.8707384243848155
Chicken Biryani,Chicken,180,Saturday,Dinner,Regular,2025,1,25,5,1,1,2.9881674164412835,1.9881674164412835
Chicken Grill,Chicken,220,Monday,Lunch,Regular,2025,12,8,0,0,4,3.0123752957379515,0.9876247042620485
Noodles,Vegetarian,110,Wednesday,Breakfast,New,2025,2,5,2,0,1,2.9763842969208154,1.9763842969208154
Paneer Butter Masala,Vegetarian,170,Friday,Dinner,Regular,2025,5,23,4,0,5,3.0329830857906703,1.9670169142093297
Veg Meals,Vegetarian,100,Wednesday,Lunch,Regular,2025,1,29,2,0,3,2.964028161038567,0.03597183896143319
Idli,Vegetarian,40,Friday,Breakfast,Regular,2025,12,19,4,0,3,3.095693638021725,0.09569363802172504
Dosa,Vegetarian,50,Sunday,Breakfast,Regular,2025,12,21,6,1,5,3.057313626822512,1.9426863731774882
Noodles,Vegetarian,110,Thursday,Dinner,Regular,2025,5,8,3,0,1,3.031456476296242,2.031456476296242
Veg Meals,Vegetarian,100,Thursday,Lunch,Regular,2025,7,3,3,0,2,3.1080221774374293,1.1080221774374293
Noodles,Vegetarian,110,Friday,Lunch,Regular,2025,9,19,4,0,3,2.94482854519902,0.05517145480098007
Chicken Grill,Chicken,220,Tuesday,Lunch,New,2025,11,11,1,0,3,2.9662058703841803,0.033794129615819735
Fried Rice,Vegetarian,120,Sunday,Dinner,Regular,2025,12,28,6,1,3,2.943772868711386,0.05622713128861401
Chicken Biryani,Chicken,180,Monday,Dinner,Regular,2025,6,2,0,0,4,2.955704007503113,1.0442959924968869
Chicken Biryani,Chicken,180,Saturday,Lunch,New,2025,9,20,5,1,5,3.0270676947571813,1.9729323052428187
Chicken Fried Rice,Chicken,160,Tuesday,Dinner,New,2025,10,28,1,0,4,2.859191546592935,1.140808453407065
Chicken Biryani,Chicken,180,Friday,Breakfast,New,2025,1,3,4,0,4,2.9799729028213604,1.0200270971786396
Idli,Vegetarian,40,Sunday,Dinner,Regular,2025,1,5,6,1,5,3.0550582273345475,1.9449417726654525
Dosa,Vegetarian,50,Monday,Dinner,New,2025,3,3,0,0,5,3.008395475203432,1.9916045247965681
Veg Biryani,Vegetarian,130,Sunday,Lunch,Regular,2025,10,12,6,1,4,3.035886312248352,0.9641136877516479
Chicken Fried Rice,Chicken,160,Thursday,Dinner,Regular,2025,10,2,3,0,2,2.958357182976162,0.9583571829761621
Veg Biryani,Vegetarian,130,Thursday,Lunch,Regular,2025,12,4,3,0,1,3.1131280953252136,2.1131280953252136
Chicken Grill,Chicken,220,Tuesday,Lunch,New,2025,8,19,1,0,1,2.9662058703841803,1.9662058703841803
Mutton Biryani,Mutton,240,Sunday,Lunch,Regular,2025,7,13,6,1,2,2.9342879590015456,0.9342879590015456
Fried Rice,Vegetarian,120,Wednesday,Lunch,Regular,2025,12,3,2,0,1,2.908041857026807,1.9080418570268072
Mutton Biryani,Mutton,240,Wednesday,Breakfast,Regular,2025,12,3,2,0,4,2.9175572843870827,1.0824427156129173
Mutton Biryani,Mutton,240,Saturday,Lunch,New,2025,6,28,5,1,2,2.998875996665597,0.9988759966655971
Idli,Vegetarian,40,Sunday,Lunch,Regular,2025,7,27,6,1,5,3.08607944897197,1.91392055102803
Chicken Grill,Chicken,220,Tuesday,Dinner,New,2025,3,25,1,0,4,2.9351846487467577,1.0648153512532423
Veg Meals,Vegetarian,100,Wednesday,Breakfast,Regular,2025,8,13,2,0,3,3.014049719746105,0.014049719746104916
Noodles,Vegetarian,110,Saturday,Dinner,Regular,2025,3,22,5,1,5,3.0109236742049568,1.9890763257950432
Veg Meals,Vegetarian,100,Monday,Lunch,Regular,2025,1,13,0,0,1,3.0550259664079733,2.0550259664079733
Paneer Butter Masala,Vegetarian,170,Friday,Dinner,New,2025,5,2,4,0,3,3.0408621424691455,0.040862142469145546
Chicken Noodles,Chicken,150,Monday,Breakfast,Regular,2025,7,7,0,0,4,3.0900671176622727,0.9099328823377273
Chicken Biryani,Chicken,180,Monday,Lunch,New,2025,6,23,0,0,4,2.994604285819011,1.005395714180989
Chicken 65,Chicken,140,Monday,Dinner,New,2025,11,17,0,0,4,2.885607146108585,1.114392853891415
Paneer Butter Masala,Vegetarian,170,Thursday,Lunch,Regular,2025,11,6,3,0,3,3.181653460162737,0.1816534601627371
Fried Rice,Vegetarian,120,Thursday,Breakfast,New,2025,10,9,3,0,3,3.109936488811683,0.10993648881168294
Noodles,Vegetarian,110,Thursday,Dinner,New,2025,1,2,3,0,4,3.039335532974717,0.9606644670252829
Parotta,Vegetarian,60,Friday,Dinner,Regular,2025,7,11,4,0,4,2.912993957379164,1.0870060426208359
Fried Rice,Vegetarian,120,Monday,Dinner,Regular,2025,9,1,0,0,5,2.968018440758791,2.031981559241209
Noodles,Vegetarian,110,Wednesday,Lunch,Regular,2025,6,11,2,0,1,2.918483681534802,1.918483681534802
Fried Rice,Vegetarian,120,Friday,Lunch,New,2025,9,26,4,0,5,2.9422657773695007,2.0577342226304993
Paneer Butter Masala,Vegetarian,170,Wednesday,Dinner,Regular,2025,12,10,2,0,3,3.006638222126452,0.0066382221264520425
Mutton Biryani,Mutton,240,Monday,Lunch,New,2025,5,19,0,0,4,2.9664125877274263,1.0335874122725737
Mutton Biryani,Mutton,240,Tuesday,Lunch,New,2025,1,7,1,0,3,2.9123641056951795,0.08763589430482055
Veg Biryani,Vegetarian,130,Friday,Dinner,Regular,2025,1,17,4,0,4,2.9644577209531464,1.0355422790468536
Paneer Butter Masala,Vegetarian,170,Wednesday,Lunch,New,2025,1,22,2,0,4,3.0455385004423503,0.9544614995576497
Chicken Biryani,Chicken,180,Friday,Dinner,New,2025,3,14,4,0,2,2.8989301224763997,0.8989301224763997
Veg Biryani,Vegetarian,130,Thursday,Lunch,Regular,2025,6,5,3,0,2,3.1131280953252136,1.1131280953252136
Chicken Noodles,Chicken,150,Friday,Dinner,Regular,2025,2,21,4,0,2,2.944371395612124,0.9443713956121238
Chicken Biryani,Chicken,180,Wednesday,Breakfast,Regular,2025,7,23,2,0,5,2.9457489824786673,2.0542510175213327
Mutton Biryani,Mutton,240,Friday,Lunch,Regular,2025,7,4,4,0,1,2.8938805893437625,1.8938805893437625
Veg Biryani,Vegetarian,130,Wednesday,Dinner,Regular,2025,10,1,2,0,5,2.9381128572889286,2.0618871427110714
Idli,Vegetarian,40,Saturday,Dinner,New,2025,8,30,5,1,2,3.119646264998599,1.119646264998599
Chicken Grill,Chicken,220,Wednesday,Lunch,Regular,2025,8,20,2,0,3,2.921377490368545,0.078622509631455
Dosa,Vegetarian,50,Saturday,Breakfast,Regular,2025,11,1,5,1,2,3.1140226078080877,1.1140226078080877
Parotta,Vegetarian,60,Monday,Lunch,New,2025,4,28,0,0,1,3.0165471774002506,2.0165471774002506
Chicken Fried Rice,Chicken,160,Saturday,Dinner,New,2025,8,9,5,1,2,2.945703437563352,0.9457034375633522
Mutton Biryani,Mutton,240,Sunday,Dinner,Regular,2025,4,13,6,1,2,2.903266737364123,0.903266737364123
Idli,Vegetarian,40,Tuesday,Breakfast,Regular,2025,2,25,1,0,3,3.106298097694667,0.1062980976946668
Chicken Fried Rice,Chicken,160,Monday,Lunch,New,2025,2,17,0,0,2,2.944261250262604,0.944261250262604
Chicken 65,Chicken,140,Tuesday,Lunch,Regular,2025,12,16,1,0,2,2.8547008290352855,0.8547008290352855
Chicken 65,Chicken,140,Wednesday,Breakfast,New,2025,10,8,2,0,3,2.8756521210841393,0.12434787891586074
Dosa,Vegetarian,50,Thursday,Dinner,Regular,2025,10,30,3,0,3,3.0535126295544126,0.053512629554412605
Veg Biryani,Vegetarian,130,Tuesday,Dinner,Regular,2025,2,4,1,0,2,2.9750621806260886,0.9750621806260886
Fried Rice,Vegetarian,120,Sunday,Lunch,New,2025,1,12,6,1,2,2.982673147027284,0.9826731470272838
Chicken Noodles,Chicken,150,Saturday,Lunch,Regular,2025,4,5,5,1,5,3.0725089678929054,1.9274910321070946
Veg Meals,Vegetarian,100,Thursday,Lunch,New,2025,2,6,3,0,4,3.1159012341159045,0.8840987658840955
Mutton Biryani,Mutton,240,Friday,Dinner,New,2025,12,12,4,0,4,2.8707384243848155,1.1292615756151845
Chicken Grill,Chicken,220,Sunday,Lunch,Regular,2025,8,3,6,1,3,2.988129723690546,0.011870276309454031
Fried Rice,Vegetarian,120,Tuesday,Lunch,New,2025,9,9,1,0,5,2.9528702370424424,2.0471297629575576
Dosa,Vegetarian,50,Tuesday,Breakfast,Regular,2025,1,28,1,0,1,3.0275107168376705,2.0275107168376705
Chicken Fried Rice,Chicken,160,Monday,Dinner,Regular,2025,1,6,0,0,2,2.905360971946706,0.9053609719467062
Chicken Noodles,Chicken,150,Thursday,Breakfast,New,2025,4,24,3,0,1,3.150942385370204,2.150942385370204
Noodles,Vegetarian,110,Friday,Lunch,Regular,2025,5,2,4,0,3,2.94482854519902,0.05517145480098007
Paneer Butter Masala,Vegetarian,170,Thursday,Breakfast,Regular,2025,6,5,3,0,2,3.231675018870275,1.2316750188702752
Paneer Butter Masala,Vegetarian,170,Thursday,Dinner,Regular,2025,11,20,3,0,4,3.1506322385253145,0.8493677614746855
Veg Biryani,Vegetarian,130,Monday,Dinner,Regular,2025,2,3,0,0,1,3.029110662658335,2.029110662658335
Chicken 65,Chicken,140,Sunday,Dinner,Regular,2025,1,19,6,1,3,2.8534825173827043,0.1465174826172957
Chicken Grill,Chicken,220,Sunday,Dinner,Regular,2025,3,9,6,1,4,2.957108502053124,1.0428914979468762
Veg Biryani,Vegetarian,130,Tuesday,Lunch,Regular,2025,4,8,1,0,4,3.006083402263511,0.9939165977364892
Parotta,Vegetarian,60,Wednesday,Dinner,Regular,2025,11,26,2,0,2,2.8866490937149463,0.8866490937149463
Chicken 65,Chicken,140,Tuesday,Lunch,Regular,2025,4,8,1,0,2,2.8547008290352855,0.8547008290352855
Dosa,Vegetarian,50,Sunday,Lunch,Regular,2025,4,13,6,1,5,3.0072920681149737,1.9927079318850263
Parotta,Vegetarian,60,Friday,Dinner,Regular,2025,3,21,4,0,3,2.912993957379164,0.08700604262083589
Dosa,Vegetarian,50,Monday,Lunch,New,2025,11,3,0,0,4,3.0394166968408545,0.9605833031591455
Veg Biryani,Vegetarian,130,Monday,Dinner,Regular,2025,2,24,0,0,3,3.029110662658335,0.029110662658335063
Noodles,Vegetarian,110,Thursday,Dinner,New,2025,6,19,3,0,5,3.039335532974717,1.9606644670252829
Paneer Butter Masala,Vegetarian,170,Saturday,Lunch,New,2025,9,20,5,1,2,3.168999714749927,1.1689997147499271
Chicken Noodles,Chicken,150,Wednesday,Lunch,Regular,2025,6,4,2,0,4,2.949047753585328,1.0509522464146719
Chicken 65,Chicken,140,Monday,Breakfast,New,2025,6,2,0,0,1,2.9666499264535457,1.9666499264535457
Mutton Biryani,Mutton,240,Saturday,Lunch,New,2025,1,18,5,1,4,2.998875996665597,1.0011240033344029
Noodles,Vegetarian,110,Saturday,Dinner,Regular,2025,6,21,5,1,2,3.0109236742049568,1.0109236742049568
Chicken Grill,Chicken,220,Thursday,Lunch,New,2025,4,10,3,0,2,3.0732505634458827,1.0732505634458827
Idli,Vegetarian,40,Tuesday,Dinner,New,2025,3,18,1,0,3,3.0331343740281818,0.03313437402818176
Chicken Fried Rice,Chicken,160,Wednesday,Dinner,Regular,2025,12,17,2,0,2,2.8143631665772997,0.8143631665772997
Veg Meals,Vegetarian,100,Wednesday,Lunch,Regular,2025,1,15,2,0,1,2.964028161038567,1.9640281610385668
Idli,Vegetarian,40,Monday,Dinner,Regular,2025,6,16,0,0,1,3.079303799381953,2.079303799381953
Chicken Biryani,Chicken,180,Friday,Breakfast,New,2025,12,12,4,0,2,2.9799729028213604,0.9799729028213604
Chicken Fried Rice,Chicken,160,Wednesday,Lunch,Regular,2025,6,11,2,0,2,2.8453843882147223,0.8453843882147223
Fried Rice,Vegetarian,120,Sunday,Lunch,Regular,2025,12,14,6,1,4,2.974794090348808,1.0252059096511918
Chicken 65,Chicken,140,Friday,Breakfast,Regular,2025,7,25,4,0,5,2.894117928069882,2.105882071930118
Parotta,Vegetarian,60,Monday,Breakfast,Regular,2025,8,18,0,0,5,3.0586896794293135,1.9413103205706865
Chicken Biryani,Chicken,180,Thursday,Lunch,Regular,2025,11,6,3,0,1,3.0397214401699912,2.0397214401699912
Chicken Grill,Chicken,220,Friday,Lunch,Regular,2025,8,15,4,0,2,2.947722354032763,0.9477223540327628
Parotta,Vegetarian,60,Saturday,Lunch,New,2025,5,24,5,1,4,3.0490105863384214,0.9509894136615786
Parotta,Vegetarian,60,Friday,Lunch,Regular,2025,4,11,4,0,3,2.9440151790165867,0.055984820983413286
Dosa,Vegetarian,50,Thursday,Lunch,New,2025,10,16,3,0,3,3.0924129078703104,0.09241290787031042
Chicken Biryani,Chicken,180,Thursday,Lunch,New,2025,10,23,3,0,1,3.047600496848467,2.047600496848467
Fried Rice,Vegetarian,120,Thursday,Breakfast,Regular,2025,11,20,3,0,2,3.1020574321332077,1.1020574321332077
Chicken Fried Rice,Chicken,160,Wednesday,Dinner,Regular,2025,9,17,2,0,2,2.8143631665772997,0.8143631665772997
Mutton Biryani,Mutton,240,Wednesday,Dinner,Regular,2025,3,12,2,0,3,2.836514504042122,0.16348549595787798
Chicken 65,Chicken,140,Tuesday,Breakfast,Regular,2025,1,14,1,0,1,2.9047223877428237,1.9047223877428237
Parotta,Vegetarian,60,Saturday,Lunch,New,2025,9,27,5,1,2,3.0490105863384214,1.0490105863384214
Chicken Fried Rice,Chicken,160,Monday,Lunch,Regular,2025,10,6,0,0,5,2.9363821935841288,2.0636178064158712
Parotta,Vegetarian,60,Monday,Breakfast,New,2025,12,22,0,0,1,3.0665687361077887,2.0665687361077887
Chicken 65,Chicken,140,Saturday,Lunch,Regular,2025,10,11,5,1,5,2.9412127200057028,2.0587872799942972
Chicken Fried Rice,Chicken,160,Sunday,Lunch,New,2025,11,23,6,1,5,2.920015678215199,2.079984321784801
Parotta,Vegetarian,60,Sunday,Lunch,New,2025,8,24,6,1,1,2.992301605352845,1.992301605352845
Dosa,Vegetarian,50,Tuesday,Lunch,Regular,2025,8,5,1,0,3,2.9774891581301324,0.022510841869867626
Chicken Biryani,Chicken,180,Thursday,Lunch,Regular,2025,9,18,3,0,3,3.0397214401699912,0.03972144016999124
Parotta,Vegetarian,60,Wednesday,Dinner,Regular,2025,7,30,2,0,4,2.8866490937149463,1.1133509062850537
Idli,Vegetarian,40,Monday,Breakfast,New,2025,7,7,0,0,5,3.168225636405389,1.831774363594611
Chicken Grill,Chicken,220,Monday,Dinner,New,2025,4,14,0,0,5,2.9892331307790045,2.0107668692209955
Dosa,Vegetarian,50,Sunday,Lunch,Regular,2025,10,12,6,1,4,3.0072920681149737,0.9927079318850263
Chicken Noodles,Chicken,150,Sunday,Lunch,Regular,2025,12,7,6,1,1,3.015799986907329,2.015799986907329
Veg Meals,Vegetarian,100,Tuesday,Lunch,Regular,2025,12,23,1,0,2,3.0009774843757264,1.0009774843757264
Paneer Butter Masala,Vegetarian,170,Friday,Lunch,New,2025,5,16,4,0,3,3.071883364106568,0.07188336410656815
Idli,Vegetarian,40,Wednesday,Lunch,Regular,2025,1,1,2,0,1,3.019327215649969,2.019327215649969
Chicken Biryani,Chicken,180,Wednesday,Lunch,New,2025,7,30,2,0,5,2.9036064804496045,2.0963935195503955
Chicken Noodles,Chicken,150,Sunday,Lunch,New,2025,7,27,6,1,5,3.0236790435858043,1.9763209564141957
Chicken Fried Rice,Chicken,160,Wednesday,Dinner,Regular,2025,9,24,2,0,2,2.8143631665772997,0.8143631665772997
Parotta,Vegetarian,60,Saturday,Dinner,Regular,2025,1,11,5,1,4,3.0101103080225236,0.9898896919774764
Idli,Vegetarian,40,Tuesday,Dinner,New,2025,6,3,1,0,5,3.0331343740281818,1.9668656259718182
Noodles,Vegetarian,110,Sunday,Dinner,New,2025,8,17,6,1,3,2.962093749897856,0.03790625010214388
Chicken Biryani,Chicken,180,Monday,Breakfast,New,2025,3,3,0,0,5,3.044625844526549,1.955374155473451
Chicken 65,Chicken,140,Monday,Lunch,Regular,2025,3,24,0,0,4,2.9087493110675324,1.0912506889324676
Parotta,Vegetarian,60,Saturday,Breakfast,Regular,2025,1,11,5,1,1,3.091153088367484,2.091153088367484
Chicken Grill,Chicken,220,Friday,Dinner,New,2025,9,19,4,0,4,2.924580189073816,1.075419810926184
Mutton Biryani,Mutton,240,Tuesday,Breakfast,Regular,2025,3,18,1,0,5,2.9545066077242423,2.0454933922757577
Fried Rice,Vegetarian,120,Saturday,Lunch,New,2025,4,26,5,1,4,3.0393821280128597,0.9606178719871403
Paneer Butter Masala,Vegetarian,170,Friday,Dinner,Regular,2025,8,8,4,0,2,3.0329830857906703,1.0329830857906703
Fried Rice,Vegetarian,120,Wednesday,Lunch,New,2025,5,28,2,0,3,2.915920913705283,0.08407908629471716
Chicken Noodles,Chicken,150,Saturday,Lunch,Regular,2025,9,6,5,1,2,3.0725089678929054,1.0725089678929054
Chicken 65,Chicken,140,Monday,Lunch,Regular,2025,5,12,0,0,3,2.9087493110675324,0.09125068893246757
Chicken Fried Rice,Chicken,160,Wednesday,Lunch,Regular,2025,7,16,2,0,2,2.8453843882147223,0.8453843882147223
Veg Meals,Vegetarian,100,Sunday,Lunch,Regular,2025,8,10,6,1,5,3.030780394360568,1.9692196056394322
Dosa,Vegetarian,50,Tuesday,Dinner,Regular,2025,2,4,1,0,5,2.9464679364927098,2.0535320635072902
Paneer Butter Masala,Vegetarian,170,Thursday,Dinner,Regular,2025,8,28,3,0,5,3.1506322385253145,1.8493677614746855
Chicken Biryani,Chicken,180,Friday,Lunch,Regular,2025,10,24,4,0,1,2.922072287435347,1.922072287435347
Idli,Vegetarian,40,Friday,Breakfast,Regular,2025,9,12,4,0,2,3.095693638021725,1.095693638021725
Fried Rice,Vegetarian,120,Tuesday,Breakfast,Regular,2025,1,21,1,0,4,2.9950127390715053,1.0049872609284947
Veg Biryani,Vegetarian,130,Wednesday,Breakfast,Regular,2025,5,7,2,0,1,3.0191556376338893,2.0191556376338893
Chicken Noodles,Chicken,150,Wednesday,Dinner,New,2025,12,3,2,0,1,2.925905588626381,1.9259055886263812
Chicken Noodles,Chicken,150,Wednesday,Breakfast,Regular,2025,7,30,2,0,5,2.999069312292866,2.000930687707134
Chicken Grill,Chicken,220,Thursday,Lunch,Regular,2025,5,22,3,0,1,3.0653715067674074,2.0653715067674074
Veg Biryani,Vegetarian,130,Wednesday,Lunch,New,2025,1,8,2,0,1,2.9770131356048264,1.9770131356048264
Parotta,Vegetarian,60,Thursday,Lunch,Regular,2025,7,24,3,0,2,3.061664331751231,1.0616643317512309
Chicken Grill,Chicken,220,Wednesday,Dinner,New,2025,9,17,2,0,1,2.898235325409598,1.898235325409598
Chicken Grill,Chicken,220,Friday,Dinner,Regular,2025,9,26,4,0,1,2.9167011323953407,1.9167011323953407
Noodles,Vegetarian,110,Wednesday,Breakfast,Regular,2025,9,24,2,0,5,2.96850524024234,2.03149475975766
Noodles,Vegetarian,110,Saturday,Breakfast,New,2025,2,8,5,1,2,3.0998455112283927,1.0998455112283927
Chicken 65,Chicken,140,Sunday,Dinner,Regular,2025,5,18,6,1,2,2.8534825173827043,0.8534825173827043
Chicken Fried Rice,Chicken,160,Wednesday,Breakfast,Regular,2025,2,19,2,0,1,2.8954059469222604,1.8954059469222604
Noodles,Vegetarian,110,Saturday,Lunch,Regular,2025,10,4,5,1,2,3.041944895842379,1.041944895842379
Dosa,Vegetarian,50,Wednesday,Dinner,New,2025,10,15,2,0,5,2.9173976698340254,2.0826023301659746
Idli,Vegetarian,40,Saturday,Lunch,New,2025,12,6,5,1,2,3.1506674866360216,1.1506674866360216
Parotta,Vegetarian,60,Tuesday,Lunch,New,2025,5,27,1,0,1,2.9624986953680037,1.9624986953680037
Parotta,Vegetarian,60,Friday,Lunch,Regular,2025,3,21,4,0,4,2.9440151790165867,1.0559848209834133
Fried Rice,Vegetarian,120,Sunday,Dinner,Regular,2025,3,2,6,1,4,2.943772868711386,1.056227131288614
Noodles,Vegetarian,110,Thursday,Breakfast,Regular,2025,7,24,3,0,4,3.1124992566412026,0.8875007433587974
Dosa,Vegetarian,50,Monday,Lunch,New,2025,10,6,0,0,5,3.0394166968408545,1.9605833031591455
Chicken Biryani,Chicken,180,Sunday,Lunch,Regular,2025,11,16,6,1,3,2.96247965709313,0.037520342906869786
Chicken Noodles,Chicken,150,Saturday,Dinner,New,2025,10,11,5,1,2,3.049366802933958,1.049366802933958
Chicken Fried Rice,Chicken,160,Tuesday,Lunch,Regular,2025,2,25,1,0,2,2.882333711551882,0.8823337115518819
Chicken Grill,Chicken,220,Monday,Dinner,Regular,2025,7,21,0,0,1,2.981354074100529,1.9813540741005289
Noodles,Vegetarian,110,Wednesday,Breakfast,Regular,2025,11,12,2,0,5,2.96850524024234,2.03149475975766
Chicken 65,Chicken,140,Thursday,Lunch,New,2025,8,28,3,0,5,2.9696245787754636,2.0303754212245364
Paneer Butter Masala,Vegetarian,170,Monday,Lunch,Regular,2025,6,9,0,0,3,3.128657249133281,0.12865724913328114
Mutton Biryani,Mutton,240,Saturday,Breakfast,New,2025,6,21,5,1,5,3.0488975553731352,1.9511024446268648
Mutton Biryani,Mutton,240,Sunday,Dinner,Regular,2025,9,7,6,1,5,2.903266737364123,2.096733262635877
Noodles,Vegetarian,110,Friday,Dinner,Regular,2025,10,17,4,0,1,2.9138073235615973,1.9138073235615973
Fried Rice,Vegetarian,120,Saturday,Dinner,Regular,2025,3,8,5,1,4,3.000481849696962,0.9995181503030381
Chicken Grill,Chicken,220,Monday,Dinner,Regular,2025,8,18,0,0,1,2.981354074100529,1.9813540741005289
Idli,Vegetarian,40,Friday,Dinner,Regular,2025,3,14,4,0,1,3.0146508576767643,2.0146508576767643
Chicken 65,Chicken,140,Tuesday,Breakfast,New,2025,9,23,1,0,2,2.9126014444212993,0.9126014444212993
Noodles,Vegetarian,110,Monday,Dinner,New,2025,6,30,0,0,3,2.986339321945261,0.013660678054738806
Chicken Grill,Chicken,220,Friday,Dinner,Regular,2025,10,24,4,0,5,2.9167011323953407,2.0832988676046593
Noodles,Vegetarian,110,Sunday,Dinner,Regular,2025,6,22,6,1,3,2.9542146932193805,0.04578530678061954
Fried Rice,Vegetarian,120,Friday,Lunch,Regular,2025,12,19,4,0,1,2.934386720691025,1.934386720691025
Paneer Butter Masala,Vegetarian,170,Friday,Breakfast,Regular,2025,1,3,4,0,2,3.1140258661356306,1.1140258661356306
Noodles,Vegetarian,110,Friday,Lunch,Regular,2025,10,3,4,0,2,2.94482854519902,0.9448285451990199
Fried Rice,Vegetarian,120,Sunday,Breakfast,Regular,2025,3,16,6,1,4,3.0248156490563467,0.9751843509436533
Idli,Vegetarian,40,Wednesday,Dinner,Regular,2025,4,30,2,0,5,2.9883059940125465,2.0116940059874535
Paneer Butter Masala,Vegetarian,170,Sunday,Lunch,Regular,2025,2,23,6,1,5,3.1044116770858756,1.8955883229141244
Veg Biryani,Vegetarian,130,Sunday,Dinner,Regular,2025,11,30,6,1,4,3.0048650906109295,0.9951349093890705
Veg Meals,Vegetarian,100,Wednesday,Dinner,Regular,2025,8,27,2,0,1,2.933006939401144,1.9330069394011442
Chicken Fried Rice,Chicken,160,Monday,Dinner,Regular,2025,4,28,0,0,3,2.905360971946706,0.09463902805329383
Chicken Biryani,Chicken,180,Sunday,Breakfast,New,2025,8,17,6,1,2,3.0203802724791435,1.0203802724791435
Paneer Butter Masala,Vegetarian,170,Tuesday,Breakfast,Regular,2025,7,15,1,0,5,3.124630325808573,1.8753696741914272
Idli,Vegetarian,40,Thursday,Breakfast,Regular,2025,7,17,3,0,1,3.2133427907563696,2.2133427907563696
Chicken Noodles,Chicken,150,Wednesday,Dinner,New,2025,1,22,2,0,4,2.925905588626381,1.0740944113736188
Chicken Noodles,Chicken,150,Friday,Dinner,Regular,2025,6,20,4,0,4,2.944371395612124,1.0556286043878762
Idli,Vegetarian,40,Monday,Lunch,New,2025,2,17,0,0,2,3.118204077697851,1.1182040776978508
Mutton Biryani,Mutton,240,Thursday,Breakfast,New,2025,10,2,3,0,3,3.0694303574644204,0.06943035746442039
Chicken Grill,Chicken,220,Wednesday,Dinner,New,2025,4,2,2,0,4,2.898235325409598,1.101764674590402
Chicken Fried Rice,Chicken,160,Wednesday,Dinner,New,2025,11,26,2,0,3,2.8222422232557753,0.17775777674422466
Fried Rice,Vegetarian,120,Friday,Breakfast,Regular,2025,1,17,4,0,4,2.9844082793985636,1.0155917206014364
Veg Meals,Vegetarian,100,Wednesday,Breakfast,New,2025,8,27,2,0,4,3.02192877642458,0.9780712235754199
Mutton Biryani,Mutton,240,Sunday,Lunch,New,2025,8,24,6,1,3,2.942167015680021,0.057832984319979186
Paneer Butter Masala,Vegetarian,170,Thursday,Lunch,New,2025,2,20,3,0,5,3.1895325168412123,1.8104674831587877
Chicken Noodles,Chicken,150,Sunday,Dinner,Regular,2025,7,20,6,1,5,2.9847787652699065,2.0152212347300935
Parotta,Vegetarian,60,Sunday,Lunch,New,2025,12,21,6,1,1,2.992301605352845,1.992301605352845
Fried Rice,Vegetarian,120,Wednesday,Dinner,New,2025,3,12,2,0,1,2.8848996920678602,1.8848996920678602
Parotta,Vegetarian,60,Sunday,Breakfast,Regular,2025,2,16,6,1,2,3.034444107381908,1.034444107381908
Parotta,Vegetarian,60,Saturday,Dinner,New,2025,10,25,5,1,1,3.0179893647009988,2.0179893647009988
Chicken Noodles,Chicken,150,Friday,Breakfast,Regular,2025,10,24,4,0,5,3.025414175957084,1.974585824042916
Paneer Butter Masala,Vegetarian,170,Monday,Dinner,New,2025,4,7,0,0,4,3.105515084174334,0.8944849158256658
Parotta,Vegetarian,60,Wednesday,Dinner,Regular,2025,5,14,2,0,2,2.8866490937149463,0.8866490937149463
Noodles,Vegetarian,110,Sunday,Breakfast,Regular,2025,6,8,6,1,2,3.035257473564341,1.0352574735643412
Veg Meals,Vegetarian,100,Monday,Dinner,New,2025,4,14,0,0,5,3.031883801449026,1.968116198550974
Idli,Vegetarian,40,Saturday,Dinner,Regular,2025,5,10,5,1,1,3.1117672083201238,2.1117672083201238
Parotta,Vegetarian,60,Wednesday,Dinner,Regular,2025,12,10,2,0,3,2.8866490937149463,0.11335090628505373
Chicken Fried Rice,Chicken,160,Tuesday,Dinner,Regular,2025,12,9,1,0,4,2.8513124899144597,1.1486875100855403
Chicken Biryani,Chicken,180,Monday,Lunch,Regular,2025,10,27,0,0,2,2.9867252291405353,0.9867252291405353
Chicken Biryani,Chicken,180,Thursday,Dinner,Regular,2025,5,1,3,0,4,3.008700218532569,0.9912997814674309
Mutton Biryani,Mutton,240,Friday,Dinner,New,2025,4,18,4,0,2,2.8707384243848155,0.8707384243848155
Idli,Vegetarian,40,Sunday,Lunch,Regular,2025,6,15,6,1,5,3.08607944897197,1.91392055102803
Chicken 65,Chicken,140,Wednesday,Dinner,New,2025,3,5,2,0,3,2.794609340739179,0.205390659260821
Mutton Biryani,Mutton,240,Sunday,Dinner,New,2025,9,14,6,1,1,2.9111457940425987,1.9111457940425987
Parotta,Vegetarian,60,Tuesday,Lunch,New,2025,5,27,1,0,5,2.9624986953680037,2.0375013046319963
Dosa,Vegetarian,50,Saturday,Dinner,Regular,2025,2,1,5,1,5,3.032979827463127,1.967020172536873
Chicken Noodles,Chicken,150,Saturday,Lunch,New,2025,2,15,5,1,4,3.0803880245713806,0.9196119754286194
Chicken 65,Chicken,140,Saturday,Dinner,Regular,2025,4,26,5,1,4,2.9101914983682806,1.0898085016317194
Fried Rice,Vegetarian,120,Wednesday,Dinner,Regular,2025,6,11,2,0,3,2.877020635389385,0.12297936461061498
Mutton Biryani,Mutton,240,Wednesday,Dinner,Regular,2025,6,11,2,0,3,2.836514504042122,0.16348549595787798
Dosa,Vegetarian,50,Sunday,Lunch,Regular,2025,11,23,6,1,5,3.0072920681149737,1.9927079318850263
Noodles,Vegetarian,110,Saturday,Lunch,Regular,2025,4,19,5,1,2,3.041944895842379,1.041944895842379
Idli,Vegetarian,40,Wednesday,Breakfast,Regular,2025,5,7,2,0,4,3.069348774357507,0.9306512256424928
Parotta,Vegetarian,60,Monday,Dinner,Regular,2025,6,30,0,0,5,2.9776468990843528,2.0223531009156472
Dosa,Vegetarian,50,Tuesday,Lunch,Regular,2025,7,8,1,0,1,2.9774891581301324,1.9774891581301324
Noodles,Vegetarian,110,Wednesday,Dinner,New,2025,7,30,2,0,2,2.895341516575855,0.8953415165758551
Veg Biryani,Vegetarian,130,Saturday,Lunch,New,2025,1,11,5,1,5,3.1004743499124037,1.8995256500875963
Parotta,Vegetarian,60,Wednesday,Dinner,Regular,2025,2,19,2,0,2,2.8866490937149463,0.8866490937149463
Chicken Noodles,Chicken,150,Wednesday,Lunch,Regular,2025,4,2,2,0,5,2.949047753585328,2.050952246414672
Noodles,Vegetarian,110,Thursday,Lunch,Regular,2025,12,25,3,0,5,3.0624776979336645,1.9375223020663355
Fried Rice,Vegetarian,120,Wednesday,Lunch,New,2025,1,1,2,0,4,2.915920913705283,1.0840790862947172
Chicken 65,Chicken,140,Wednesday,Breakfast,New,2025,5,14,2,0,1,2.8756521210841393,1.8756521210841393
Dosa,Vegetarian,50,Monday,Dinner,Regular,2025,8,25,0,0,1,3.0005164185249567,2.0005164185249567
Paneer Butter Masala,Vegetarian,170,Saturday,Lunch,Regular,2025,4,19,5,1,3,3.161120658071452,0.16112065807145193
Idli,Vegetarian,40,Friday,Lunch,New,2025,7,18,4,0,3,3.053551135992662,0.05355113599266215
Fried Rice,Vegetarian,120,Friday,Lunch,Regular,2025,9,26,4,0,4,2.934386720691025,1.065613279308975
Veg Biryani,Vegetarian,130,Monday,Dinner,Regular,2025,4,14,0,0,5,3.029110662658335,1.970889337341665
Dosa,Vegetarian,50,Tuesday,Lunch,Regular,2025,12,2,1,0,3,2.9774891581301324,0.022510841869867626
Paneer Butter Masala,Vegetarian,170,Monday,Lunch,New,2025,12,1,0,0,5,3.1365363058117564,1.8634636941882436
Dosa,Vegetarian,50,Sunday,Breakfast,New,2025,2,23,6,1,3,3.065192683500987,0.06519268350098706
Noodles,Vegetarian,110,Monday,Lunch,Regular,2025,3,31,0,0,5,3.0094814869042086,1.9905185130957914
Veg Meals,Vegetarian,100,Tuesday,Lunch,New,2025,4,29,1,0,1,3.008856541054202,2.008856541054202
Chicken 65,Chicken,140,Tuesday,Lunch,Regular,2025,10,14,1,0,3,2.8547008290352855,0.14529917096471445
Chicken Biryani,Chicken,180,Sunday,Dinner,Regular,2025,3,30,6,1,2,2.9314584354557076,0.9314584354557076
Dosa,Vegetarian,50,Tuesday,Lunch,New,2025,8,26,1,0,4,2.9853682148086076,1.0146317851913924
Dosa,Vegetarian,50,Wednesday,Lunch,Regular,2025,5,21,2,0,2,2.9405398347929728,0.9405398347929728
Chicken Fried Rice,Chicken,160,Monday,Breakfast,Regular,2025,2,10,0,0,1,2.986403752291667,1.9864037522916669
Chicken Fried Rice,Chicken,160,Wednesday,Lunch,New,2025,2,5,2,0,3,2.8532634448931975,0.1467365551068025
Chicken Noodles,Chicken,150,Monday,Dinner,Regular,2025,8,4,0,0,3,3.009024337317312,0.009024337317312003
Chicken Noodles,Chicken,150,Thursday,Breakfast,Regular,2025,6,19,3,0,4,3.1430633286917287,0.8569366713082713
Noodles,Vegetarian,110,Monday,Dinner,New,2025,6,9,0,0,4,2.986339321945261,1.0136606780547388
Chicken Noodles,Chicken,150,Tuesday,Breakfast,New,2025,8,12,1,0,1,3.0438976923085015,2.0438976923085015
Dosa,Vegetarian,50,Monday,Breakfast,Regular,2025,2,17,0,0,5,3.081559198869917,1.918440801130083
Noodles,Vegetarian,110,Sunday,Breakfast,New,2025,6,22,6,1,1,3.0431365302428164,2.0431365302428164
Chicken Biryani,Chicken,180,Thursday,Lunch,Regular,2025,6,12,3,0,3,3.0397214401699912,0.03972144016999124
Chicken Noodles,Chicken,150,Friday,Dinner,Regular,2025,11,7,4,0,4,2.944371395612124,1.0556286043878762
Veg Biryani,Vegetarian,130,Thursday,Dinner,New,2025,3,27,3,0,5,3.0899859303662662,1.9100140696337338
Chicken Noodles,Chicken,150,Friday,Breakfast,New,2025,1,10,4,0,1,3.0332932326355597,2.0332932326355597
Chicken Fried Rice,Chicken,160,Tuesday,Breakfast,Regular,2025,2,4,1,0,5,2.9323552702594204,2.0676447297405796
Chicken 65,Chicken,140,Saturday,Lunch,New,2025,8,23,5,1,2,2.9490917766841784,0.9490917766841784
Idli,Vegetarian,40,Sunday,Lunch,Regular,2025,4,13,6,1,5,3.08607944897197,1.91392055102803
Noodles,Vegetarian,110,Tuesday,Lunch,Regular,2025,7,29,1,0,5,2.9554330048719617,2.0445669951280383
Paneer Butter Masala,Vegetarian,170,Monday,Lunch,Regular,2025,11,24,0,0,3,3.128657249133281,0.12865724913328114
Mutton Biryani,Mutton,240,Monday,Dinner,Regular,2025,12,8,0,0,4,2.9275123094115285,1.0724876905884715
Dosa,Vegetarian,50,Friday,Lunch,New,2025,7,25,4,0,5,2.974763755135666,2.025236244864334
Chicken Fried Rice,Chicken,160,Tuesday,Lunch,Regular,2025,1,21,1,0,4,2.882333711551882,1.117666288448118
Noodles,Vegetarian,110,Saturday,Lunch,New,2025,5,17,5,1,5,3.0498239525208546,1.9501760474791454
Chicken Fried Rice,Chicken,160,Friday,Lunch,Regular,2025,8,15,4,0,2,2.87172925187894,0.8717292518789401
Idli,Vegetarian,40,Sunday,Dinner,New,2025,9,21,6,1,4,3.062937284013023,0.9370627159869769
Idli,Vegetarian,40,Wednesday,Lunch,Regular,2025,6,18,2,0,5,3.019327215649969,1.980672784350031
Parotta,Vegetarian,60,Thursday,Breakfast,Regular,2025,12,25,3,0,1,3.1116858904587694,2.1116858904587694
Veg Biryani,Vegetarian,130,Monday,Dinner,New,2025,4,28,0,0,1,3.0369897193368103,2.0369897193368103
Chicken Biryani,Chicken,180,Friday,Lunch,Regular,2025,3,14,4,0,3,2.922072287435347,0.07792771256465292
Veg Biryani,Vegetarian,130,Monday,Lunch,Regular,2025,5,12,0,0,4,3.0601318842957577,0.9398681157042423
Idli,Vegetarian,40,Saturday,Breakfast,New,2025,7,12,5,1,4,3.2006890453435597,0.7993109546564403
Chicken Biryani,Chicken,180,Tuesday,Dinner,Regular,2025,12,16,1,0,3,2.9016555254708662,0.09834447452913375
Idli,Vegetarian,40,Monday,Lunch,Regular,2025,9,15,0,0,5,3.1103250210193756,1.8896749789806244
Chicken 65,Chicken,140,Thursday,Breakfast,New,2025,12,18,3,0,4,3.0196461374830017,0.9803538625169983
Veg Meals,Vegetarian,100,Sunday,Breakfast,New,2025,10,12,6,1,3,3.0886810097465816,0.08868100974658155
Chicken Fried Rice,Chicken,160,Tuesday,Dinner,Regular,2025,6,3,1,0,1,2.8513124899144597,1.8513124899144597
Chicken 65,Chicken,140,Sunday,Lunch,Regular,2025,8,10,6,1,5,2.884503739020127,2.115496260979873
Chicken Biryani,Chicken,180,Friday,Lunch,Regular,2025,1,31,4,0,5,2.922072287435347,2.077927712564653
Fried Rice,Vegetarian,120,Thursday,Lunch,New,2025,3,13,3,0,2,3.059914930104145,1.0599149301041448
Mutton Biryani,Mutton,240,Wednesday,Lunch,Regular,2025,6,25,2,0,2,2.8675357256795446,0.8675357256795446
Idli,Vegetarian,40,Thursday,Lunch,Regular,2025,2,6,3,0,1,3.1633212320488315,2.1633212320488315
Mutton Biryani,Mutton,240,Thursday,Dinner,Regular,2025,10,30,3,0,2,2.9805085204409845,0.9805085204409845
Chicken 65,Chicken,140,Thursday,Lunch,Regular,2025,11,6,3,0,2,2.9617455220969884,0.9617455220969884
Paneer Butter Masala,Vegetarian,170,Tuesday,Lunch,Regular,2025,10,14,1,0,2,3.0746087671010343,1.0746087671010343
Chicken Noodles,Chicken,150,Friday,Lunch,Regular,2025,1,31,4,0,5,2.975392617249546,2.024607382750454
Idli,Vegetarian,40,Thursday,Breakfast,Regular,2025,10,30,3,0,4,3.2133427907563696,0.7866572092436304
Fried Rice,Vegetarian,120,Friday,Dinner,Regular,2025,3,28,4,0,1,2.903365499053603,1.9033654990536029
Veg Meals,Vegetarian,100,Wednesday,Dinner,Regular,2025,2,5,2,0,3,2.933006939401144,0.06699306059885579
Veg Meals,Vegetarian,100,Friday,Breakfast,New,2025,3,7,4,0,4,3.0482736400887984,0.9517263599112016
Dosa,Vegetarian,50,Friday,Lunch,Regular,2025,2,28,4,0,4,2.9668846984571906,1.0331153015428094
Mutton Biryani,Mutton,240,Monday,Lunch,Regular,2025,2,10,0,0,1,2.958533531048951,1.9585335310489511
Parotta,Vegetarian,60,Monday,Lunch,Regular,2025,10,6,0,0,3,3.008668120721775,0.008668120721774919
Idli,Vegetarian,40,Saturday,Breakfast,Regular,2025,3,29,5,1,1,3.192809988665084,2.192809988665084
Mutton Biryani,Mutton,240,Thursday,Dinner,Regular,2025,11,6,3,0,2,2.9805085204409845,0.9805085204409845
Idli,Vegetarian,40,Thursday,Breakfast,Regular,2025,10,23,3,0,5,3.2133427907563696,1.7866572092436304
Parotta,Vegetarian,60,Saturday,Dinner,New,2025,4,5,5,1,2,3.0179893647009988,1.0179893647009988
Parotta,Vegetarian,60,Wednesday,Lunch,Regular,2025,6,11,2,0,4,2.917670315352369,1.0823296846476311
Parotta,Vegetarian,60,Saturday,Breakfast,New,2025,9,13,5,1,2,3.0990321450459595,1.0990321450459595
Noodles,Vegetarian,110,Wednesday,Lunch,Regular,2025,9,24,2,0,1,2.918483681534802,1.918483681534802
Idli,Vegetarian,40,Saturday,Lunch,New,2025,12,13,5,1,4,3.1506674866360216,0.8493325133639784
Chicken 65,Chicken,140,Thursday,Breakfast,Regular,2025,8,7,3,0,3,3.0117670808045265,0.011767080804526486
Chicken Fried Rice,Chicken,160,Monday,Lunch,Regular,2025,6,2,0,0,1,2.9363821935841288,1.9363821935841288
Parotta,Vegetarian,60,Monday,Lunch,New,2025,6,9,0,0,3,3.0165471774002506,0.01654717740025058
Dosa,Vegetarian,50,Sunday,Lunch,Regular,2025,8,10,6,1,1,3.0072920681149737,2.0072920681149737
Chicken Biryani,Chicken,180,Monday,Breakfast,Regular,2025,10,13,0,0,5,3.0367467878480734,1.9632532121519266
Veg Meals,Vegetarian,100,Thursday,Lunch,New,2025,4,3,3,0,3,3.1159012341159045,0.11590123411590447
Fried Rice,Vegetarian,120,Wednesday,Lunch,Regular,2025,1,22,2,0,3,2.908041857026807,0.09195814297319282
Dosa,Vegetarian,50,Thursday,Lunch,New,2025,12,18,3,0,3,3.0924129078703104,0.09241290787031042
Chicken Fried Rice,Chicken,160,Sunday,Breakfast,New,2025,1,19,6,1,5,2.970037236922737,2.029962763077263
Veg Meals,Vegetarian,100,Monday,Lunch,New,2025,8,25,0,0,3,3.0629050230864485,0.06290502308644852
Parotta,Vegetarian,60,Sunday,Lunch,Regular,2025,1,26,6,1,2,2.98442254867437,0.9844225486743698
Chicken Biryani,Chicken,180,Friday,Lunch,New,2025,3,28,4,0,4,2.9299513441138223,1.0700486558861777
Mutton Biryani,Mutton,240,Friday,Lunch,Regular,2025,5,23,4,0,2,2.8938805893437625,0.8938805893437625
Chicken Grill,Chicken,220,Friday,Lunch,Regular,2025,1,31,4,0,4,2.947722354032763,1.0522776459672372
Chicken Fried Rice,Chicken,160,Tuesday,Dinner,Regular,2025,1,7,1,0,4,2.8513124899144597,1.1486875100855403
Veg Meals,Vegetarian,100,Monday,Lunch,New,2025,9,29,0,0,3,3.0629050230864485,0.06290502308644852
Chicken Biryani,Chicken,180,Thursday,Lunch,New,2025,6,12,3,0,4,3.047600496848467,0.9523995031515331
Paneer Butter Masala,Vegetarian,170,Tuesday,Dinner,New,2025,2,18,1,0,2,3.0514666021420873,1.0514666021420873
Chicken Noodles,Chicken,150,Sunday,Dinner,Regular,2025,8,10,6,1,5,2.9847787652699065,2.0152212347300935
Chicken Fried Rice,Chicken,160,Thursday,Lunch,Regular,2025,1,2,3,0,5,2.9893784046135847,2.0106215953864153
Paneer Butter Masala,Vegetarian,170,Saturday,Lunch,Regular,2025,2,1,5,1,2,3.161120658071452,1.161120658071452
Veg Biryani,Vegetarian,130,Wednesday,Lunch,Regular,2025,2,19,2,0,3,2.969134078926351,0.030865921073648828
Chicken Fried Rice,Chicken,160,Friday,Breakfast,Regular,2025,11,21,4,0,2,2.9217508105864782,0.9217508105864782
Parotta,Vegetarian,60,Wednesday,Dinner,Regular,2025,10,15,2,0,5,2.8866490937149463,2.1133509062850537
Idli,Vegetarian,40,Sunday,Dinner,New,2025,9,14,6,1,1,3.062937284013023,2.062937284013023
Chicken Biryani,Chicken,180,Wednesday,Lunch,Regular,2025,4,23,2,0,2,2.8957274237711292,0.8957274237711292
Dosa,Vegetarian,50,Wednesday,Lunch,Regular,2025,5,28,2,0,4,2.9405398347929728,1.0594601652070272
Mutton Biryani,Mutton,240,Thursday,Dinner,Regular,2025,6,12,3,0,1,2.9805085204409845,1.9805085204409845
Chicken Fried Rice,Chicken,160,Monday,Lunch,Regular,2025,10,27,0,0,2,2.9363821935841288,0.9363821935841288
Fried Rice,Vegetarian,120,Sunday,Lunch,New,2025,8,24,6,1,5,2.982673147027284,2.017326852972716
Chicken Biryani,Chicken,180,Sunday,Dinner,New,2025,1,19,6,1,3,2.939337492134183,0.06066250786581717
Parotta,Vegetarian,60,Sunday,Lunch,New,2025,3,16,6,1,2,2.992301605352845,0.9923016053528451
Idli,Vegetarian,40,Sunday,Dinner,New,2025,11,16,6,1,2,3.062937284013023,1.0629372840130231
Chicken Noodles,Chicken,150,Saturday,Dinner,Regular,2025,10,4,5,1,1,3.041487746255483,2.041487746255483
Chicken Biryani,Chicken,180,Monday,Dinner,Regular,2025,11,10,0,0,1,2.955704007503113,1.9557040075031131
Chicken 65,Chicken,140,Wednesday,Dinner,Regular,2025,7,2,2,0,4,2.7867302840607033,1.2132697159392967
Dosa,Vegetarian,50,Monday,Lunch,New,2025,6,16,0,0,3,3.0394166968408545,0.03941669684085447
Chicken 65,Chicken,140,Monday,Breakfast,Regular,2025,4,7,0,0,1,2.9587708697750705,1.9587708697750705
Mutton Biryani,Mutton,240,Wednesday,Lunch,Regular,2025,4,23,2,0,1,2.8675357256795446,1.8675357256795446
Chicken Grill,Chicken,220,Friday,Lunch,Regular,2025,12,5,4,0,4,2.947722354032763,1.0522776459672372
Chicken Biryani,Chicken,180,Thursday,Dinner,Regular,2025,1,23,3,0,5,3.008700218532569,1.991299781467431
Fried Rice,Vegetarian,120,Tuesday,Lunch,New,2025,4,1,1,0,2,2.9528702370424424,0.9528702370424424
Chicken Noodles,Chicken,150,Saturday,Lunch,Regular,2025,6,28,5,1,2,3.0725089678929054,1.0725089678929054
Chicken Grill,Chicken,220,Friday,Dinner,New,2025,4,25,4,0,2,2.924580189073816,0.9245801890738159
Paneer Butter Masala,Vegetarian,170,Wednesday,Lunch,Regular,2025,12,3,2,0,1,3.0376594437638746,2.0376594437638746
Noodles,Vegetarian,110,Friday,Breakfast,Regular,2025,8,15,4,0,3,2.994850103906558,0.0051498960934419635
Noodles,Vegetarian,110,Monday,Dinner,Regular,2025,1,6,0,0,2,2.978460265266786,0.978460265266786
Noodles,Vegetarian,110,Tuesday,Dinner,Regular,2025,3,4,1,0,3,2.9244117832345395,0.07558821676546046
Parotta,Vegetarian,60,Sunday,Breakfast,Regular,2025,7,20,6,1,2,3.034444107381908,1.034444107381908
Mutton Biryani,Mutton,240,Tuesday,Lunch,New,2025,4,29,1,0,4,2.9123641056951795,1.0876358943048205
Mutton Biryani,Mutton,240,Thursday,Lunch,New,2025,5,1,3,0,2,3.0194087987568823,1.0194087987568823
Mutton Biryani,Mutton,240,Thursday,Dinner,Regular,2025,10,9,3,0,5,2.9805085204409845,2.0194914795590155
Fried Rice,Vegetarian,120,Friday,Lunch,New,2025,8,15,4,0,3,2.9422657773695007,0.05773422263049932
Chicken Biryani,Chicken,180,Thursday,Lunch,Regular,2025,3,20,3,0,2,3.0397214401699912,1.0397214401699912
Noodles,Vegetarian,110,Sunday,Lunch,Regular,2025,10,19,6,1,1,2.985235914856803,1.985235914856803
Veg Biryani,Vegetarian,130,Thursday,Dinner,New,2025,2,27,3,0,3,3.0899859303662662,0.08998593036626623
Chicken Noodles,Chicken,150,Wednesday,Lunch,Regular,2025,7,9,2,0,4,2.949047753585328,1.0509522464146719
Mutton Biryani,Mutton,240,Monday,Dinner,Regular,2025,9,22,0,0,3,2.9275123094115285,0.07248769058847149
Chicken Biryani,Chicken,180,Wednesday,Dinner,Regular,2025,6,4,2,0,1,2.8647062021337066,1.8647062021337066
Veg Biryani,Vegetarian,130,Saturday,Dinner,Regular,2025,5,17,5,1,1,3.061574071596506,2.061574071596506
Veg Meals,Vegetarian,100,Saturday,Lunch,Regular,2025,3,1,5,1,2,3.0874893753461436,1.0874893753461436
Noodles,Vegetarian,110,Wednesday,Dinner,Regular,2025,1,29,2,0,3,2.8874624598973795,0.11253754010262051
Veg Meals,Vegetarian,100,Tuesday,Dinner,Regular,2025,7,29,1,0,1,2.9699562627383043,1.9699562627383043
Parotta,Vegetarian,60,Thursday,Lunch,New,2025,3,27,3,0,5,3.0695433884297065,1.9304566115702935
Veg Meals,Vegetarian,100,Thursday,Lunch,Regular,2025,8,21,3,0,4,3.1080221774374293,0.8919778225625707
Dosa,Vegetarian,50,Thursday,Breakfast,Regular,2025,7,10,3,0,4,3.134555409899373,0.8654445901006271
Parotta,Vegetarian,60,Wednesday,Lunch,Regular,2025,4,9,2,0,5,2.917670315352369,2.082329684647631
Noodles,Vegetarian,110,Thursday,Breakfast,New,2025,1,30,3,0,5,3.120378313319678,1.8796216866803221
Fried Rice,Vegetarian,120,Monday,Breakfast,Regular,2025,11,3,0,0,4,3.0490612211037518,0.9509387788962482
Parotta,Vegetarian,60,Wednesday,Lunch,New,2025,1,8,2,0,5,2.925549372030844,2.074450627969156
Dosa,Vegetarian,50,Tuesday,Dinner,Regular,2025,12,30,1,0,5,2.9464679364927098,2.0535320635072902
Paneer Butter Masala,Vegetarian,170,Sunday,Lunch,Regular,2025,9,7,6,1,2,3.1044116770858756,1.1044116770858756
Idli,Vegetarian,40,Thursday,Lunch,Regular,2025,7,24,3,0,2,3.1633212320488315,1.1633212320488315
Mutton Biryani,Mutton,240,Tuesday,Dinner,New,2025,7,8,1,0,1,2.8813428840577573,1.8813428840577573
Fried Rice,Vegetarian,120,Saturday,Lunch,New,2025,7,26,5,1,2,3.0393821280128597,1.0393821280128597
Veg Meals,Vegetarian,100,Sunday,Dinner,New,2025,6,22,6,1,2,3.007638229401621,1.0076382294016208
Chicken Fried Rice,Chicken,160,Monday,Dinner,Regular,2025,3,31,0,0,2,2.905360971946706,0.9053609719467062
Mutton Biryani,Mutton,240,Friday,Breakfast,Regular,2025,6,6,4,0,5,2.9439021480513006,2.0560978519486994
Chicken Grill,Chicken,220,Monday,Breakfast,Regular,2025,12,29,0,0,1,3.0623968544454896,2.0623968544454896
Chicken 65,Chicken,140,Thursday,Lunch,New,2025,2,13,3,0,5,2.9696245787754636,2.0303754212245364
Dosa,Vegetarian,50,Tuesday,Breakfast,New,2025,4,15,1,0,2,3.0353897735161457,1.0353897735161457
Paneer Butter Masala,Vegetarian,170,Tuesday,Lunch,Regular,2025,12,30,1,0,2,3.0746087671010343,1.0746087671010343
Idli,Vegetarian,40,Sunday,Lunch,New,2025,2,9,6,1,2,3.0939585056504453,1.0939585056504453
Chicken Grill,Chicken,220,Saturday,Dinner,Regular,2025,2,22,5,1,3,3.0138174830386997,0.013817483038699674
Chicken Fried Rice,Chicken,160,Tuesday,Lunch,Regular,2025,11,18,1,0,5,2.882333711551882,2.117666288448118
Veg Meals,Vegetarian,100,Saturday,Dinner,Regular,2025,5,17,5,1,2,3.0564681537087215,1.0564681537087215
Paneer Butter Masala,Vegetarian,170,Sunday,Dinner,New,2025,7,27,6,1,2,3.0812695121269287,1.0812695121269287
Chicken Grill,Chicken,220,Friday,Dinner,Regular,2025,5,30,4,0,1,2.9167011323953407,1.9167011323953407
Mutton Biryani,Mutton,240,Thursday,Dinner,Regular,2025,7,31,3,0,2,2.9805085204409845,0.9805085204409845
Chicken Biryani,Chicken,180,Saturday,Lunch,Regular,2025,6,14,5,1,1,3.019188638078706,2.019188638078706
Parotta,Vegetarian,60,Sunday,Lunch,Regular,2025,10,12,6,1,2,2.98442254867437,0.9844225486743698
Veg Biryani,Vegetarian,130,Monday,Dinner,Regular,2025,1,13,0,0,5,3.029110662658335,1.970889337341665
Chicken 65,Chicken,140,Wednesday,Breakfast,Regular,2025,7,30,2,0,1,2.867773064405664,1.867773064405664
Chicken 65,Chicken,140,Thursday,Lunch,Regular,2025,9,25,3,0,2,2.9617455220969884,0.9617455220969884
Parotta,Vegetarian,60,Monday,Dinner,New,2025,1,6,0,0,3,2.985525955762828,0.014474044237172023
Chicken Biryani,Chicken,180,Sunday,Breakfast,New,2025,7,6,6,1,1,3.0203802724791435,2.0203802724791435
Paneer Butter Masala,Vegetarian,170,Tuesday,Dinner,Regular,2025,5,6,1,0,5,3.043587545463612,1.956412454536388
Veg Meals,Vegetarian,100,Monday,Breakfast,Regular,2025,4,28,0,0,3,3.1050475251155114,0.10504752511551141
Dosa,Vegetarian,50,Thursday,Lunch,New,2025,5,1,3,0,3,3.0924129078703104,0.09241290787031042
Idli,Vegetarian,40,Thursday,Dinner,New,2025,6,19,3,0,3,3.140179067089884,0.14017906708988415
Dosa,Vegetarian,50,Tuesday,Dinner,New,2025,12,2,1,0,5,2.9543469931711854,2.0456530068288146
Veg Meals,Vegetarian,100,Friday,Dinner,Regular,2025,1,17,4,0,3,2.959351803065362,0.04064819693463795
Chicken Fried Rice,Chicken,160,Tuesday,Breakfast,Regular,2025,1,7,1,0,1,2.9323552702594204,1.9323552702594204
Parotta,Vegetarian,60,Wednesday,Dinner,Regular,2025,7,9,2,0,1,2.8866490937149463,1.8866490937149463
Parotta,Vegetarian,60,Thursday,Dinner,Regular,2025,9,4,3,0,3,3.0306431101138087,0.030643110113808714
Fried Rice,Vegetarian,120,Tuesday,Dinner,New,2025,11,18,1,0,5,2.92184901540502,2.07815098459498
Chicken 65,Chicken,140,Saturday,Lunch,Regular,2025,4,12,5,1,4,2.9412127200057028,1.0587872799942972
Chicken 65,Chicken,140,Monday,Lunch,Regular,2025,12,8,0,0,5,2.9087493110675324,2.0912506889324676
Veg Biryani,Vegetarian,130,Saturday,Dinner,Regular,2025,4,5,5,1,2,3.061574071596506,1.0615740715965059
Chicken Noodles,Chicken,150,Saturday,Dinner,Regular,2025,6,7,5,1,5,3.041487746255483,1.9585122537445172
Noodles,Vegetarian,110,Sunday,Dinner,New,2025,8,3,6,1,2,2.962093749897856,0.9620937498978561
Chicken Noodles,Chicken,150,Thursday,Lunch,Regular,2025,9,25,3,0,4,3.0930417699841906,0.9069582300158094
Dosa,Vegetarian,50,Saturday,Breakfast,Regular,2025,3,1,5,1,1,3.1140226078080877,2.1140226078080877
Dosa,Vegetarian,50,Wednesday,Breakfast,New,2025,4,2,2,0,2,2.998440450178986,0.9984404501789861
Dosa,Vegetarian,50,Thursday,Lunch,Regular,2025,3,6,3,0,4,3.0845338511918348,0.9154661488081652
Chicken Fried Rice,Chicken,160,Wednesday,Lunch,New,2025,4,16,2,0,4,2.8532634448931975,1.1467365551068025
Noodles,Vegetarian,110,Saturday,Dinner,Regular,2025,8,30,5,1,2,3.0109236742049568,1.0109236742049568
Parotta,Vegetarian,60,Sunday,Lunch,New,2025,7,6,6,1,5,2.992301605352845,2.007698394647155
Chicken Grill,Chicken,220,Thursday,Lunch,Regular,2025,9,18,3,0,5,3.0653715067674074,1.9346284932325926
Chicken Noodles,Chicken,150,Tuesday,Lunch,Regular,2025,7,15,1,0,2,2.9859970769224877,0.9859970769224877
Chicken Biryani,Chicken,180,Friday,Lunch,New,2025,12,5,4,0,5,2.9299513441138223,2.0700486558861777
Parotta,Vegetarian,60,Wednesday,Dinner,New,2025,12,17,2,0,3,2.8945281503934215,0.10547184960657852
Noodles,Vegetarian,110,Sunday,Breakfast,Regular,2025,12,7,6,1,3,3.035257473564341,0.03525747356434117
Fried Rice,Vegetarian,120,Monday,Breakfast,Regular,2025,8,4,0,0,2,3.0490612211037518,1.0490612211037518
Dosa,Vegetarian,50,Monday,Lunch,Regular,2025,7,14,0,0,3,3.031537640162379,0.03153764016237881
Paneer Butter Masala,Vegetarian,170,Monday,Lunch,New,2025,2,10,0,0,5,3.1365363058117564,1.8634636941882436
Chicken Noodles,Chicken,150,Tuesday,Dinner,New,2025,7,22,1,0,4,2.962854911963541,1.0371450880364592
Paneer Butter Masala,Vegetarian,170,Sunday,Breakfast,Regular,2025,8,3,6,1,5,3.1544332357934137,1.8455667642065863
Chicken Grill,Chicken,220,Friday,Lunch,Regular,2025,7,25,4,0,3,2.947722354032763,0.05227764596723716
Idli,Vegetarian,40,Sunday,Lunch,Regular,2025,7,20,6,1,2,3.08607944897197,1.08607944897197
Fried Rice,Vegetarian,120,Thursday,Dinner,Regular,2025,5,8,3,0,3,3.021014651788247,0.02101465178824702
Dosa,Vegetarian,50,Saturday,Breakfast,Regular,2025,2,22,5,1,3,3.1140226078080877,0.1140226078080877
Dosa,Vegetarian,50,Thursday,Lunch,Regular,2025,1,16,3,0,1,3.0845338511918348,2.0845338511918348
Veg Biryani,Vegetarian,130,Wednesday,Dinner,Regular,2025,10,29,2,0,2,2.9381128572889286,0.9381128572889286
Chicken Grill,Chicken,220,Thursday,Lunch,New,2025,10,16,3,0,3,3.0732505634458827,0.07325056344588265
Chicken Grill,Chicken,220,Saturday,Breakfast,New,2025,4,26,5,1,5,3.1027393200621356,1.8972606799378644
Mutton Biryani,Mutton,240,Monday,Lunch,Regular,2025,9,1,0,0,3,2.958533531048951,0.041466468951048885
Chicken Noodles,Chicken,150,Friday,Dinner,Regular,2025,10,17,4,0,5,2.944371395612124,2.055628604387876
Chicken Fried Rice,Chicken,160,Tuesday,Lunch,Regular,2025,12,9,1,0,5,2.882333711551882,2.117666288448118
Veg Meals,Vegetarian,100,Saturday,Lunch,New,2025,1,4,5,1,5,3.0953684320246193,1.9046315679753807
Noodles,Vegetarian,110,Thursday,Dinner,New,2025,8,7,3,0,5,3.039335532974717,1.9606644670252829
Fried Rice,Vegetarian,120,Thursday,Lunch,Regular,2025,1,16,3,0,3,3.0520358734256696,0.05203587342566962
Chicken Noodles,Chicken,150,Wednesday,Dinner,Regular,2025,2,19,2,0,4,2.9180265319479055,1.0819734680520945
Parotta,Vegetarian,60,Sunday,Lunch,Regular,2025,1,26,6,1,5,2.98442254867437,2.01557745132563
Chicken Grill,Chicken,220,Tuesday,Breakfast,New,2025,4,15,1,0,4,3.0162274290917184,0.9837725709082816
Parotta,Vegetarian,60,Tuesday,Dinner,Regular,2025,3,11,1,0,4,2.923598417052106,1.0764015829478941
Mutton Biryani,Mutton,240,Sunday,Breakfast,New,2025,7,27,6,1,4,2.992188574387559,1.007811425612441
Chicken Grill,Chicken,220,Wednesday,Lunch,New,2025,2,12,2,0,3,2.92925654704702,0.07074345295297979
Chicken Noodles,Chicken,150,Tuesday,Lunch,Regular,2025,10,14,1,0,5,2.9859970769224877,2.0140029230775123
Veg Meals,Vegetarian,100,Sunday,Dinner,Regular,2025,2,9,6,1,5,2.999759172723145,2.000240827276855
Veg Meals,Vegetarian,100,Monday,Breakfast,New,2025,1,27,0,0,1,3.1129265817939866,2.1129265817939866
Chicken Biryani,Chicken,180,Monday,Dinner,Regular,2025,4,28,0,0,4,2.955704007503113,1.0442959924968869
Chicken Grill,Chicken,220,Tuesday,Dinner,Regular,2025,9,16,1,0,4,2.9273055920682824,1.0726944079317176
Fried Rice,Vegetarian,120,Sunday,Dinner,New,2025,9,28,6,1,2,2.951651925389861,0.9516519253898612
Fried Rice,Vegetarian,120,Friday,Dinner,Regular,2025,10,3,4,0,4,2.903365499053603,1.0966345009463971
Fried Rice,Vegetarian,120,Friday,Lunch,Regular,2025,1,10,4,0,2,2.934386720691025,0.934386720691025
Parotta,Vegetarian,60,Sunday,Lunch,New,2025,11,23,6,1,4,2.992301605352845,1.007698394647155
Dosa,Vegetarian,50,Tuesday,Dinner,New,2025,4,15,1,0,4,2.9543469931711854,1.0456530068288146
Veg Biryani,Vegetarian,130,Saturday,Dinner,New,2025,1,4,5,1,2,3.069453128274981,1.069453128274981
Paneer Butter Masala,Vegetarian,170,Thursday,Lunch,New,2025,4,10,3,0,4,3.1895325168412123,0.8104674831587877
Chicken Grill,Chicken,220,Sunday,Breakfast,New,2025,2,23,6,1,5,3.0460303390765597,1.9539696609234403
Veg Biryani,Vegetarian,130,Tuesday,Lunch,New,2025,4,22,1,0,5,3.0139624589419864,1.9860375410580136
Chicken Grill,Chicken,220,Monday,Lunch,New,2025,5,26,0,0,3,3.0202543524164267,0.020254352416426702
Parotta,Vegetarian,60,Saturday,Lunch,Regular,2025,10,4,5,1,5,3.0411315296599457,1.9588684703400543
Paneer Butter Masala,Vegetarian,170,Thursday,Breakfast,New,2025,7,3,3,0,2,3.2395540755487504,1.2395540755487504
Dosa,Vegetarian,50,Saturday,Lunch,Regular,2025,5,24,5,1,2,3.0640010491005496,1.0640010491005496
Noodles,Vegetarian,110,Friday,Breakfast,New,2025,3,14,4,0,5,3.0027291605850337,1.9972708394149663
Veg Meals,Vegetarian,100,Sunday,Lunch,New,2025,1,5,6,1,5,3.038659451039043,1.961340548960957
Chicken Noodles,Chicken,150,Saturday,Dinner,Regular,2025,3,22,5,1,2,3.041487746255483,1.0414877462554828
Parotta,Vegetarian,60,Wednesday,Dinner,Regular,2025,6,25,2,0,2,2.8866490937149463,0.8866490937149463
Veg Meals,Vegetarian,100,Tuesday,Breakfast,New,2025,1,7,1,0,5,3.05887809976174,1.9411219002382598
Dosa,Vegetarian,50,Tuesday,Breakfast,Regular,2025,2,4,1,0,1,3.0275107168376705,2.0275107168376705
Parotta,Vegetarian,60,Friday,Lunch,New,2025,11,14,4,0,3,2.951894235695062,0.04810576430493807
Fried Rice,Vegetarian,120,Monday,Breakfast,Regular,2025,10,27,0,0,3,3.0490612211037518,0.04906122110375177
Mutton Biryani,Mutton,240,Saturday,Lunch,Regular,2025,9,27,5,1,2,2.9909969399871215,0.9909969399871215
Veg Meals,Vegetarian,100,Saturday,Lunch,New,2025,3,22,5,1,1,3.0953684320246193,2.0953684320246193
Parotta,Vegetarian,60,Saturday,Dinner,Regular,2025,7,19,5,1,5,3.0101103080225236,1.9898896919774764
Chicken Fried Rice,Chicken,160,Sunday,Lunch,Regular,2025,6,8,6,1,5,2.9121366215367233,2.0878633784632767
Veg Meals,Vegetarian,100,Friday,Dinner,Regular,2025,1,24,4,0,5,2.959351803065362,2.040648196934638
Chicken Biryani,Chicken,180,Thursday,Breakfast,Regular,2025,11,6,3,0,3,3.0897429988775293,0.08974299887752935
Idli,Vegetarian,40,Sunday,Lunch,New,2025,8,17,6,1,3,3.0939585056504453,0.09395850565044528
Paneer Butter Masala,Vegetarian,170,Monday,Lunch,Regular,2025,9,15,0,0,2,3.128657249133281,1.1286572491332811
Idli,Vegetarian,40,Thursday,Lunch,Regular,2025,12,25,3,0,1,3.1633212320488315,2.1633212320488315
Chicken Biryani,Chicken,180,Friday,Dinner,New,2025,8,1,4,0,3,2.8989301224763997,0.1010698775236003
Fried Rice,Vegetarian,120,Tuesday,Lunch,New,2025,3,25,1,0,1,2.9528702370424424,1.9528702370424424
Chicken Biryani,Chicken,180,Sunday,Lunch,Regular,2025,9,21,6,1,2,2.96247965709313,0.9624796570931302
Chicken Biryani,Chicken,180,Wednesday,Dinner,Regular,2025,1,22,2,0,3,2.8647062021337066,0.13529379786629336
Mutton Biryani,Mutton,240,Tuesday,Dinner,Regular,2025,9,30,1,0,2,2.8734638273792816,0.8734638273792816
Dosa,Vegetarian,50,Friday,Dinner,Regular,2025,9,19,4,0,1,2.935863476819768,1.935863476819768
Chicken Noodles,Chicken,150,Saturday,Dinner,Regular,2025,2,8,5,1,2,3.041487746255483,1.0414877462554828
Dosa,Vegetarian,50,Saturday,Dinner,New,2025,9,20,5,1,4,3.0408588841416027,0.9591411158583973
Paneer Butter Masala,Vegetarian,170,Saturday,Breakfast,New,2025,7,12,5,1,1,3.2190212734574652,2.2190212734574652
Chicken 65,Chicken,140,Wednesday,Breakfast,New,2025,12,17,2,0,2,2.8756521210841393,0.8756521210841393
Idli,Vegetarian,40,Sunday,Dinner,New,2025,5,25,6,1,4,3.062937284013023,0.9370627159869769
Chicken Fried Rice,Chicken,160,Saturday,Dinner,Regular,2025,8,2,5,1,2,2.937824380884877,0.937824380884877
Noodles,Vegetarian,110,Tuesday,Lunch,Regular,2025,4,22,1,0,2,2.9554330048719617,0.9554330048719617
Veg Biryani,Vegetarian,130,Thursday,Dinner,Regular,2025,11,27,3,0,3,3.082106873687791,0.08210687368779102
Noodles,Vegetarian,110,Friday,Lunch,New,2025,10,31,4,0,1,2.952707601877495,1.9527076018774951
Chicken 65,Chicken,140,Tuesday,Lunch,New,2025,9,2,1,0,5,2.862579885713761,2.137420114286239
Dosa,Vegetarian,50,Wednesday,Lunch,Regular,2025,9,24,2,0,2,2.9405398347929728,0.9405398347929728
Paneer Butter Masala,Vegetarian,170,Sunday,Lunch,Regular,2025,10,19,6,1,2,3.1044116770858756,1.1044116770858756
Chicken Fried Rice,Chicken,160,Monday,Breakfast,Regular,2025,9,22,0,0,2,2.986403752291667,0.9864037522916669
Idli,Vegetarian,40,Wednesday,Lunch,Regular,2025,2,12,2,0,3,3.019327215649969,0.019327215649969087
Chicken Noodles,Chicken,150,Tuesday,Dinner,Regular,2025,8,26,1,0,3,2.9549758552850656,0.04502414471493443
Parotta,Vegetarian,60,Tuesday,Dinner,New,2025,6,17,1,0,4,2.9314774737305815,1.0685225262694185
Mutton Biryani,Mutton,240,Saturday,Breakfast,New,2025,10,18,5,1,2,3.0488975553731352,1.0488975553731352
Noodles,Vegetarian,110,Wednesday,Lunch,New,2025,2,12,2,0,5,2.9263627382132773,2.0736372617867227
Paneer Butter Masala,Vegetarian,170,Thursday,Lunch,Regular,2025,6,26,3,0,5,3.181653460162737,1.818346539837263
Parotta,Vegetarian,60,Saturday,Lunch,New,2025,4,12,5,1,4,3.0490105863384214,0.9509894136615786
Noodles,Vegetarian,110,Wednesday,Lunch,Regular,2025,11,26,2,0,3,2.918483681534802,0.08151631846519791
Chicken 65,Chicken,140,Thursday,Dinner,Regular,2025,12,25,3,0,2,2.930724300459566,0.9307243004595658
Fried Rice,Vegetarian,120,Tuesday,Lunch,New,2025,12,16,1,0,5,2.9528702370424424,2.0471297629575576
Veg Biryani,Vegetarian,130,Sunday,Breakfast,New,2025,8,24,6,1,2,3.0937869276343655,1.0937869276343655
Veg Meals,Vegetarian,100,Saturday,Lunch,New,2025,11,8,5,1,2,3.0953684320246193,1.0953684320246193
Veg Biryani,Vegetarian,130,Monday,Dinner,New,2025,9,1,0,0,1,3.0369897193368103,2.0369897193368103
Veg Biryani,Vegetarian,130,Saturday,Lunch,New,2025,8,23,5,1,2,3.1004743499124037,1.1004743499124037
Noodles,Vegetarian,110,Tuesday,Lunch,Regular,2025,6,3,1,0,1,2.9554330048719617,1.9554330048719617
Chicken Noodles,Chicken,150,Thursday,Dinner,Regular,2025,3,27,3,0,5,3.062020548346768,1.937979451653232
Mutton Biryani,Mutton,240,Sunday,Breakfast,Regular,2025,12,21,6,1,5,2.9843095177090837,2.0156904822909163
Chicken Biryani,Chicken,180,Sunday,Dinner,New,2025,10,5,6,1,2,2.939337492134183,0.9393374921341828
Dosa,Vegetarian,50,Friday,Lunch,New,2025,5,16,4,0,1,2.974763755135666,1.9747637551356658
Chicken Grill,Chicken,220,Thursday,Breakfast,Regular,2025,7,10,3,0,4,3.1153930654749455,0.8846069345250545
Chicken Fried Rice,Chicken,160,Thursday,Breakfast,New,2025,10,9,3,0,4,3.047279019999598,0.952720980000402
Paneer Butter Masala,Vegetarian,170,Monday,Lunch,Regular,2025,12,22,0,0,5,3.128657249133281,1.8713427508667189
Dosa,Vegetarian,50,Friday,Dinner,Regular,2025,10,3,4,0,5,2.935863476819768,2.064136523180232
Veg Meals,Vegetarian,100,Wednesday,Lunch,Regular,2025,10,8,2,0,2,2.964028161038567,0.9640281610385668
Chicken Grill,Chicken,220,Wednesday,Dinner,Regular,2025,6,25,2,0,3,2.8903562687311224,0.10964373126887761
Noodles,Vegetarian,110,Monday,Dinner,Regular,2025,1,6,0,0,4,2.978460265266786,1.021539734733214
Chicken Biryani,Chicken,180,Monday,Lunch,New,2025,12,22,0,0,5,2.994604285819011,2.005395714180989
Chicken 65,Chicken,140,Sunday,Lunch,New,2025,3,23,6,1,2,2.892382795698602,0.8923827956986021
Paneer Butter Masala,Vegetarian,170,Tuesday,Breakfast,Regular,2025,10,21,1,0,5,3.124630325808573,1.8753696741914272
Mutton Biryani,Mutton,240,Monday,Dinner,Regular,2025,8,25,0,0,5,2.9275123094115285,2.0724876905884715
Veg Biryani,Vegetarian,130,Sunday,Breakfast,Regular,2025,10,12,6,1,1,3.0859078709558903,2.0859078709558903
Fried Rice,Vegetarian,120,Friday,Lunch,New,2025,3,21,4,0,1,2.9422657773695007,1.9422657773695007
Chicken Grill,Chicken,220,Thursday,Dinner,Regular,2025,11,27,3,0,4,3.034350285129985,0.9656497148700152
Chicken Biryani,Chicken,180,Sunday,Breakfast,Regular,2025,3,30,6,1,1,3.0125012158006683,2.0125012158006683
Chicken Biryani,Chicken,180,Monday,Dinner,New,2025,10,13,0,0,3,2.9635830641815883,0.036416935818411655
Dosa,Vegetarian,50,Monday,Breakfast,Regular,2025,4,14,0,0,2,3.081559198869917,1.081559198869917
Fried Rice,Vegetarian,120,Tuesday,Dinner,Regular,2025,8,12,1,0,3,2.9139699587265446,0.08603004127345537
Noodles,Vegetarian,110,Wednesday,Dinner,Regular,2025,11,26,2,0,3,2.8874624598973795,0.11253754010262051
Idli,Vegetarian,40,Monday,Lunch,Regular,2025,6,2,0,0,2,3.1103250210193756,1.1103250210193756
Chicken Biryani,Chicken,180,Friday,Dinner,Regular,2025,2,28,4,0,1,2.8910510657979245,1.8910510657979245
Veg Meals,Vegetarian,100,Friday,Lunch,Regular,2025,12,12,4,0,3,2.9903730247027847,0.009626975297215346
Idli,Vegetarian,40,Wednesday,Dinner,New,2025,10,1,2,0,2,2.996185050691022,0.9961850506910221
Fried Rice,Vegetarian,120,Thursday,Breakfast,New,2025,4,10,3,0,2,3.109936488811683,1.109936488811683
Veg Meals,Vegetarian,100,Wednesday,Breakfast,Regular,2025,6,18,2,0,5,3.014049719746105,1.985950280253895
Noodles,Vegetarian,110,Sunday,Lunch,New,2025,11,30,6,1,2,2.9931149715352783,0.9931149715352783
Chicken Biryani,Chicken,180,Friday,Dinner,Regular,2025,12,12,4,0,2,2.8910510657979245,0.8910510657979245
Veg Biryani,Vegetarian,130,Sunday,Dinner,Regular,2025,3,16,6,1,1,3.0048650906109295,2.0048650906109295
Veg Biryani,Vegetarian,130,Friday,Lunch,Regular,2025,8,15,4,0,3,2.995478942590569,0.004521057409430984
Paneer Butter Masala,Vegetarian,170,Tuesday,Lunch,Regular,2025,6,3,1,0,2,3.0746087671010343,1.0746087671010343
Idli,Vegetarian,40,Monday,Breakfast,New,2025,3,17,0,0,3,3.168225636405389,0.1682256364053889
Chicken Grill,Chicken,220,Saturday,Dinner,New,2025,5,17,5,1,3,3.021696539717175,0.02169653971717489
Paneer Butter Masala,Vegetarian,170,Thursday,Dinner,New,2025,3,6,3,0,4,3.15851129520379,0.8414887047962099
Paneer Butter Masala,Vegetarian,170,Monday,Dinner,Regular,2025,11,10,0,0,4,3.0976360274958585,0.9023639725041415
Veg Meals,Vegetarian,100,Friday,Lunch,New,2025,3,28,4,0,3,2.99825208138126,0.0017479186187401297
Chicken Fried Rice,Chicken,160,Monday,Lunch,Regular,2025,12,1,0,0,5,2.9363821935841288,2.0636178064158712
Mutton Biryani,Mutton,240,Tuesday,Breakfast,Regular,2025,11,25,1,0,4,2.9545066077242423,1.0454933922757577
Noodles,Vegetarian,110,Thursday,Dinner,Regular,2025,9,25,3,0,3,3.031456476296242,0.03145647629624193
Chicken Biryani,Chicken,180,Saturday,Dinner,Regular,2025,2,15,5,1,1,2.9881674164412835,1.9881674164412835
Idli,Vegetarian,40,Wednesday,Lunch,Regular,2025,7,23,2,0,3,3.019327215649969,0.019327215649969087
Veg Biryani,Vegetarian,130,Sunday,Dinner,Regular,2025,11,9,6,1,1,3.0048650906109295,2.0048650906109295
Parotta,Vegetarian,60,Sunday,Dinner,Regular,2025,12,28,6,1,1,2.9534013270369472,1.9534013270369472
Chicken Grill,Chicken,220,Friday,Lunch,Regular,2025,1,17,4,0,5,2.947722354032763,2.052277645967237
Veg Meals,Vegetarian,100,Saturday,Dinner,Regular,2025,11,29,5,1,4,3.0564681537087215,0.9435318462912785
Chicken Grill,Chicken,220,Friday,Lunch,New,2025,5,2,4,0,4,2.9556014107112385,1.0443985892887615
Chicken Biryani,Chicken,180,Friday,Dinner,Regular,2025,1,31,4,0,2,2.8910510657979245,0.8910510657979245
Mutton Biryani,Mutton,240,Thursday,Dinner,Regular,2025,11,6,3,0,4,2.9805085204409845,1.0194914795590155
Chicken Biryani,Chicken,180,Sunday,Lunch,Regular,2025,6,8,6,1,5,2.96247965709313,2.03752034290687
Noodles,Vegetarian,110,Thursday,Dinner,New,2025,4,17,3,0,2,3.039335532974717,1.0393355329747171
Chicken Fried Rice,Chicken,160,Monday,Lunch,New,2025,2,24,0,0,2,2.944261250262604,0.944261250262604
Parotta,Vegetarian,60,Thursday,Lunch,New,2025,1,2,3,0,1,3.0695433884297065,2.0695433884297065
Noodles,Vegetarian,110,Saturday,Lunch,Regular,2025,3,29,5,1,2,3.041944895842379,1.041944895842379
Chicken Biryani,Chicken,180,Sunday,Dinner,Regular,2025,5,4,6,1,3,2.9314584354557076,0.06854156454429239
Chicken 65,Chicken,140,Monday,Breakfast,Regular,2025,8,25,0,0,4,2.9587708697750705,1.0412291302249295
Idli,Vegetarian,40,Thursday,Breakfast,New,2025,2,13,3,0,4,3.221221847434845,0.7787781525651551
Noodles,Vegetarian,110,Saturday,Breakfast,New,2025,8,23,5,1,4,3.0998455112283927,0.9001544887716073
Veg Biryani,Vegetarian,130,Monday,Lunch,New,2025,11,17,0,0,3,3.068010940974233,0.06801094097423288
Chicken 65,Chicken,140,Wednesday,Dinner,Regular,2025,12,10,2,0,1,2.7867302840607033,1.7867302840607033
Parotta,Vegetarian,60,Sunday,Lunch,Regular,2025,4,20,6,1,2,2.98442254867437,0.9844225486743698
Dosa,Vegetarian,50,Sunday,Dinner,Regular,2025,4,13,6,1,5,2.976270846477551,2.023729153522449
Dosa,Vegetarian,50,Saturday,Dinner,Regular,2025,5,24,5,1,1,3.032979827463127,2.032979827463127
Chicken Noodles,Chicken,150,Tuesday,Dinner,New,2025,1,28,1,0,4,2.962854911963541,1.0371450880364592
Chicken Fried Rice,Chicken,160,Tuesday,Breakfast,New,2025,4,8,1,0,3,2.9402343269378957,0.05976567306210434
Chicken Grill,Chicken,220,Thursday,Lunch,Regular,2025,2,13,3,0,1,3.0653715067674074,2.0653715067674074
Parotta,Vegetarian,60,Saturday,Lunch,New,2025,1,18,5,1,5,3.0490105863384214,1.9509894136615786
Parotta,Vegetarian,60,Friday,Dinner,Regular,2025,9,5,4,0,1,2.912993957379164,1.9129939573791641
Fried Rice,Vegetarian,120,Saturday,Dinner,Regular,2025,5,31,5,1,3,3.000481849696962,0.00048184969696185576
Noodles,Vegetarian,110,Friday,Lunch,Regular,2025,2,28,4,0,4,2.94482854519902,1.05517145480098
Veg Meals,Vegetarian,100,Friday,Lunch,Regular,2025,3,21,4,0,2,2.9903730247027847,0.9903730247027847
Idli,Vegetarian,40,Tuesday,Dinner,Regular,2025,11,11,1,0,3,3.0252553173497065,0.02525531734970654
Idli,Vegetarian,40,Saturday,Lunch,Regular,2025,12,13,5,1,3,3.142788429957546,0.14278842995754593
Veg Biryani,Vegetarian,130,Thursday,Dinner,Regular,2025,9,25,3,0,2,3.082106873687791,1.082106873687791
Idli,Vegetarian,40,Wednesday,Breakfast,New,2025,9,10,2,0,1,3.0772278310359824,2.0772278310359824
Chicken Noodles,Chicken,150,Thursday,Breakfast,New,2025,8,14,3,0,5,3.150942385370204,1.8490576146297961
Fried Rice,Vegetarian,120,Sunday,Lunch,New,2025,7,20,6,1,2,2.982673147027284,0.9826731470272838
Chicken Fried Rice,Chicken,160,Tuesday,Lunch,Regular,2025,6,17,1,0,5,2.882333711551882,2.117666288448118
Chicken Fried Rice,Chicken,160,Sunday,Lunch,Regular,2025,11,2,6,1,2,2.9121366215367233,0.9121366215367233
Noodles,Vegetarian,110,Saturday,Dinner,Regular,2025,9,27,5,1,3,3.0109236742049568,0.010923674204956768
Chicken Noodles,Chicken,150,Friday,Breakfast,Regular,2025,8,8,4,0,5,3.025414175957084,1.974585824042916
Noodles,Vegetarian,110,Thursday,Dinner,New,2025,11,6,3,0,2,3.039335532974717,1.0393355329747171
Parotta,Vegetarian,60,Friday,Lunch,Regular,2025,2,28,4,0,4,2.9440151790165867,1.0559848209834133
Mutton Biryani,Mutton,240,Sunday,Dinner,New,2025,11,2,6,1,3,2.9111457940425987,0.08885420595740134
Noodles,Vegetarian,110,Saturday,Dinner,Regular,2025,9,27,5,1,1,3.0109236742049568,2.0109236742049568
Noodles,Vegetarian,110,Monday,Breakfast,Regular,2025,2,24,0,0,3,3.0595030456117467,0.059503045611746685
Idli,Vegetarian,40,Friday,Lunch,New,2025,12,5,4,0,2,3.053551135992662,1.0535511359926621
Paneer Butter Masala,Vegetarian,170,Friday,Lunch,Regular,2025,7,4,4,0,1,3.0640043074280925,2.0640043074280925
Chicken Noodles,Chicken,150,Saturday,Lunch,New,2025,2,15,5,1,3,3.0803880245713806,0.08038802457138061
Parotta,Vegetarian,60,Tuesday,Lunch,New,2025,6,17,1,0,5,2.9624986953680037,2.0375013046319963
Mutton Biryani,Mutton,240,Monday,Breakfast,Regular,2025,10,6,0,0,1,3.008555089756489,2.008555089756489
Veg Biryani,Vegetarian,130,Tuesday,Lunch,Regular,2025,2,11,1,0,2,3.006083402263511,1.0060834022635108
Mutton Biryani,Mutton,240,Monday,Dinner,New,2025,3,24,0,0,2,2.9353913660900037,0.9353913660900037
Mutton Biryani,Mutton,240,Saturday,Breakfast,Regular,2025,3,29,5,1,1,3.0410184986946596,2.0410184986946596
Noodles,Vegetarian,110,Tuesday,Dinner,New,2025,3,18,1,0,5,2.9322908399130148,2.0677091600869852
Chicken Grill,Chicken,220,Saturday,Lunch,Regular,2025,1,4,5,1,4,3.0448387046761223,0.9551612953238777
Chicken Grill,Chicken,220,Tuesday,Lunch,Regular,2025,9,23,1,0,4,2.9583268137057046,1.0416731862942954
Chicken Grill,Chicken,220,Tuesday,Lunch,Regular,2025,3,18,1,0,1,2.9583268137057046,1.9583268137057046
Noodles,Vegetarian,110,Sunday,Dinner,New,2025,6,8,6,1,3,2.962093749897856,0.03790625010214388
Fried Rice,Vegetarian,120,Tuesday,Dinner,Regular,2025,7,15,1,0,2,2.9139699587265446,0.9139699587265446
Chicken Biryani,Chicken,180,Saturday,Breakfast,Regular,2025,2,8,5,1,2,3.069210196786244,1.0692101967862442
Veg Meals,Vegetarian,100,Wednesday,Dinner,New,2025,8,20,2,0,3,2.94088599607962,0.05911400392038013
Chicken Fried Rice,Chicken,160,Wednesday,Dinner,Regular,2025,10,8,2,0,3,2.8143631665772997,0.18563683342270032
Dosa,Vegetarian,50,Sunday,Breakfast,Regular,2025,2,2,6,1,1,3.057313626822512,2.057313626822512
Noodles,Vegetarian,110,Saturday,Dinner,Regular,2025,9,20,5,1,2,3.0109236742049568,1.0109236742049568
Noodles,Vegetarian,110,Wednesday,Lunch,Regular,2025,1,15,2,0,3,2.918483681534802,0.08151631846519791
Veg Biryani,Vegetarian,130,Sunday,Breakfast,New,2025,3,23,6,1,5,3.0937869276343655,1.9062130723656345
Chicken Grill,Chicken,220,Tuesday,Dinner,Regular,2025,2,25,1,0,2,2.9273055920682824,0.9273055920682824
Dosa,Vegetarian,50,Thursday,Dinner,New,2025,5,22,3,0,4,3.061391686232888,0.9386083137671122
Idli,Vegetarian,40,Monday,Dinner,New,2025,8,25,0,0,2,3.087182856060428,1.0871828560604282
Noodles,Vegetarian,110,Thursday,Dinner,New,2025,8,7,3,0,1,3.039335532974717,2.039335532974717
Dosa,Vegetarian,50,Tuesday,Lunch,New,2025,4,15,1,0,1,2.9853682148086076,1.9853682148086076
Idli,Vegetarian,40,Sunday,Dinner,Regular,2025,11,2,6,1,1,3.0550582273345475,2.0550582273345475
Paneer Butter Masala,Vegetarian,170,Thursday,Breakfast,New,2025,8,14,3,0,2,3.2395540755487504,1.2395540755487504
Dosa,Vegetarian,50,Friday,Dinner,Regular,2025,8,1,4,0,5,2.935863476819768,2.064136523180232
Chicken Fried Rice,Chicken,160,Sunday,Lunch,New,2025,2,16,6,1,3,2.920015678215199,0.07998432178480108
Paneer Butter Masala,Vegetarian,170,Tuesday,Lunch,New,2025,3,18,1,0,5,3.08248782377951,1.91751217622049
Paneer Butter Masala,Vegetarian,170,Tuesday,Lunch,Regular,2025,9,30,1,0,1,3.0746087671010343,2.0746087671010343
Noodles,Vegetarian,110,Sunday,Lunch,New,2025,10,26,6,1,3,2.9931149715352783,0.006885028464721721
Veg Meals,Vegetarian,100,Monday,Dinner,Regular,2025,11,17,0,0,4,3.0240047447705507,0.9759952552294493
Dosa,Vegetarian,50,Thursday,Dinner,Regular,2025,1,9,3,0,5,3.0535126295544126,1.9464873704455874
Fried Rice,Vegetarian,120,Friday,Lunch,Regular,2025,5,30,4,0,4,2.934386720691025,1.065613279308975
Chicken Fried Rice,Chicken,160,Friday,Dinner,Regular,2025,11,7,4,0,2,2.840708030241518,0.840708030241518
Veg Meals,Vegetarian,100,Monday,Breakfast,New,2025,12,22,0,0,1,3.1129265817939866,2.1129265817939866
Chicken Noodles,Chicken,150,Wednesday,Dinner,Regular,2025,11,12,2,0,1,2.9180265319479055,1.9180265319479055
Fried Rice,Vegetarian,120,Monday,Dinner,Regular,2025,12,8,0,0,1,2.968018440758791,1.968018440758791
Chicken Biryani,Chicken,180,Friday,Breakfast,Regular,2025,1,10,4,0,2,2.972093846142885,0.9720938461428852
Chicken Grill,Chicken,220,Sunday,Dinner,Regular,2025,6,29,6,1,2,2.957108502053124,0.9571085020531238
Chicken Fried Rice,Chicken,160,Friday,Breakfast,Regular,2025,5,23,4,0,4,2.9217508105864782,1.0782491894135218
Fried Rice,Vegetarian,120,Sunday,Lunch,Regular,2025,6,29,6,1,5,2.974794090348808,2.025205909651192
Veg Biryani,Vegetarian,130,Tuesday,Dinner,Regular,2025,1,14,1,0,2,2.9750621806260886,0.9750621806260886
Noodles,Vegetarian,110,Saturday,Lunch,New,2025,4,12,5,1,2,3.0498239525208546,1.0498239525208546
Veg Meals,Vegetarian,100,Sunday,Lunch,New,2025,6,15,6,1,1,3.038659451039043,2.038659451039043
Chicken Biryani,Chicken,180,Friday,Dinner,New,2025,2,7,4,0,2,2.8989301224763997,0.8989301224763997
Idli,Vegetarian,40,Thursday,Lunch,Regular,2025,12,11,3,0,4,3.1633212320488315,0.8366787679511685
Fried Rice,Vegetarian,120,Thursday,Dinner,Regular,2025,10,23,3,0,2,3.021014651788247,1.021014651788247
Noodles,Vegetarian,110,Sunday,Breakfast,Regular,2025,8,17,6,1,1,3.035257473564341,2.035257473564341
Veg Biryani,Vegetarian,130,Monday,Dinner,Regular,2025,7,14,0,0,3,3.029110662658335,0.029110662658335063
Chicken Grill,Chicken,220,Sunday,Lunch,Regular,2025,12,14,6,1,5,2.988129723690546,2.011870276309454
Chicken 65,Chicken,140,Saturday,Breakfast,New,2025,12,20,5,1,4,2.9991133353917165,1.0008866646082835
Noodles,Vegetarian,110,Wednesday,Lunch,Regular,2025,6,4,2,0,1,2.918483681534802,1.918483681534802
Veg Biryani,Vegetarian,130,Sunday,Breakfast,Regular,2025,1,19,6,1,1,3.0859078709558903,2.0859078709558903
Noodles,Vegetarian,110,Sunday,Breakfast,Regular,2025,9,14,6,1,5,3.035257473564341,1.9647425264356588
Fried Rice,Vegetarian,120,Wednesday,Dinner,Regular,2025,9,17,2,0,1,2.877020635389385,1.877020635389385
Chicken Fried Rice,Chicken,160,Monday,Breakfast,Regular,2025,10,20,0,0,2,2.986403752291667,0.9864037522916669
Chicken Fried Rice,Chicken,160,Sunday,Dinner,Regular,2025,4,20,6,1,4,2.881115399899301,1.118884600100699
Dosa,Vegetarian,50,Thursday,Lunch,Regular,2025,1,9,3,0,2,3.0845338511918348,1.0845338511918348
Chicken Grill,Chicken,220,Friday,Dinner,Regular,2025,11,7,4,0,1,2.9167011323953407,1.9167011323953407
Fried Rice,Vegetarian,120,Sunday,Breakfast,New,2025,8,31,6,1,1,3.032694705734822,2.032694705734822
Idli,Vegetarian,40,Saturday,Dinner,Regular,2025,5,17,5,1,4,3.1117672083201238,0.8882327916798762
Noodles,Vegetarian,110,Friday,Dinner,New,2025,9,26,4,0,5,2.921686380240073,2.078313619759927
Chicken Noodles,Chicken,150,Tuesday,Lunch,New,2025,2,11,1,0,4,2.9938761336009634,1.0061238663990366
Chicken 65,Chicken,140,Thursday,Breakfast,Regular,2025,4,10,3,0,4,3.0117670808045265,0.9882329191954735
Chicken 65,Chicken,140,Wednesday,Breakfast,Regular,2025,8,20,2,0,2,2.867773064405664,0.867773064405664
Chicken Fried Rice,Chicken,160,Wednesday,Breakfast,Regular,2025,10,15,2,0,1,2.8954059469222604,1.8954059469222604
Noodles,Vegetarian,110,Tuesday,Lunch,Regular,2025,3,18,1,0,3,2.9554330048719617,0.0445669951280383
Chicken Grill,Chicken,220,Tuesday,Dinner,Regular,2025,3,4,1,0,1,2.9273055920682824,1.9273055920682824
Idli,Vegetarian,40,Tuesday,Dinner,New,2025,10,7,1,0,1,3.0331343740281818,2.0331343740281818
Chicken 65,Chicken,140,Monday,Lunch,New,2025,7,28,0,0,2,2.9166283677460076,0.9166283677460076
Idli,Vegetarian,40,Sunday,Breakfast,Regular,2025,12,14,6,1,2,3.136101007679508,1.1361010076795082
Veg Biryani,Vegetarian,130,Wednesday,Lunch,Regular,2025,2,26,2,0,5,2.969134078926351,2.030865921073649
Chicken Grill,Chicken,220,Saturday,Lunch,Regular,2025,2,22,5,1,5,3.0448387046761223,1.9551612953238777
Veg Biryani,Vegetarian,130,Thursday,Lunch,Regular,2025,7,17,3,0,2,3.1131280953252136,1.1131280953252136
Chicken Grill,Chicken,220,Sunday,Lunch,New,2025,7,13,6,1,3,2.9960087803690216,0.003991219630978371
Fried Rice,Vegetarian,120,Monday,Lunch,Regular,2025,12,22,0,0,2,2.9990396623962137,0.9990396623962137
Idli,Vegetarian,40,Thursday,Dinner,Regular,2025,2,13,3,0,5,3.132300010411409,1.867699989588591
Chicken Fried Rice,Chicken,160,Monday,Lunch,New,2025,10,6,0,0,2,2.944261250262604,0.944261250262604
Mutton Biryani,Mutton,240,Tuesday,Lunch,Regular,2025,4,1,1,0,1,2.9044850490167042,1.9044850490167042
Dosa,Vegetarian,50,Friday,Lunch,Regular,2025,12,19,4,0,5,2.9668846984571906,2.0331153015428094
Veg Biryani,Vegetarian,130,Friday,Lunch,Regular,2025,12,19,4,0,1,2.995478942590569,1.995478942590569
Dosa,Vegetarian,50,Friday,Lunch,New,2025,1,24,4,0,3,2.974763755135666,0.02523624486433418
Chicken Grill,Chicken,220,Sunday,Dinner,Regular,2025,3,2,6,1,3,2.957108502053124,0.04289149794687619
Veg Meals,Vegetarian,100,Tuesday,Dinner,New,2025,8,26,1,0,5,2.9778353194167795,2.0221646805832205
Idli,Vegetarian,40,Monday,Lunch,New,2025,1,20,0,0,4,3.118204077697851,0.8817959223021492
Fried Rice,Vegetarian,120,Sunday,Lunch,New,2025,7,13,6,1,2,2.982673147027284,0.9826731470272838
Chicken Biryani,Chicken,180,Sunday,Dinner,Regular,2025,2,9,6,1,2,2.9314584354557076,0.9314584354557076
Veg Biryani,Vegetarian,130,Tuesday,Lunch,New,2025,9,23,1,0,2,3.0139624589419864,1.0139624589419864
Parotta,Vegetarian,60,Thursday,Breakfast,Regular,2025,10,23,3,0,3,3.1116858904587694,0.11168589045876942
Veg Meals,Vegetarian,100,Tuesday,Dinner,Regular,2025,12,23,1,0,1,2.9699562627383043,1.9699562627383043
Mutton Biryani,Mutton,240,Saturday,Breakfast,Regular,2025,8,2,5,1,5,3.0410184986946596,1.9589815013053404
Idli,Vegetarian,40,Friday,Dinner,New,2025,2,14,4,0,5,3.02252991435524,1.97747008564476
Paneer Butter Masala,Vegetarian,170,Friday,Breakfast,New,2025,3,7,4,0,3,3.1219049228141063,0.12190492281410625
Chicken 65,Chicken,140,Saturday,Lunch,New,2025,2,8,5,1,3,2.9490917766841784,0.050908223315821566
Chicken Grill,Chicken,220,Tuesday,Dinner,Regular,2025,12,2,1,0,3,2.9273055920682824,0.07269440793171755
Parotta,Vegetarian,60,Friday,Dinner,Regular,2025,6,20,4,0,2,2.912993957379164,0.9129939573791641
Fried Rice,Vegetarian,120,Monday,Dinner,Regular,2025,9,8,0,0,3,2.968018440758791,0.031981559241208934
Noodles,Vegetarian,110,Tuesday,Lunch,Regular,2025,12,30,1,0,3,2.9554330048719617,0.0445669951280383
Parotta,Vegetarian,60,Thursday,Dinner,New,2025,12,18,3,0,5,3.038522166792284,1.961477833207716
Parotta,Vegetarian,60,Monday,Breakfast,New,2025,10,13,0,0,5,3.0665687361077887,1.9334312638922113
Chicken 65,Chicken,140,Wednesday,Dinner,Regular,2025,1,22,2,0,3,2.7867302840607033,0.21326971593929667
Paneer Butter Masala,Vegetarian,170,Wednesday,Dinner,Regular,2025,6,4,2,0,1,3.006638222126452,2.006638222126452
Veg Biryani,Vegetarian,130,Friday,Breakfast,Regular,2025,7,4,4,0,1,3.045500501298107,2.045500501298107
Noodles,Vegetarian,110,Monday,Dinner,Regular,2025,11,3,0,0,4,2.978460265266786,1.021539734733214
Chicken Grill,Chicken,220,Monday,Lunch,Regular,2025,8,25,0,0,3,3.0123752957379515,0.012375295737951486
Noodles,Vegetarian,110,Monday,Lunch,New,2025,9,29,0,0,2,3.017360543582684,1.0173605435826838
Noodles,Vegetarian,110,Wednesday,Lunch,New,2025,4,2,2,0,5,2.9263627382132773,2.0736372617867227
Chicken Fried Rice,Chicken,160,Thursday,Lunch,Regular,2025,4,24,3,0,4,2.9893784046135847,1.0106215953864153
Chicken Fried Rice,Chicken,160,Wednesday,Lunch,Regular,2025,8,27,2,0,1,2.8453843882147223,1.8453843882147223
Paneer Butter Masala,Vegetarian,170,Wednesday,Lunch,Regular,2025,10,22,2,0,5,3.0376594437638746,1.9623405562361254
Veg Meals,Vegetarian,100,Tuesday,Breakfast,New,2025,2,25,1,0,2,3.05887809976174,1.0588780997617402
Noodles,Vegetarian,110,Saturday,Breakfast,New,2025,3,15,5,1,5,3.0998455112283927,1.9001544887716073
Chicken Fried Rice,Chicken,160,Wednesday,Breakfast,New,2025,7,23,2,0,2,2.903285003600736,0.903285003600736
Chicken Grill,Chicken,220,Thursday,Dinner,Regular,2025,7,31,3,0,2,3.034350285129985,1.0343502851299848
Dosa,Vegetarian,50,Saturday,Breakfast,Regular,2025,5,17,5,1,2,3.1140226078080877,1.1140226078080877
Veg Meals,Vegetarian,100,Thursday,Lunch,New,2025,6,12,3,0,3,3.1159012341159045,0.11590123411590447
Chicken Noodles,Chicken,150,Thursday,Lunch,Regular,2025,3,27,3,0,5,3.0930417699841906,1.9069582300158094
Chicken Biryani,Chicken,180,Wednesday,Dinner,New,2025,5,14,2,0,5,2.872585258812182,2.127414741187818
Chicken 65,Chicken,140,Tuesday,Breakfast,Regular,2025,1,28,1,0,1,2.9047223877428237,1.9047223877428237
Dosa,Vegetarian,50,Wednesday,Breakfast,Regular,2025,10,8,2,0,4,2.990561393500511,1.0094386064994891
Chicken Fried Rice,Chicken,160,Sunday,Dinner,New,2025,9,21,6,1,5,2.8889944565777763,2.1110055434222237
Noodles,Vegetarian,110,Friday,Lunch,Regular,2025,2,28,4,0,1,2.94482854519902,1.94482854519902
Veg Meals,Vegetarian,100,Tuesday,Lunch,Regular,2025,1,28,1,0,5,3.0009774843757264,1.9990225156242736
Mutton Biryani,Mutton,240,Wednesday,Lunch,Regular,2025,3,26,2,0,3,2.8675357256795446,0.13246427432045538
Chicken 65,Chicken,140,Monday,Lunch,Regular,2025,10,6,0,0,2,2.9087493110675324,0.9087493110675324
Veg Biryani,Vegetarian,130,Wednesday,Breakfast,Regular,2025,7,23,2,0,1,3.0191556376338893,2.0191556376338893
Parotta,Vegetarian,60,Friday,Dinner,New,2025,6,13,4,0,5,2.9208730140576398,2.0791269859423602
Paneer Butter Masala,Vegetarian,170,Tuesday,Lunch,Regular,2025,10,21,1,0,1,3.0746087671010343,2.0746087671010343
Noodles,Vegetarian,110,Sunday,Lunch,Regular,2025,7,13,6,1,5,2.985235914856803,2.014764085143197
Fried Rice,Vegetarian,120,Monday,Lunch,New,2025,10,20,0,0,2,3.006918719074689,1.0069187190746889
Veg Biryani,Vegetarian,130,Monday,Lunch,Regular,2025,8,4,0,0,1,3.0601318842957577,2.0601318842957577
Chicken Grill,Chicken,220,Monday,Dinner,New,2025,10,13,0,0,1,2.9892331307790045,1.9892331307790045
Paneer Butter Masala,Vegetarian,170,Monday,Dinner,Regular,2025,3,17,0,0,1,3.0976360274958585,2.0976360274958585
Parotta,Vegetarian,60,Tuesday,Dinner,Regular,2025,8,26,1,0,5,2.923598417052106,2.076401582947894
Idli,Vegetarian,40,Tuesday,Breakfast,New,2025,4,8,1,0,3,3.1141771543731425,0.11417715437314246
Chicken Noodles,Chicken,150,Wednesday,Dinner,Regular,2025,7,2,2,0,2,2.9180265319479055,0.9180265319479055
Veg Meals,Vegetarian,100,Tuesday,Dinner,Regular,2025,5,6,1,0,5,2.9699562627383043,2.0300437372616957
Chicken Noodles,Chicken,150,Saturday,Dinner,Regular,2025,12,6,5,1,1,3.041487746255483,2.041487746255483
Paneer Butter Masala,Vegetarian,170,Monday,Breakfast,Regular,2025,1,13,0,0,1,3.1786788078408192,2.1786788078408192
Mutton Biryani,Mutton,240,Tuesday,Lunch,New,2025,12,23,1,0,2,2.9123641056951795,0.9123641056951795
Parotta,Vegetarian,60,Tuesday,Breakfast,Regular,2025,5,20,1,0,5,3.0046411973970666,1.9953588026029334
Chicken Noodles,Chicken,150,Saturday,Lunch,New,2025,1,4,5,1,1,3.0803880245713806,2.0803880245713806
Chicken Fried Rice,Chicken,160,Saturday,Dinner,New,2025,9,6,5,1,3,2.945703437563352,0.05429656243664782
Chicken Fried Rice,Chicken,160,Sunday,Dinner,Regular,2025,12,7,6,1,5,2.881115399899301,2.118884600100699
Idli,Vegetarian,40,Thursday,Breakfast,New,2025,3,20,3,0,1,3.221221847434845,2.221221847434845
Paneer Butter Masala,Vegetarian,170,Friday,Lunch,Regular,2025,7,25,4,0,1,3.0640043074280925,2.0640043074280925
Veg Meals,Vegetarian,100,Sunday,Breakfast,New,2025,4,20,6,1,2,3.0886810097465816,1.0886810097465816
Mutton Biryani,Mutton,240,Wednesday,Lunch,New,2025,6,18,2,0,2,2.87541478235802,0.8754147823580198
Chicken 65,Chicken,140,Tuesday,Lunch,Regular,2025,4,15,1,0,5,2.8547008290352855,2.1452991709647145
Paneer Butter Masala,Vegetarian,170,Thursday,Lunch,New,2025,6,26,3,0,5,3.1895325168412123,1.8104674831587877
Chicken 65,Chicken,140,Saturday,Dinner,New,2025,10,18,5,1,5,2.918070555046756,2.081929444953244
Chicken Fried Rice,Chicken,160,Thursday,Lunch,Regular,2025,8,14,3,0,5,2.9893784046135847,2.0106215953864153
Fried Rice,Vegetarian,120,Monday,Breakfast,New,2025,12,1,0,0,5,3.0569402777822274,1.9430597222177726
Mutton Biryani,Mutton,240,Tuesday,Breakfast,Regular,2025,1,21,1,0,2,2.9545066077242423,0.9545066077242423
Mutton Biryani,Mutton,240,Thursday,Dinner,Regular,2025,12,25,3,0,5,2.9805085204409845,2.0194914795590155
Chicken Grill,Chicken,220,Monday,Dinner,Regular,2025,3,3,0,0,1,2.981354074100529,1.9813540741005289
Mutton Biryani,Mutton,240,Monday,Breakfast,New,2025,4,21,0,0,3,3.0164341464349644,0.016434146434964436
Veg Meals,Vegetarian,100,Thursday,Dinner,Regular,2025,3,27,3,0,1,3.0770009558000067,2.0770009558000067
Chicken Fried Rice,Chicken,160,Saturday,Breakfast,New,2025,4,26,5,1,3,3.026746217908313,0.026746217908312886
Chicken Grill,Chicken,220,Tuesday,Breakfast,Regular,2025,9,9,1,0,2,3.008348372413243,1.0083483724132432
Chicken Grill,Chicken,220,Tuesday,Dinner,New,2025,8,19,1,0,4,2.9351846487467577,1.0648153512532423
Parotta,Vegetarian,60,Monday,Dinner,Regular,2025,6,16,0,0,4,2.9776468990843528,1.0223531009156472
Chicken Noodles,Chicken,150,Thursday,Lunch,New,2025,9,18,3,0,4,3.1009208266626658,0.8990791733373342
Idli,Vegetarian,40,Sunday,Lunch,Regular,2025,12,21,6,1,2,3.08607944897197,1.08607944897197
Veg Biryani,Vegetarian,130,Tuesday,Lunch,Regular,2025,6,17,1,0,2,3.006083402263511,1.0060834022635108
Parotta,Vegetarian,60,Tuesday,Lunch,New,2025,3,11,1,0,4,2.9624986953680037,1.0375013046319963
Noodles,Vegetarian,110,Friday,Lunch,Regular,2025,12,26,4,0,5,2.94482854519902,2.05517145480098
Paneer Butter Masala,Vegetarian,170,Monday,Breakfast,Regular,2025,8,11,0,0,1,3.1786788078408192,2.1786788078408192
Idli,Vegetarian,40,Friday,Dinner,Regular,2025,11,28,4,0,2,3.0146508576767643,1.0146508576767643
Chicken Grill,Chicken,220,Tuesday,Dinner,New,2025,7,15,1,0,3,2.9351846487467577,0.06481535125324234
Veg Biryani,Vegetarian,130,Saturday,Dinner,New,2025,4,19,5,1,3,3.069453128274981,0.06945312827498107
Chicken Noodles,Chicken,150,Sunday,Dinner,Regular,2025,3,9,6,1,4,2.9847787652699065,1.0152212347300935
Chicken 65,Chicken,140,Sunday,Breakfast,Regular,2025,3,30,6,1,2,2.934525297727665,0.934525297727665
Parotta,Vegetarian,60,Friday,Dinner,New,2025,10,17,4,0,1,2.9208730140576398,1.9208730140576398
Chicken 65,Chicken,140,Tuesday,Dinner,Regular,2025,9,16,1,0,2,2.8236796073978634,0.8236796073978634
Chicken Grill,Chicken,220,Friday,Dinner,Regular,2025,11,14,4,0,2,2.9167011323953407,0.9167011323953407
Parotta,Vegetarian,60,Tuesday,Lunch,Regular,2025,5,20,1,0,1,2.9546196386895285,1.9546196386895285
Chicken 65,Chicken,140,Sunday,Dinner,Regular,2025,1,26,6,1,3,2.8534825173827043,0.1465174826172957
Veg Meals,Vegetarian,100,Tuesday,Dinner,Regular,2025,12,23,1,0,1,2.9699562627383043,1.9699562627383043
Chicken Biryani,Chicken,180,Friday,Lunch,Regular,2025,9,5,4,0,5,2.922072287435347,2.077927712564653
Veg Biryani,Vegetarian,130,Friday,Lunch,New,2025,7,18,4,0,4,3.0033579992690442,0.9966420007309558
Idli,Vegetarian,40,Monday,Lunch,Regular,2025,12,29,0,0,3,3.1103250210193756,0.11032502101937558
Chicken Noodles,Chicken,150,Saturday,Breakfast,Regular,2025,2,22,5,1,3,3.1225305266004435,0.1225305266004435
Dosa,Vegetarian,50,Wednesday,Breakfast,New,2025,7,16,2,0,2,2.998440450178986,0.9984404501789861
Mutton Biryani,Mutton,240,Friday,Dinner,Regular,2025,7,18,4,0,1,2.86285936770634,1.8628593677063399
Parotta,Vegetarian,60,Saturday,Lunch,Regular,2025,11,29,5,1,1,3.0411315296599457,2.0411315296599457
Chicken 65,Chicken,140,Thursday,Dinner,New,2025,1,23,3,0,1,2.938603357138041,1.938603357138041
Paneer Butter Masala,Vegetarian,170,Friday,Dinner,Regular,2025,5,2,4,0,4,3.0329830857906703,0.9670169142093297
Chicken Noodles,Chicken,150,Sunday,Lunch,New,2025,3,2,6,1,2,3.0236790435858043,1.0236790435858043
Chicken Fried Rice,Chicken,160,Monday,Dinner,New,2025,1,27,0,0,3,2.913240028625182,0.08675997137481817
Paneer Butter Masala,Vegetarian,170,Tuesday,Lunch,New,2025,11,25,1,0,4,3.08248782377951,0.9175121762204901
Chicken Noodles,Chicken,150,Sunday,Lunch,Regular,2025,6,1,6,1,1,3.015799986907329,2.015799986907329
Chicken Noodles,Chicken,150,Wednesday,Lunch,New,2025,10,22,2,0,3,2.9569268102638033,0.04307318973619667
Idli,Vegetarian,40,Friday,Dinner,New,2025,12,19,4,0,5,3.02252991435524,1.97747008564476
Parotta,Vegetarian,60,Sunday,Lunch,Regular,2025,11,23,6,1,5,2.98442254867437,2.01557745132563
Noodles,Vegetarian,110,Thursday,Lunch,New,2025,5,8,3,0,1,3.0703567546121397,2.0703567546121397
Mutton Biryani,Mutton,240,Thursday,Lunch,Regular,2025,1,2,3,0,2,3.011529742078407,1.011529742078407
Chicken Biryani,Chicken,180,Monday,Dinner,Regular,2025,4,7,0,0,1,2.955704007503113,1.9557040075031131
Parotta,Vegetarian,60,Wednesday,Breakfast,New,2025,9,17,2,0,1,2.975570930738382,1.9755709307383822
Veg Biryani,Vegetarian,130,Thursday,Dinner,Regular,2025,7,3,3,0,1,3.082106873687791,2.082106873687791
Chicken Biryani,Chicken,180,Thursday,Dinner,Regular,2025,1,16,3,0,3,3.008700218532569,0.008700218532569082
Parotta,Vegetarian,60,Saturday,Dinner,New,2025,4,19,5,1,1,3.0179893647009988,2.0179893647009988
Chicken Grill,Chicken,220,Saturday,Lunch,Regular,2025,2,1,5,1,4,3.0448387046761223,0.9551612953238777
Fried Rice,Vegetarian,120,Friday,Dinner,Regular,2025,10,31,4,0,1,2.903365499053603,1.9033654990536029
Chicken Grill,Chicken,220,Sunday,Lunch,Regular,2025,7,20,6,1,4,2.988129723690546,1.011870276309454
Noodles,Vegetarian,110,Thursday,Lunch,Regular,2025,8,28,3,0,4,3.0624776979336645,0.9375223020663355
Chicken Biryani,Chicken,180,Sunday,Lunch,Regular,2025,9,7,6,1,5,2.96247965709313,2.03752034290687
Veg Biryani,Vegetarian,130,Thursday,Breakfast,Regular,2025,7,3,3,0,3,3.1631496540327517,0.16314965403275172
Chicken Grill,Chicken,220,Friday,Dinner,Regular,2025,12,5,4,0,5,2.9167011323953407,2.0832988676046593
Noodles,Vegetarian,110,Friday,Lunch,Regular,2025,9,26,4,0,4,2.94482854519902,1.05517145480098
Idli,Vegetarian,40,Monday,Dinner,New,2025,7,21,0,0,2,3.087182856060428,1.0871828560604282
Noodles,Vegetarian,110,Friday,Lunch,Regular,2025,2,28,4,0,1,2.94482854519902,1.94482854519902
Chicken 65,Chicken,140,Thursday,Breakfast,Regular,2025,8,7,3,0,5,3.0117670808045265,1.9882329191954735
Chicken Fried Rice,Chicken,160,Thursday,Lunch,Regular,2025,6,12,3,0,3,2.9893784046135847,0.010621595386415272
Veg Biryani,Vegetarian,130,Monday,Breakfast,Regular,2025,12,15,0,0,5,3.1101534430032958,1.8898465569967042
Mutton Biryani,Mutton,240,Sunday,Lunch,Regular,2025,6,1,6,1,3,2.9342879590015456,0.0657120409984544
Chicken 65,Chicken,140,Wednesday,Breakfast,Regular,2025,2,12,2,0,2,2.867773064405664,0.867773064405664
Noodles,Vegetarian,110,Wednesday,Lunch,Regular,2025,1,15,2,0,1,2.918483681534802,1.918483681534802
Chicken Biryani,Chicken,180,Thursday,Dinner,New,2025,11,13,3,0,5,3.0165792752110443,1.9834207247889557
Chicken Noodles,Chicken,150,Thursday,Lunch,New,2025,9,11,3,0,1,3.1009208266626658,2.1009208266626658
Veg Biryani,Vegetarian,130,Saturday,Dinner,Regular,2025,8,2,5,1,4,3.061574071596506,0.9384259284034941
Veg Biryani,Vegetarian,130,Wednesday,Dinner,Regular,2025,8,13,2,0,3,2.9381128572889286,0.06188714271107143
Paneer Butter Masala,Vegetarian,170,Sunday,Lunch,Regular,2025,3,16,6,1,4,3.1044116770858756,0.8955883229141244
Paneer Butter Masala,Vegetarian,170,Saturday,Lunch,New,2025,4,26,5,1,4,3.168999714749927,0.8310002852500729
Chicken 65,Chicken,140,Monday,Dinner,Regular,2025,3,17,0,0,1,2.87772808943011,1.8777280894301098
Chicken 65,Chicken,140,Tuesday,Breakfast,New,2025,5,6,1,0,4,2.9126014444212993,1.0873985555787007
Veg Meals,Vegetarian,100,Friday,Lunch,New,2025,4,4,4,0,3,2.99825208138126,0.0017479186187401297
Mutton Biryani,Mutton,240,Tuesday,Dinner,Regular,2025,7,1,1,0,2,2.8734638273792816,0.8734638273792816
Idli,Vegetarian,40,Monday,Breakfast,New,2025,9,1,0,0,1,3.168225636405389,2.168225636405389
Chicken Grill,Chicken,220,Friday,Dinner,New,2025,2,7,4,0,2,2.924580189073816,0.9245801890738159
Noodles,Vegetarian,110,Thursday,Lunch,New,2025,5,8,3,0,4,3.0703567546121397,0.9296432453878603
Parotta,Vegetarian,60,Friday,Dinner,New,2025,12,5,4,0,1,2.9208730140576398,1.9208730140576398
Mutton Biryani,Mutton,240,Monday,Dinner,Regular,2025,9,29,0,0,5,2.9275123094115285,2.0724876905884715
Dosa,Vegetarian,50,Tuesday,Lunch,Regular,2025,2,18,1,0,2,2.9774891581301324,0.9774891581301324
Veg Biryani,Vegetarian,130,Thursday,Lunch,Regular,2025,10,23,3,0,2,3.1131280953252136,1.1131280953252136
Fried Rice,Vegetarian,120,Saturday,Dinner,Regular,2025,8,9,5,1,1,3.000481849696962,2.000481849696962
Chicken Fried Rice,Chicken,160,Friday,Breakfast,Regular,2025,12,26,4,0,2,2.9217508105864782,0.9217508105864782
Dosa,Vegetarian,50,Thursday,Breakfast,New,2025,8,28,3,0,4,3.1424344665778485,0.8575655334221515
Dosa,Vegetarian,50,Saturday,Breakfast,New,2025,7,12,5,1,2,3.121901664486563,1.121901664486563
Chicken Fried Rice,Chicken,160,Friday,Lunch,New,2025,11,21,4,0,2,2.879608308557416,0.8796083085574158
Chicken Noodles,Chicken,150,Thursday,Breakfast,Regular,2025,8,21,3,0,4,3.1430633286917287,0.8569366713082713
Fried Rice,Vegetarian,120,Wednesday,Lunch,Regular,2025,6,4,2,0,1,2.908041857026807,1.9080418570268072
Mutton Biryani,Mutton,240,Wednesday,Lunch,New,2025,9,3,2,0,5,2.87541478235802,2.12458521764198
Chicken 65,Chicken,140,Thursday,Lunch,New,2025,9,4,3,0,1,2.9696245787754636,1.9696245787754636
Chicken Noodles,Chicken,150,Thursday,Breakfast,Regular,2025,9,11,3,0,1,3.1430633286917287,2.1430633286917287
Idli,Vegetarian,40,Tuesday,Breakfast,Regular,2025,2,25,1,0,4,3.106298097694667,0.8937019023053332
Mutton Biryani,Mutton,240,Thursday,Lunch,New,2025,9,4,3,0,5,3.0194087987568823,1.9805912012431177
Veg Biryani,Vegetarian,130,Thursday,Dinner,New,2025,11,20,3,0,2,3.0899859303662662,1.0899859303662662
Noodles,Vegetarian,110,Thursday,Lunch,New,2025,7,3,3,0,2,3.0703567546121397,1.0703567546121397
Fried Rice,Vegetarian,120,Saturday,Lunch,Regular,2025,12,20,5,1,2,3.0315030713343845,1.0315030713343845
Idli,Vegetarian,40,Saturday,Lunch,New,2025,3,8,5,1,5,3.1506674866360216,1.8493325133639784
Paneer Butter Masala,Vegetarian,170,Tuesday,Dinner,Regular,2025,7,15,1,0,5,3.043587545463612,1.956412454536388
Dosa,Vegetarian,50,Thursday,Dinner,Regular,2025,1,16,3,0,4,3.0535126295544126,0.9464873704455874
Idli,Vegetarian,40,Sunday,Lunch,Regular,2025,8,31,6,1,1,3.08607944897197,2.08607944897197
Veg Meals,Vegetarian,100,Friday,Lunch,New,2025,11,21,4,0,1,2.99825208138126,1.9982520813812599
Dosa,Vegetarian,50,Thursday,Breakfast,Regular,2025,2,20,3,0,4,3.134555409899373,0.8654445901006271
Paneer Butter Masala,Vegetarian,170,Sunday,Lunch,New,2025,4,20,6,1,5,3.1122907337643513,1.8877092662356487
Veg Biryani,Vegetarian,130,Wednesday,Lunch,Regular,2025,6,25,2,0,4,2.969134078926351,1.0308659210736488
Veg Biryani,Vegetarian,130,Wednesday,Dinner,New,2025,6,4,2,0,4,2.9459919139674042,1.0540080860325958
Chicken Noodles,Chicken,150,Wednesday,Dinner,Regular,2025,10,8,2,0,1,2.9180265319479055,1.9180265319479055
Parotta,Vegetarian,60,Sunday,Lunch,New,2025,6,29,6,1,2,2.992301605352845,0.9923016053528451
Noodles,Vegetarian,110,Monday,Breakfast,New,2025,9,22,0,0,5,3.067382102290222,1.932617897709778
Idli,Vegetarian,40,Sunday,Lunch,New,2025,10,26,6,1,5,3.0939585056504453,1.9060414943495547
Paneer Butter Masala,Vegetarian,170,Sunday,Dinner,Regular,2025,11,23,6,1,4,3.0733904554484535,0.9266095445515465
Chicken Fried Rice,Chicken,160,Wednesday,Lunch,Regular,2025,1,15,2,0,5,2.8453843882147223,2.1546156117852777
Chicken Biryani,Chicken,180,Saturday,Dinner,Regular,2025,12,6,5,1,4,2.9881674164412835,1.0118325835587165
Veg Biryani,Vegetarian,130,Wednesday,Breakfast,New,2025,4,23,2,0,3,3.0270346943123645,0.027034694312364493
Dosa,Vegetarian,50,Monday,Lunch,Regular,2025,4,7,0,0,5,3.031537640162379,1.9684623598376212
Noodles,Vegetarian,110,Thursday,Dinner,Regular,2025,3,6,3,0,4,3.031456476296242,0.9685435237037581
Noodles,Vegetarian,110,Monday,Lunch,New,2025,11,24,0,0,1,3.017360543582684,2.017360543582684
Chicken Fried Rice,Chicken,160,Friday,Dinner,New,2025,9,12,4,0,3,2.848587086919993,0.15141291308000682
Chicken Noodles,Chicken,150,Saturday,Dinner,Regular,2025,10,11,5,1,5,3.041487746255483,1.9585122537445172
Parotta,Vegetarian,60,Tuesday,Breakfast,New,2025,12,30,1,0,2,3.0125202540755422,1.0125202540755422
Chicken Noodles,Chicken,150,Thursday,Breakfast,Regular,2025,3,6,3,0,5,3.1430633286917287,1.8569366713082713
Chicken Biryani,Chicken,180,Tuesday,Dinner,New,2025,4,8,1,0,5,2.909534582149342,2.090465417850658
Chicken 65,Chicken,140,Sunday,Lunch,Regular,2025,1,5,6,1,4,2.884503739020127,1.115496260979873
Veg Biryani,Vegetarian,130,Monday,Lunch,Regular,2025,11,3,0,0,5,3.0601318842957577,1.9398681157042423
Veg Meals,Vegetarian,100,Tuesday,Lunch,Regular,2025,5,13,1,0,2,3.0009774843757264,1.0009774843757264
Noodles,Vegetarian,110,Tuesday,Dinner,New,2025,2,11,1,0,1,2.9322908399130148,1.9322908399130148
Idli,Vegetarian,40,Saturday,Lunch,Regular,2025,6,7,5,1,4,3.142788429957546,0.8572115700424541
Chicken 65,Chicken,140,Tuesday,Dinner,Regular,2025,1,7,1,0,4,2.8236796073978634,1.1763203926021366
Veg Meals,Vegetarian,100,Saturday,Dinner,Regular,2025,11,1,5,1,4,3.0564681537087215,0.9435318462912785
Chicken Biryani,Chicken,180,Tuesday,Lunch,New,2025,9,2,1,0,4,2.940555803786764,1.059444196213236
Idli,Vegetarian,40,Saturday,Dinner,Regular,2025,1,11,5,1,1,3.1117672083201238,2.1117672083201238
Veg Biryani,Vegetarian,130,Saturday,Dinner,Regular,2025,12,27,5,1,3,3.061574071596506,0.06157407159650585
Paneer Butter Masala,Vegetarian,170,Wednesday,Breakfast,New,2025,7,9,2,0,4,3.0955600591498884,0.9044399408501116
Chicken Biryani,Chicken,180,Monday,Lunch,Regular,2025,10,20,0,0,2,2.9867252291405353,0.9867252291405353
Mutton Biryani,Mutton,240,Sunday,Dinner,New,2025,12,14,6,1,5,2.9111457940425987,2.0888542059574013
Chicken Noodles,Chicken,150,Sunday,Breakfast,New,2025,4,27,6,1,1,3.073700602293343,2.073700602293343
Veg Biryani,Vegetarian,130,Tuesday,Lunch,Regular,2025,4,29,1,0,2,3.006083402263511,1.0060834022635108
Paneer Butter Masala,Vegetarian,170,Wednesday,Lunch,Regular,2025,4,23,2,0,1,3.0376594437638746,2.0376594437638746
Chicken Grill,Chicken,220,Sunday,Lunch,Regular,2025,5,4,6,1,3,2.988129723690546,0.011870276309454031
Veg Meals,Vegetarian,100,Friday,Lunch,New,2025,5,30,4,0,2,2.99825208138126,0.9982520813812599
Fried Rice,Vegetarian,120,Monday,Lunch,Regular,2025,2,3,0,0,3,2.9990396623962137,0.000960337603786332
Veg Biryani,Vegetarian,130,Thursday,Lunch,New,2025,6,19,3,0,2,3.121007152003689,1.1210071520036888
Chicken Biryani,Chicken,180,Sunday,Lunch,New,2025,8,10,6,1,1,2.9703587137716054,1.9703587137716054
Veg Meals,Vegetarian,100,Thursday,Breakfast,Regular,2025,12,11,3,0,1,3.1580437361449674,2.1580437361449674
Veg Biryani,Vegetarian,130,Thursday,Breakfast,Regular,2025,2,13,3,0,4,3.1631496540327517,0.8368503459672483
Fried Rice,Vegetarian,120,Sunday,Dinner,Regular,2025,10,5,6,1,2,2.943772868711386,0.943772868711386
Paneer Butter Masala,Vegetarian,170,Saturday,Lunch,Regular,2025,2,15,5,1,4,3.161120658071452,0.8388793419285481
Parotta,Vegetarian,60,Sunday,Dinner,New,2025,2,2,6,1,5,2.9612803837154225,2.0387196162845775
Veg Meals,Vegetarian,100,Sunday,Lunch,New,2025,4,20,6,1,3,3.038659451039043,0.038659451039043
Noodles,Vegetarian,110,Saturday,Dinner,Regular,2025,6,28,5,1,1,3.0109236742049568,2.0109236742049568
Fried Rice,Vegetarian,120,Wednesday,Lunch,New,2025,12,10,2,0,2,2.915920913705283,0.9159209137052828
Paneer Butter Masala,Vegetarian,170,Wednesday,Dinner,New,2025,8,6,2,0,4,3.0145172788049277,0.9854827211950723
Chicken Grill,Chicken,220,Friday,Lunch,Regular,2025,4,25,4,0,4,2.947722354032763,1.0522776459672372
Dosa,Vegetarian,50,Monday,Dinner,Regular,2025,3,17,0,0,1,3.0005164185249567,2.0005164185249567
Chicken 65,Chicken,140,Sunday,Dinner,Regular,2025,9,14,6,1,5,2.8534825173827043,2.1465174826172957
Parotta,Vegetarian,60,Thursday,Dinner,New,2025,4,24,3,0,4,3.038522166792284,0.9614778332077161
Chicken Fried Rice,Chicken,160,Sunday,Dinner,Regular,2025,9,21,6,1,3,2.881115399899301,0.1188846001006989
Noodles,Vegetarian,110,Saturday,Dinner,Regular,2025,12,6,5,1,3,3.0109236742049568,0.010923674204956768
Veg Meals,Vegetarian,100,Saturday,Breakfast,Regular,2025,1,11,5,1,1,3.137510934053682,2.137510934053682
Idli,Vegetarian,40,Monday,Dinner,New,2025,4,14,0,0,3,3.087182856060428,0.0871828560604282
Paneer Butter Masala,Vegetarian,170,Tuesday,Breakfast,New,2025,5,27,1,0,4,3.132509382487048,0.867490617512952
Chicken 65,Chicken,140,Tuesday,Breakfast,Regular,2025,7,15,1,0,5,2.9047223877428237,2.0952776122571763
Idli,Vegetarian,40,Sunday,Breakfast,Regular,2025,5,11,6,1,4,3.136101007679508,0.8638989923204918
Mutton Biryani,Mutton,240,Tuesday,Lunch,New,2025,1,7,1,0,5,2.9123641056951795,2.0876358943048205
Chicken Fried Rice,Chicken,160,Monday,Dinner,Regular,2025,2,3,0,0,4,2.905360971946706,1.0946390280532938
Chicken Fried Rice,Chicken,160,Sunday,Lunch,New,2025,4,6,6,1,4,2.920015678215199,1.079984321784801
Fried Rice,Vegetarian,120,Friday,Dinner,Regular,2025,8,1,4,0,2,2.903365499053603,0.9033654990536029
Chicken Grill,Chicken,220,Wednesday,Lunch,Regular,2025,8,27,2,0,3,2.921377490368545,0.078622509631455
Fried Rice,Vegetarian,120,Saturday,Dinner,Regular,2025,8,23,5,1,2,3.000481849696962,1.0004818496969619
Fried Rice,Vegetarian,120,Sunday,Dinner,Regular,2025,5,25,6,1,3,2.943772868711386,0.05622713128861401
Chicken Grill,Chicken,220,Wednesday,Lunch,Regular,2025,10,1,2,0,4,2.921377490368545,1.078622509631455
Veg Meals,Vegetarian,100,Tuesday,Breakfast,Regular,2025,9,23,1,0,5,3.0509990430832645,1.9490009569167355
Chicken Grill,Chicken,220,Sunday,Lunch,New,2025,3,2,6,1,4,2.9960087803690216,1.0039912196309784
Fried Rice,Vegetarian,120,Saturday,Dinner,Regular,2025,1,18,5,1,1,3.000481849696962,2.000481849696962
Dosa,Vegetarian,50,Sunday,Dinner,New,2025,12,7,6,1,1,2.9841499031560264,1.9841499031560264
Idli,Vegetarian,40,Saturday,Dinner,New,2025,8,9,5,1,2,3.119646264998599,1.119646264998599
Veg Biryani,Vegetarian,130,Monday,Lunch,Regular,2025,8,18,0,0,4,3.0601318842957577,0.9398681157042423
Chicken Noodles,Chicken,150,Thursday,Lunch,New,2025,5,22,3,0,2,3.1009208266626658,1.1009208266626658
Chicken Biryani,Chicken,180,Tuesday,Breakfast,Regular,2025,7,22,1,0,3,2.982698305815827,0.017301694184173044
Fried Rice,Vegetarian,120,Tuesday,Dinner,Regular,2025,1,14,1,0,2,2.9139699587265446,0.9139699587265446
Chicken Noodles,Chicken,150,Saturday,Dinner,Regular,2025,12,20,5,1,5,3.041487746255483,1.9585122537445172
Idli,Vegetarian,40,Friday,Lunch,Regular,2025,12,26,4,0,1,3.045672079314187,2.045672079314187
Paneer Butter Masala,Vegetarian,170,Monday,Dinner,New,2025,3,10,0,0,4,3.105515084174334,0.8944849158256658
Parotta,Vegetarian,60,Thursday,Breakfast,Regular,2025,4,3,3,0,5,3.1116858904587694,1.8883141095412306
Chicken Biryani,Chicken,180,Wednesday,Lunch,New,2025,11,5,2,0,4,2.9036064804496045,1.0963935195503955
Chicken 65,Chicken,140,Tuesday,Lunch,Regular,2025,6,17,1,0,3,2.8547008290352855,0.14529917096471445
Parotta,Vegetarian,60,Wednesday,Dinner,Regular,2025,11,19,2,0,1,2.8866490937149463,1.8866490937149463
Noodles,Vegetarian,110,Wednesday,Dinner,New,2025,12,10,2,0,1,2.895341516575855,1.8953415165758551
Chicken Noodles,Chicken,150,Wednesday,Lunch,Regular,2025,6,18,2,0,2,2.949047753585328,0.9490477535853281
Chicken 65,Chicken,140,Saturday,Dinner,New,2025,8,23,5,1,1,2.918070555046756,1.9180705550467558
Mutton Biryani,Mutton,240,Friday,Lunch,New,2025,7,18,4,0,2,2.9017596460222377,0.9017596460222377
Chicken Noodles,Chicken,150,Wednesday,Breakfast,Regular,2025,5,21,2,0,3,2.999069312292866,0.0009306877071337816
